rank,base_product,suggested_product,recommendation_basis,commercial_review,location_priority_bucket,location_proximity,priority_bucket,score,base_customer_count,base_order_count,base_product_last_seen_date,base_product_orders_last_12m,base_product_live_title,base_product_url,base_product_url_confidence,base_product_locality,base_product_country,base_product_continent,suggested_customer_count,suggested_product_last_seen_date,suggested_product_orders_last_12m,suggested_product_recent_activity_weight,suggested_product_live_title,suggested_product_url,suggested_product_url_match_score,suggested_product_url_match_gap,suggested_product_url_confidence,suggested_product_locality,suggested_product_country,suggested_product_continent,overlap_customer_count,later_customer_count,later_customer_weighted_12m,post_purchase_rate,same_order_count,same_order_weighted_12m,same_order_rate,phi_coefficient,lift,recency_weighted_score,confidence_flag,suggested_product_url_clean
1,Watch Flamengo at Maracanã: Ti…,FIFA Street football court exp…,later_lifecycle,approved_same_city,0,same_city,3,20.579062,429,437,2026-04-12,437,Watch Flamengo at Maracanã: Ticket + Matchday Experience with a Local!,https://homefans.com/product/flamengo-live-at-maracana-stadium/,high,Rio de Janeiro,Brazil,South America,1,2025-11-27,1,1.624658,FIFA Street football court experience + Favela tour,https://homefans.com/product/fifa-street-football-court-experience-favela-tour/?utm_source=klaviyo&utm_medium=email&utm_campaign=post_purchase_upsell&utm_content=upsell_suggestion_1,2.653,1.356,high,Rio de Janeiro,Brazil,South America,1,1,1.624658,0.002331,0,0.0,0.0,0.045708,9.622378,20.579062,medium,https://homefans.com/product/fifa-street-football-court-experience-favela-tour/
2,Watch Flamengo at Maracanã: Ti…,BOTAFOGO MATCHDAY EXPERIENCE,lifetime_overlap,approved_same_city,0,same_city,4,10.692235,429,437,2026-04-12,437,Watch Flamengo at Maracanã: Ticket + Matchday Experience with a Local!,https://homefans.com/product/flamengo-live-at-maracana-stadium/,high,Rio de Janeiro,Brazil,South America,2,2026-04-13,3,5.624658,BOTAFOGO MATCHDAY EXPERIENCE,https://homefans.com/product/botafogo-matchday-experience-2/?utm_source=klaviyo&utm_medium=email&utm_campaign=post_purchase_upsell&utm_content=upsell_suggestion_2,2.665,0.275,high,Rio de Janeiro,Brazil,South America,1,0,0.0,0.0,0,0.0,0.0,0.028576,4.811189,10.692235,low,https://homefans.com/product/botafogo-matchday-experience-2/
3,Watch Flamengo at Maracanã: Ti…,See Fluminense like a local at…,later_lifecycle,approved_same_city,0,same_city,5,455.54698,429,437,2026-04-12,437,Watch Flamengo at Maracanã: Ticket + Matchday Experience with a Local!,https://homefans.com/product/flamengo-live-at-maracana-stadium/,high,Rio de Janeiro,Brazil,South America,419,2026-04-13,427,695.83289,See Fluminense like a local at Maracanã Stadium,https://homefans.com/product/watch-fluminense-live-at-maracana-stadium/?utm_source=klaviyo&utm_medium=email&utm_campaign=post_purchase_upsell&utm_content=upsell_suggestion_3,2.732,1.547,high,Rio de Janeiro,Brazil,South America,3,2,3.479452,0.004662,0,0.0,0.0,-0.106577,0.068895,455.54698,medium,https://homefans.com/product/watch-fluminense-live-at-maracana-stadium/
1,See Fluminense like a local at…,Watch Flamengo at Maracanã: Ti…,later_lifecycle,approved_same_city,0,same_city,5,444.314697,419,427,2026-04-13,427,See Fluminense like a local at Maracanã Stadium,https://homefans.com/product/watch-fluminense-live-at-maracana-stadium/,high,Rio de Janeiro,Brazil,South America,429,2026-04-12,437,689.797273,Watch Flamengo at Maracanã: Ticket + Matchday Experience with a Local!,https://homefans.com/product/flamengo-live-at-maracana-stadium/?utm_source=klaviyo&utm_medium=email&utm_campaign=post_purchase_upsell&utm_content=upsell_suggestion_1,2.452,0.712,high,Rio de Janeiro,Brazil,South America,3,1,1.819178,0.002387,0,0.0,0.0,-0.106577,0.068895,444.314697,medium,https://homefans.com/product/flamengo-live-at-maracana-stadium/
2,See Fluminense like a local at…,Botafogo Matchday Experience w…,later_lifecycle,approved_same_city,0,same_city,5,209.470619,419,427,2026-04-13,427,See Fluminense like a local at Maracanã Stadium,https://homefans.com/product/watch-fluminense-live-at-maracana-stadium/,high,Rio de Janeiro,Brazil,South America,167,2026-04-13,168,269.446588,BOTAFOGO MATCHDAY EXPERIENCE,https://homefans.com/product/botafogo-matchday-experience-2/?utm_source=klaviyo&utm_medium=email&utm_campaign=post_purchase_upsell&utm_content=upsell_suggestion_2,2.631,0.251,high,Rio de Janeiro,Brazil,South America,4,3,4.942466,0.00716,0,0.0,0.0,-0.052728,0.235977,209.470619,medium,https://homefans.com/product/botafogo-matchday-experience-2/
3,See Fluminense like a local at…,Flamengo Matchday Adventure -…,later_lifecycle,approved_same_city,0,same_city,5,190.118853,419,427,2026-04-13,427,See Fluminense like a local at Maracanã Stadium,https://homefans.com/product/watch-fluminense-live-at-maracana-stadium/,high,Rio de Janeiro,Brazil,South America,169,2026-04-13,169,253.136988,Flamengo Matchday Adventure – Experience our Atmosphere!,https://homefans.com/product/flamengo-matchday-experience-2/?utm_source=klaviyo&utm_medium=email&utm_campaign=post_purchase_upsell&utm_content=upsell_suggestion_3,2.486,0.926,high,Rio de Janeiro,Brazil,South America,2,2,3.487671,0.004773,0,0.0,0.0,-0.061347,0.116592,190.118853,medium,https://homefans.com/product/flamengo-matchday-experience-2/
1,Boca Juniors Matchday Like a L…,Experience River Plate Matchda…,later_lifecycle,approved_same_city,0,same_city,1,217.721441,184,185,2026-04-13,185,Boca Juniors Matchday Like a Local at La Bombonera – Long Side Seats with Transport,https://homefans.com/product/boca-juniors-matchday-experience-4/,high,Buenos Aires,Argentina,South America,125,2026-04-13,128,200.791785,Experience River Plate Matchday like a local at El Monumental – Shortside Seats,https://homefans.com/product/river-plate-matchday-experience/?utm_source=klaviyo&utm_medium=email&utm_campaign=post_purchase_upsell&utm_content=upsell_suggestion_1,2.118,0.5,high,Buenos Aires,Argentina,South America,13,5,8.715068,0.027174,1,1.356164,0.005405,0.050887,2.333217,217.721441,high,https://homefans.com/product/river-plate-matchday-experience/
2,Boca Juniors Matchday Like a L…,Racing Club Local Matchday Exp…,later_lifecycle,approved_same_city,0,same_city,1,88.927824,184,185,2026-04-13,185,Boca Juniors Matchday Like a Local at La Bombonera – Long Side Seats with Transport,https://homefans.com/product/boca-juniors-matchday-experience-4/,high,Buenos Aires,Argentina,South America,41,2026-04-07,43,68.778082,Racing Club Local Matchday Experience,https://homefans.com/product/racing-club-local-matchday-experience/?utm_source=klaviyo&utm_medium=email&utm_campaign=post_purchase_upsell&utm_content=upsell_suggestion_2,2.32,0.695,high,Buenos Aires,Argentina,South America,4,3,5.191781,0.016304,0,0.0,0.0,0.025717,2.188759,88.927824,high,https://homefans.com/product/racing-club-local-matchday-experience/
3,Boca Juniors Matchday Like a L…,CA Independiente Local Matchda…,later_lifecycle,approved_same_city,0,same_city,1,76.642617,184,185,2026-04-13,185,Boca Juniors Matchday Like a Local at La Bombonera – Long Side Seats with Transport,https://homefans.com/product/boca-juniors-matchday-experience-4/,high,Buenos Aires,Argentina,South America,41,2026-04-13,41,69.630138,CA Independiente Local Matchday Experience,https://homefans.com/product/independiente-local-matchday-experience/?utm_source=klaviyo&utm_medium=email&utm_campaign=post_purchase_upsell&utm_content=upsell_suggestion_3,2.148,0.922,high,Buenos Aires,Argentina,South America,4,2,3.446575,0.01087,0,0.0,0.0,0.025717,2.188759,76.642617,high,https://homefans.com/product/independiente-local-matchday-experience/
1,⭐ Best Rated | Flamengo Matchd…,Botafogo FR Matchday Experienc…,later_lifecycle,approved_same_city,0,same_city,3,26.577011,179,187,2026-04-13,187,"⭐ Best Rated | Flamengo Matchday at Maracanã – Tickets, Pre Match Experience & Local Host",https://homefans.com/product/flamengo-match-day-experience-tour/,high,Rio de Janeiro,Brazil,South America,12,2026-03-13,12,17.441097,Botafogo FR Matchday Experience,https://homefans.com/product/botafogo-fr-matchday-experience/?utm_source=klaviyo&utm_medium=email&utm_campaign=post_purchase_upsell&utm_content=upsell_suggestion_1,2.329,0.564,high,Rio de Janeiro,Brazil,South America,1,1,1.221918,0.005587,0,0.0,0.0,0.010597,1.921788,26.577011,medium,https://homefans.com/product/botafogo-fr-matchday-experience/
2,⭐ Best Rated | Flamengo Matchd…,Brazil Game Experience at Mara…,later_lifecycle,approved_same_city,0,same_city,3,21.443001,179,187,2026-04-13,187,"⭐ Best Rated | Flamengo Matchday at Maracanã – Tickets, Pre Match Experience & Local Host",https://homefans.com/product/flamengo-match-day-experience-tour/,high,Rio de Janeiro,Brazil,South America,1,2025-08-17,1,1.345205,Brazil Game Experience at Maracanã Stadium with a Local Fan,https://homefans.com/product/brazil-game-experience-at-maracana-stadium-with-a-local-fan/?utm_source=klaviyo&utm_medium=email&utm_campaign=post_purchase_upsell&utm_content=upsell_suggestion_2,2.425,0.934,high,Rio de Janeiro,Brazil,South America,1,1,1.345205,0.005587,0,0.0,0.0,0.073114,23.061453,21.443001,medium,https://homefans.com/product/brazil-game-experience-at-maracana-stadium-with-a-local-fan/
3,⭐ Best Rated | Flamengo Matchd…,Botafogo Matchday Experience w…,later_lifecycle,approved_same_city,0,same_city,5,209.273267,179,187,2026-04-13,187,"⭐ Best Rated | Flamengo Matchday at Maracanã – Tickets, Pre Match Experience & Local Host",https://homefans.com/product/flamengo-match-day-experience-tour/,high,Rio de Janeiro,Brazil,South America,167,2026-04-13,168,269.446588,BOTAFOGO MATCHDAY EXPERIENCE,https://homefans.com/product/botafogo-matchday-experience-2/?utm_source=klaviyo&utm_medium=email&utm_campaign=post_purchase_upsell&utm_content=upsell_suggestion_3,2.631,0.251,high,Rio de Janeiro,Brazil,South America,3,3,5.035617,0.01676,0,0.0,0.0,-0.025605,0.414278,209.273267,medium,https://homefans.com/product/botafogo-matchday-experience-2/
1,🏆 Top Rated | Fluminense Match…,Flamengo Matchday with Transpo…,later_lifecycle,approved_same_city,0,same_city,3,37.842007,174,178,2026-04-10,178,🏆 Top Rated | Fluminense Matchday Experience,https://homefans.com/product/see-fluminense-live-in-the-iconic-maracana/,high,Rio de Janeiro,Brazil,South America,20,2026-04-09,20,34.561642,Flamengo Matchday with Transport & Long Side seats,https://homefans.com/product/flamengos-game-at-maracana-stadium/?utm_source=klaviyo&utm_medium=email&utm_campaign=post_purchase_upsell&utm_content=upsell_suggestion_1,2.0,0.487,high,Rio de Janeiro,Brazil,South America,1,1,1.619178,0.005747,0,0.0,0.0,0.002726,1.186207,37.842007,medium,https://homefans.com/product/flamengos-game-at-maracana-stadium/
2,🏆 Top Rated | Fluminense Match…,Botafogo FR Matchday Experienc…,lifetime_overlap,approved_same_city,0,same_city,4,16.51987,174,178,2026-04-10,178,🏆 Top Rated | Fluminense Matchday Experience,https://homefans.com/product/see-fluminense-live-in-the-iconic-maracana/,high,Rio de Janeiro,Brazil,South America,12,2026-03-13,12,17.441097,Botafogo FR Matchday Experience,https://homefans.com/product/botafogo-fr-matchday-experience/?utm_source=klaviyo&utm_medium=email&utm_campaign=post_purchase_upsell&utm_content=upsell_suggestion_2,2.329,0.564,high,Rio de Janeiro,Brazil,South America,1,0,0.0,0.0,0,0.0,0.0,0.011066,1.977011,16.51987,low,https://homefans.com/product/botafogo-fr-matchday-experience/
3,🏆 Top Rated | Fluminense Match…,Vasco da Gama Match Experience,lifetime_overlap,approved_same_city,0,same_city,4,12.207662,174,178,2026-04-10,178,🏆 Top Rated | Fluminense Matchday Experience,https://homefans.com/product/see-fluminense-live-in-the-iconic-maracana/,high,Rio de Janeiro,Brazil,South America,5,2026-03-26,5,7.646575,Vasco da Gama Match Experience,https://homefans.com/product/vasco-da-gama-match-experience-the-most-hostile-ground-as-a-local/?utm_source=klaviyo&utm_medium=email&utm_campaign=post_purchase_upsell&utm_content=upsell_suggestion_3,2.955,0.386,high,Rio de Janeiro,Brazil,South America,1,0,0.0,0.0,0,0.0,0.0,0.027357,4.744828,12.207662,low,https://homefans.com/product/vasco-da-gama-match-experience-the-most-hostile-ground-as-a-local/
1,Flamengo Matchday Adventure -…,Santa Marta Favela Tour,later_lifecycle,approved_same_city,0,same_city,3,21.860982,169,169,2026-04-13,169,Flamengo Matchday Adventure – Experience our Atmosphere!,https://homefans.com/product/flamengo-matchday-experience-2/,high,Rio de Janeiro,Brazil,South America,5,2026-02-11,5,7.649315,"Santa Marta Favela Tour, Football Game w/ Locals & Traditional Lunch",https://homefans.com/product/santa-marta-favela-tour-football-game-w-locals-traditional-lunch/?utm_source=klaviyo&utm_medium=email&utm_campaign=post_purchase_upsell&utm_content=upsell_suggestion_1,2.714,0.115,high,Rio de Janeiro,Brazil,South America,1,1,1.260274,0.005917,0,0.0,0.0,0.027954,4.885207,21.860982,medium,https://homefans.com/product/santa-marta-favela-tour-football-game-w-locals-traditional-lunch/
2,Flamengo Matchday Adventure -…,Botafogo Matchday Experience w…,later_lifecycle,approved_same_city,0,same_city,5,181.459174,169,169,2026-04-13,169,Flamengo Matchday Adventure – Experience our Atmosphere!,https://homefans.com/product/flamengo-matchday-experience-2/,high,Rio de Janeiro,Brazil,South America,167,2026-04-13,168,269.446588,BOTAFOGO MATCHDAY EXPERIENCE,https://homefans.com/product/botafogo-matchday-experience-2/?utm_source=klaviyo&utm_medium=email&utm_campaign=post_purchase_upsell&utm_content=upsell_suggestion_2,2.631,0.251,high,Rio de Janeiro,Brazil,South America,2,1,1.317808,0.005917,0,0.0,0.0,-0.030013,0.292527,181.459174,medium,https://homefans.com/product/botafogo-matchday-experience-2/
3,Flamengo Matchday Adventure -…,SE Palmeiras Matchday Experien…,later_lifecycle,approved_same_country,1,same_country,5,82.134744,169,169,2026-04-13,169,Flamengo Matchday Adventure – Experience our Atmosphere!,https://homefans.com/product/flamengo-matchday-experience-2/,high,Rio de Janeiro,Brazil,South America,57,2026-04-13,57,87.380826,SE Palmeiras Matchday Experience with local fan,https://homefans.com/product/se-palmeiras-matchday-experience/?utm_source=klaviyo&utm_medium=email&utm_campaign=post_purchase_upsell&utm_content=upsell_suggestion_3,2.122,0.691,high,São Paulo,Brazil,South America,2,2,2.736987,0.011834,0,0.0,0.0,-0.003495,0.857054,82.134744,medium,https://homefans.com/product/se-palmeiras-matchday-experience/
1,Botafogo Matchday Experience w…,Vasco da Gama Match Experience,later_lifecycle,approved_same_city,0,same_city,3,24.385047,167,168,2026-04-13,168,BOTAFOGO MATCHDAY EXPERIENCE,https://homefans.com/product/botafogo-matchday-experience-2/,high,Rio de Janeiro,Brazil,South America,5,2026-03-26,5,7.646575,Vasco da Gama Match Experience,https://homefans.com/product/vasco-da-gama-match-experience-the-most-hostile-ground-as-a-local/?utm_source=klaviyo&utm_medium=email&utm_campaign=post_purchase_upsell&utm_content=upsell_suggestion_1,2.955,0.386,high,Rio de Janeiro,Brazil,South America,1,1,1.616438,0.005988,0,0.0,0.0,0.028199,4.943713,24.385047,medium,https://homefans.com/product/vasco-da-gama-match-experience-the-most-hostile-ground-as-a-local/
2,Botafogo Matchday Experience w…,Santa Marta Favela Tour,later_lifecycle,approved_same_city,0,same_city,3,23.176327,167,168,2026-04-13,168,BOTAFOGO MATCHDAY EXPERIENCE,https://homefans.com/product/botafogo-matchday-experience-2/,high,Rio de Janeiro,Brazil,South America,5,2026-02-11,5,7.649315,"Santa Marta Favela Tour, Football Game w/ Locals & Traditional Lunch",https://homefans.com/product/santa-marta-favela-tour-football-game-w-locals-traditional-lunch/?utm_source=klaviyo&utm_medium=email&utm_campaign=post_purchase_upsell&utm_content=upsell_suggestion_2,2.714,0.115,high,Rio de Janeiro,Brazil,South America,1,1,1.517808,0.005988,0,0.0,0.0,0.028199,4.943713,23.176327,medium,https://homefans.com/product/santa-marta-favela-tour-football-game-w-locals-traditional-lunch/
3,Botafogo Matchday Experience w…,Watch Flamengo at Maracanã: Ti…,later_lifecycle,approved_same_city,0,same_city,5,443.06729,167,168,2026-04-13,168,BOTAFOGO MATCHDAY EXPERIENCE,https://homefans.com/product/botafogo-matchday-experience-2/,high,Rio de Janeiro,Brazil,South America,429,2026-04-12,437,689.797273,Watch Flamengo at Maracanã: Ticket + Matchday Experience with a Local!,https://homefans.com/product/flamengo-live-at-maracana-stadium/?utm_source=klaviyo&utm_medium=email&utm_campaign=post_purchase_upsell&utm_content=upsell_suggestion_3,2.452,0.712,high,Rio de Janeiro,Brazil,South America,3,1,1.523288,0.005988,0,0.0,0.0,-0.057839,0.172857,443.06729,medium,https://homefans.com/product/flamengo-live-at-maracana-stadium/
1,Fluminense Matchday Experience…,Vasco da Gama Match Experience,later_lifecycle,approved_same_city,0,same_city,3,24.514632,158,162,2026-04-12,162,Fluminense Matchday Experience – Long Side Seats,https://homefans.com/product/fluminense-matchday-experience-short-side-seats/,high,Rio de Janeiro,Brazil,South America,5,2026-03-26,5,7.646575,Vasco da Gama Match Experience,https://homefans.com/product/vasco-da-gama-match-experience-the-most-hostile-ground-as-a-local/?utm_source=klaviyo&utm_medium=email&utm_campaign=post_purchase_upsell&utm_content=upsell_suggestion_1,2.955,0.386,high,Rio de Janeiro,Brazil,South America,1,1,1.616438,0.006329,0,0.0,0.0,0.029354,5.225316,24.514632,medium,https://homefans.com/product/vasco-da-gama-match-experience-the-most-hostile-ground-as-a-local/
2,Fluminense Matchday Experience…,Botafogo Matchday Experience w…,later_lifecycle,approved_same_city,0,same_city,5,194.594148,158,162,2026-04-12,162,Fluminense Matchday Experience – Long Side Seats,https://homefans.com/product/fluminense-matchday-experience-short-side-seats/,high,Rio de Janeiro,Brazil,South America,167,2026-04-13,168,269.446588,BOTAFOGO MATCHDAY EXPERIENCE,https://homefans.com/product/botafogo-matchday-experience-2/?utm_source=klaviyo&utm_medium=email&utm_campaign=post_purchase_upsell&utm_content=upsell_suggestion_2,2.631,0.251,high,Rio de Janeiro,Brazil,South America,2,2,3.136986,0.012658,0,0.0,0.0,-0.028146,0.312893,194.594148,medium,https://homefans.com/product/botafogo-matchday-experience-2/
3,Fluminense Matchday Experience…,Flamengo Matchday Adventure -…,later_lifecycle,approved_same_city,0,same_city,5,175.28472,158,162,2026-04-12,162,Fluminense Matchday Experience – Long Side Seats,https://homefans.com/product/fluminense-matchday-experience-short-side-seats/,high,Rio de Janeiro,Brazil,South America,169,2026-04-13,169,253.136988,Flamengo Matchday Adventure – Experience our Atmosphere!,https://homefans.com/product/flamengo-matchday-experience-2/?utm_source=klaviyo&utm_medium=email&utm_campaign=post_purchase_upsell&utm_content=upsell_suggestion_3,2.486,0.926,high,Rio de Janeiro,Brazil,South America,1,1,1.50411,0.006329,0,0.0,0.0,-0.034846,0.154595,175.28472,low,https://homefans.com/product/flamengo-matchday-experience-2/
1,Flamengo Matchday Experience (…,Botafogo Matchday Experience w…,later_lifecycle,approved_same_city,0,same_city,5,179.98889,152,153,2026-04-10,153,Flamengo Matchday Experience (Short Side seats),https://homefans.com/product/flamengo-matchday-experience/,high,Rio de Janeiro,Brazil,South America,167,2026-04-13,168,269.446588,BOTAFOGO MATCHDAY EXPERIENCE,https://homefans.com/product/botafogo-matchday-experience-2/?utm_source=klaviyo&utm_medium=email&utm_campaign=post_purchase_upsell&utm_content=upsell_suggestion_1,2.631,0.251,high,Rio de Janeiro,Brazil,South America,1,1,1.276712,0.006579,0,0.0,0.0,-0.033618,0.162622,179.98889,low,https://homefans.com/product/botafogo-matchday-experience-2/
2,Flamengo Matchday Experience (…,Flamengo Matchday Adventure -…,later_lifecycle,approved_same_city,0,same_city,5,177.612963,152,153,2026-04-10,153,Flamengo Matchday Experience (Short Side seats),https://homefans.com/product/flamengo-matchday-experience/,high,Rio de Janeiro,Brazil,South America,169,2026-04-13,169,253.136988,Flamengo Matchday Adventure – Experience our Atmosphere!,https://homefans.com/product/flamengo-matchday-experience-2/?utm_source=klaviyo&utm_medium=email&utm_campaign=post_purchase_upsell&utm_content=upsell_suggestion_2,2.486,0.926,high,Rio de Janeiro,Brazil,South America,1,1,1.967123,0.006579,0,0.0,0.0,-0.033905,0.160698,177.612963,low,https://homefans.com/product/flamengo-matchday-experience-2/
1,Experience River Plate Matchda…,Boca Juniors Matchday Like a L…,later_lifecycle,approved_same_city,0,same_city,1,301.519389,125,128,2026-04-13,128,Experience River Plate Matchday like a local at El Monumental – Shortside Seats,https://homefans.com/product/river-plate-matchday-experience/,high,Buenos Aires,Argentina,South America,184,2026-04-13,185,297.326031,Boca Juniors Matchday Like a Local at La Bombonera – Long Side Seats with Transport,https://homefans.com/product/boca-juniors-matchday-experience-4/?utm_source=klaviyo&utm_medium=email&utm_campaign=post_purchase_upsell&utm_content=upsell_suggestion_1,2.438,0.254,high,Buenos Aires,Argentina,South America,13,7,12.021918,0.056,1,1.356164,0.007812,0.050887,2.333217,301.519389,high,https://homefans.com/product/boca-juniors-matchday-experience-4/
2,Experience River Plate Matchda…,CA Independiente Local Matchda…,later_lifecycle,approved_same_city,0,same_city,1,163.518292,125,128,2026-04-13,128,Experience River Plate Matchday like a local at El Monumental – Shortside Seats,https://homefans.com/product/river-plate-matchday-experience/,high,Buenos Aires,Argentina,South America,41,2026-04-13,41,69.630138,CA Independiente Local Matchday Experience,https://homefans.com/product/independiente-local-matchday-experience/?utm_source=klaviyo&utm_medium=email&utm_campaign=post_purchase_upsell&utm_content=upsell_suggestion_2,2.148,0.922,high,Buenos Aires,Argentina,South America,9,7,12.410959,0.056,1,1.756164,0.007812,0.110605,7.249171,163.518292,high,https://homefans.com/product/independiente-local-matchday-experience/
3,Experience River Plate Matchda…,Velez Sarsfield like a local:…,later_lifecycle,approved_same_city,0,same_city,1,99.569707,125,128,2026-04-13,128,Experience River Plate Matchday like a local at El Monumental – Shortside Seats,https://homefans.com/product/river-plate-matchday-experience/,high,Buenos Aires,Argentina,South America,45,2026-04-06,46,78.10411,Velez Sarsfield like a local: Matchday!,https://homefans.com/product/velez-sarsfield-like-a-local-matchday/?utm_source=klaviyo&utm_medium=email&utm_campaign=post_purchase_upsell&utm_content=upsell_suggestion_3,2.771,0.91,high,Buenos Aires,Argentina,South America,5,2,3.917809,0.016,1,1.756164,0.007812,0.04952,3.669333,99.569707,high,https://homefans.com/product/velez-sarsfield-like-a-local-matchday/
1,Boca Juniors Popular Matchday…,San Lorenzo Matchday Experienc…,later_lifecycle,approved_same_city,0,same_city,3,54.906769,86,86,2026-04-05,86,Boca Juniors Popular Matchday Experience (Standing Section),https://homefans.com/product/boca-juniors-matchday-experience/,high,Buenos Aires,Argentina,South America,37,2026-04-13,39,63.816441,San Lorenzo Matchday Experience,https://homefans.com/product/san-lorenzo-matchday-experience/?utm_source=klaviyo&utm_medium=email&utm_campaign=post_purchase_upsell&utm_content=upsell_suggestion_1,2.595,0.055,high,Buenos Aires,Argentina,South America,1,1,1.460274,0.011628,0,0.0,0.0,0.004124,1.297297,54.906769,medium,https://homefans.com/product/san-lorenzo-matchday-experience/
2,Boca Juniors Popular Matchday…,Buenos Aires: CA Huracán Match…,later_lifecycle,approved_same_city,0,same_city,3,44.196487,86,86,2026-04-05,86,Boca Juniors Popular Matchday Experience (Standing Section),https://homefans.com/product/boca-juniors-matchday-experience/,high,Buenos Aires,Argentina,South America,25,2026-04-09,26,40.641094,Buenos Aires: CA Huracán Matchday Experience,https://homefans.com/product/huracan-experience-standing-spots/?utm_source=klaviyo&utm_medium=email&utm_campaign=post_purchase_upsell&utm_content=upsell_suggestion_2,3.304,1.185,high,Buenos Aires,Argentina,South America,1,1,1.890411,0.011628,0,0.0,0.0,0.010475,1.92,44.196487,medium,https://homefans.com/product/huracan-experience-standing-spots/
3,Boca Juniors Popular Matchday…,Velez Sarsfield like a local:…,lifetime_overlap,approved_same_city,0,same_city,4,51.702071,86,86,2026-04-05,86,Boca Juniors Popular Matchday Experience (Standing Section),https://homefans.com/product/boca-juniors-matchday-experience/,high,Buenos Aires,Argentina,South America,45,2026-04-06,46,78.10411,Velez Sarsfield like a local: Matchday!,https://homefans.com/product/velez-sarsfield-like-a-local-matchday/?utm_source=klaviyo&utm_medium=email&utm_campaign=post_purchase_upsell&utm_content=upsell_suggestion_3,2.771,0.91,high,Buenos Aires,Argentina,South America,1,0,0.0,0.0,0,0.0,0.0,0.001021,1.066667,51.702071,low,https://homefans.com/product/velez-sarsfield-like-a-local-matchday/
1,Vasco da Gama Matchday Experie…,Fluminense FC Matchday Experie…,later_lifecycle,approved_same_city,0,same_city,3,58.340654,78,78,2026-04-13,78,Vasco da Gama Matchday Experience,https://homefans.com/product/vasco-da-gama-matchday-experience-4/,high,Rio de Janeiro,Brazil,South America,44,2026-03-19,44,68.506851,Fluminense FC Matchday Experience – Short Side seats & Local Guide,https://homefans.com/product/fluminense-fc-matchday-experience/?utm_source=klaviyo&utm_medium=email&utm_campaign=post_purchase_upsell&utm_content=upsell_suggestion_1,1.965,0.43,high,Rio de Janeiro,Brazil,South America,1,1,1.389041,0.012821,0,0.0,0.0,0.002921,1.202797,58.340654,medium,https://homefans.com/product/fluminense-fc-matchday-experience/
2,Vasco da Gama Matchday Experie…,Flamengo Matchday Like a Local…,lifetime_overlap,approved_same_city,0,same_city,4,35.268661,78,78,2026-04-13,78,Vasco da Gama Matchday Experience,https://homefans.com/product/vasco-da-gama-matchday-experience-4/,high,Rio de Janeiro,Brazil,South America,29,2026-04-12,29,48.558905,Flamengo Matchday Like a Local | Long Side Tickets & Guide,https://homefans.com/product/watch-flamengo-at-maracana/?utm_source=klaviyo&utm_medium=email&utm_campaign=post_purchase_upsell&utm_content=upsell_suggestion_2,2.357,0.246,high,Rio de Janeiro,Brazil,South America,1,0,0.0,0.0,0,0.0,0.0,0.009629,1.824934,35.268661,low,https://homefans.com/product/watch-flamengo-at-maracana/
3,Vasco da Gama Matchday Experie…,Flamengo Matchday with Transpo…,lifetime_overlap,approved_same_city,0,same_city,4,27.183454,78,78,2026-04-13,78,Vasco da Gama Matchday Experience,https://homefans.com/product/vasco-da-gama-matchday-experience-4/,high,Rio de Janeiro,Brazil,South America,20,2026-04-09,20,34.561642,Flamengo Matchday with Transport & Long Side seats,https://homefans.com/product/flamengos-game-at-maracana-stadium/?utm_source=klaviyo&utm_medium=email&utm_campaign=post_purchase_upsell&utm_content=upsell_suggestion_3,2.0,0.487,high,Rio de Janeiro,Brazil,South America,1,0,0.0,0.0,0,0.0,0.0,0.01594,2.646154,27.183454,low,https://homefans.com/product/flamengos-game-at-maracana-stadium/
1,Argentinos Juniors Matchday Ex…,River Plate Matchday Experienc…,later_lifecycle,approved_same_city,0,same_city,1,98.815042,70,70,2026-04-06,70,Argentinos Juniors Matchday Experience & Museum tour,https://homefans.com/product/diego-armando-maradona-stadium-behind-the-scenes-matchday-experience/,high,Buenos Aires,Argentina,South America,64,2026-04-11,64,103.358908,River Plate Matchday Experience – short side,https://homefans.com/product/see-river-plate-live-in-el-monumental/?utm_source=klaviyo&utm_medium=email&utm_campaign=post_purchase_upsell&utm_content=upsell_suggestion_1,2.369,0.048,high,Buenos Aires,Argentina,South America,4,2,3.342466,0.028571,0,0.0,0.0,0.044266,3.685714,98.815042,high,https://homefans.com/product/see-river-plate-live-in-el-monumental/
2,Argentinos Juniors Matchday Ex…,Watch a game at Huracán - Toma…,later_lifecycle,approved_same_city,0,same_city,1,88.005118,70,70,2026-04-06,70,Argentinos Juniors Matchday Experience & Museum tour,https://homefans.com/product/diego-armando-maradona-stadium-behind-the-scenes-matchday-experience/,high,Buenos Aires,Argentina,South America,49,2026-04-13,51,82.87945,Watch a game at Huracán – Tomas Ducó stadium!,https://homefans.com/product/watch-a-game-at-huracan-at-tomas-duco-stadium/?utm_source=klaviyo&utm_medium=email&utm_campaign=post_purchase_upsell&utm_content=upsell_suggestion_2,2.205,1.22,high,Buenos Aires,Argentina,South America,4,2,3.728767,0.028571,0,0.0,0.0,0.054903,4.813994,88.005118,high,https://homefans.com/product/watch-a-game-at-huracan-at-tomas-duco-stadium/
3,Argentinos Juniors Matchday Ex…,Velez Sarsfield like a local:…,later_lifecycle,approved_same_city,0,same_city,1,83.390176,70,70,2026-04-06,70,Argentinos Juniors Matchday Experience & Museum tour,https://homefans.com/product/diego-armando-maradona-stadium-behind-the-scenes-matchday-experience/,high,Buenos Aires,Argentina,South America,45,2026-04-06,46,78.10411,Velez Sarsfield like a local: Matchday!,https://homefans.com/product/velez-sarsfield-like-a-local-matchday/?utm_source=klaviyo&utm_medium=email&utm_campaign=post_purchase_upsell&utm_content=upsell_suggestion_3,2.771,0.91,high,Buenos Aires,Argentina,South America,3,2,3.808219,0.028571,0,0.0,0.0,0.040419,3.931429,83.390176,high,https://homefans.com/product/velez-sarsfield-like-a-local-matchday/
1,São Paulo FC Matchday Experien…,Palmeiras Matchday Experience…,later_lifecycle,approved_same_city,0,same_city,3,57.894508,69,69,2026-04-10,69,São Paulo FC Matchday Experience,https://homefans.com/product/sao-paulo-fc-matchday-experience/,high,São Paulo,Brazil,South America,40,2026-04-13,40,62.50685,Palmeiras Matchday Experience at Allianz Parque,https://homefans.com/product/palmeiras-match-day-experience-tour/?utm_source=klaviyo&utm_medium=email&utm_campaign=post_purchase_upsell&utm_content=upsell_suggestion_1,2.419,0.243,high,São Paulo,Brazil,South America,2,1,1.424658,0.014493,0,0.0,0.0,0.025682,2.991304,57.894508,medium,https://homefans.com/product/palmeiras-match-day-experience-tour/
2,São Paulo FC Matchday Experien…,Experience a Corinthians game…,later_lifecycle,approved_same_city,0,same_city,3,40.58088,69,69,2026-04-10,69,São Paulo FC Matchday Experience,https://homefans.com/product/sao-paulo-fc-matchday-experience/,high,São Paulo,Brazil,South America,20,2026-04-09,20,32.90411,Experience a Corinthians game with a local fan at Arena Corinthians,https://homefans.com/product/experience-a-corinthians-game-with-a-local-fan-at-arena-corinthians/?utm_source=klaviyo&utm_medium=email&utm_campaign=post_purchase_upsell&utm_content=upsell_suggestion_2,2.215,0.821,high,São Paulo,Brazil,South America,1,1,1.961644,0.014493,0,0.0,0.0,0.018116,2.991304,40.58088,medium,https://homefans.com/product/experience-a-corinthians-game-with-a-local-fan-at-arena-corinthians/
3,São Paulo FC Matchday Experien…,Santa Marta Favela Tour,later_lifecycle,approved_same_country,1,same_country,3,24.097542,69,69,2026-04-10,69,São Paulo FC Matchday Experience,https://homefans.com/product/sao-paulo-fc-matchday-experience/,high,São Paulo,Brazil,South America,5,2026-02-11,5,7.649315,"Santa Marta Favela Tour, Football Game w/ Locals & Traditional Lunch",https://homefans.com/product/santa-marta-favela-tour-football-game-w-locals-traditional-lunch/?utm_source=klaviyo&utm_medium=email&utm_campaign=post_purchase_upsell&utm_content=upsell_suggestion_3,2.714,0.115,high,Rio de Janeiro,Brazil,South America,1,1,1.260274,0.014493,0,0.0,0.0,0.049786,11.965217,24.097542,medium,https://homefans.com/product/santa-marta-favela-tour-football-game-w-locals-traditional-lunch/
1,Boca Juniors Matchday Experien…,Racing Club Local Matchday Exp…,later_lifecycle,approved_same_city,0,same_city,1,86.586723,68,70,2026-04-12,70,Boca Juniors Matchday Experience – Special VIP Box Seats!,https://homefans.com/product/boca-juniors-matchday-experience-3/,medium,Buenos Aires,Argentina,South America,41,2026-04-07,43,68.778082,Racing Club Local Matchday Experience,https://homefans.com/product/racing-club-local-matchday-experience/?utm_source=klaviyo&utm_medium=email&utm_campaign=post_purchase_upsell&utm_content=upsell_suggestion_1,2.32,0.695,high,Buenos Aires,Argentina,South America,3,3,4.610959,0.044118,0,0.0,0.0,0.044615,4.441894,86.586723,high,https://homefans.com/product/racing-club-local-matchday-experience/
2,Boca Juniors Matchday Experien…,Estudiantes de La Plata VIP Ma…,later_lifecycle,approved_same_city,0,same_city,1,39.196196,68,70,2026-04-12,70,Boca Juniors Matchday Experience – Special VIP Box Seats!,https://homefans.com/product/boca-juniors-matchday-experience-3/,medium,Buenos Aires,Argentina,South America,5,2025-10-27,5,7.334246,Estudiantes de La Plata VIP Matchday Experience,https://homefans.com/product/estudiantes-de-la-plata-match-day-experience/?utm_source=klaviyo&utm_medium=email&utm_campaign=post_purchase_upsell&utm_content=upsell_suggestion_2,3.063,1.671,high,Buenos Aires,Argentina,South America,2,2,3.035616,0.029412,0,0.0,0.0,0.104929,24.282353,39.196196,high,https://homefans.com/product/estudiantes-de-la-plata-match-day-experience/
3,Boca Juniors Matchday Experien…,🏆 Top Rated Boca Experience |…,later_lifecycle,approved_same_city,0,same_city,3,68.393999,68,70,2026-04-12,70,Boca Juniors Matchday Experience – Special VIP Box Seats!,https://homefans.com/product/boca-juniors-matchday-experience-3/,medium,Buenos Aires,Argentina,South America,48,2026-04-06,50,84.227398,🏆 Top Rated Boca Experience | Premium Seats | Full Transfer,https://homefans.com/product/boca-juniors-matchday-experience-lower-sector-few-meters-from-the-field/?utm_source=klaviyo&utm_medium=email&utm_campaign=post_purchase_upsell&utm_content=upsell_suggestion_3,2.288,0.967,high,Buenos Aires,Argentina,South America,1,1,1.786301,0.014706,0,0.0,0.0,0.003716,1.264706,68.393999,medium,https://homefans.com/product/boca-juniors-matchday-experience-lower-sector-few-meters-from-the-field/
1,River Plate Matchday Experienc…,Argentinos Juniors Matchday Ex…,later_lifecycle,approved_same_city,0,same_city,1,107.367599,64,64,2026-04-11,64,River Plate Matchday Experience – short side,https://homefans.com/product/see-river-plate-live-in-el-monumental/,high,Buenos Aires,Argentina,South America,70,2026-04-06,70,118.808219,Argentinos Juniors Matchday Experience & Museum tour,https://homefans.com/product/diego-armando-maradona-stadium-behind-the-scenes-matchday-experience/?utm_source=klaviyo&utm_medium=email&utm_campaign=post_purchase_upsell&utm_content=upsell_suggestion_1,2.404,0.806,high,Buenos Aires,Argentina,South America,4,2,3.413699,0.03125,0,0.0,0.0,0.044266,3.685714,107.367599,high,https://homefans.com/product/diego-armando-maradona-stadium-behind-the-scenes-matchday-experience/
2,River Plate Matchday Experienc…,San Lorenzo Matchday Experienc…,later_lifecycle,approved_same_city,0,same_city,1,73.710453,64,64,2026-04-11,64,River Plate Matchday Experience – short side,https://homefans.com/product/see-river-plate-live-in-el-monumental/,high,Buenos Aires,Argentina,South America,37,2026-04-13,39,63.816441,San Lorenzo Matchday Experience,https://homefans.com/product/san-lorenzo-matchday-experience/?utm_source=klaviyo&utm_medium=email&utm_campaign=post_purchase_upsell&utm_content=upsell_suggestion_2,2.595,0.055,high,Buenos Aires,Argentina,South America,3,2,3.410959,0.03125,0,0.0,0.0,0.050479,5.22973,73.710453,high,https://homefans.com/product/san-lorenzo-matchday-experience/
3,River Plate Matchday Experienc…,Watch a game at Huracán - Toma…,later_lifecycle,approved_same_city,0,same_city,3,68.152576,64,64,2026-04-11,64,River Plate Matchday Experience – short side,https://homefans.com/product/see-river-plate-live-in-el-monumental/,high,Buenos Aires,Argentina,South America,49,2026-04-13,51,82.87945,Watch a game at Huracán – Tomas Ducó stadium!,https://homefans.com/product/watch-a-game-at-huracan-at-tomas-duco-stadium/?utm_source=klaviyo&utm_medium=email&utm_campaign=post_purchase_upsell&utm_content=upsell_suggestion_3,2.205,1.22,high,Buenos Aires,Argentina,South America,1,1,1.739726,0.015625,0,0.0,0.0,0.004351,1.316327,68.152576,medium,https://homefans.com/product/watch-a-game-at-huracan-at-tomas-duco-stadium/
1,Corinthians Paulista Matchday…,SE Palmeiras Matchday Experien…,later_lifecycle,approved_same_city,0,same_city,3,69.98563,60,63,2026-04-11,63,Corinthians Paulista Matchday Experience with local,https://homefans.com/product/sport-club-corinthians-matchday-experience/,high,São Paulo,Brazil,South America,57,2026-04-13,57,87.380826,SE Palmeiras Matchday Experience with local fan,https://homefans.com/product/se-palmeiras-matchday-experience/?utm_source=klaviyo&utm_medium=email&utm_campaign=post_purchase_upsell&utm_content=upsell_suggestion_1,2.122,0.691,high,São Paulo,Brazil,South America,1,1,1.213699,0.016667,0,0.0,0.0,0.002975,1.207018,69.98563,medium,https://homefans.com/product/se-palmeiras-matchday-experience/
2,Corinthians Paulista Matchday…,⭐ Best Rated | Flamengo Matchd…,later_lifecycle,approved_same_country,1,same_country,5,199.984184,60,63,2026-04-11,63,Corinthians Paulista Matchday Experience with local,https://homefans.com/product/sport-club-corinthians-matchday-experience/,high,São Paulo,Brazil,South America,179,2026-04-13,187,308.391772,"⭐ Best Rated | Flamengo Matchday at Maracanã – Tickets, Pre Match Experience & Local Host",https://homefans.com/product/flamengo-match-day-experience-tour/?utm_source=klaviyo&utm_medium=email&utm_campaign=post_purchase_upsell&utm_content=upsell_suggestion_2,1.745,0.708,high,Rio de Janeiro,Brazil,South America,1,1,1.232877,0.016667,0,0.0,0.0,-0.015918,0.384358,199.984184,low,https://homefans.com/product/flamengo-match-day-experience-tour/
3,Corinthians Paulista Matchday…,🏆 Top Rated | Fluminense Match…,later_lifecycle,approved_same_country,1,same_country,5,194.399122,60,63,2026-04-11,63,Corinthians Paulista Matchday Experience with local,https://homefans.com/product/sport-club-corinthians-matchday-experience/,high,São Paulo,Brazil,South America,174,2026-04-10,178,290.660276,🏆 Top Rated | Fluminense Matchday Experience,https://homefans.com/product/see-fluminense-live-in-the-iconic-maracana/?utm_source=klaviyo&utm_medium=email&utm_campaign=post_purchase_upsell&utm_content=upsell_suggestion_3,2.316,1.079,high,Rio de Janeiro,Brazil,South America,1,1,1.890411,0.016667,0,0.0,0.0,-0.015403,0.395402,194.399122,low,https://homefans.com/product/see-fluminense-live-in-the-iconic-maracana/
1,SE Palmeiras Matchday Experien…,Watch São Paulo FC Live at Mor…,later_lifecycle,approved_same_city,0,same_city,3,37.282388,57,57,2026-04-13,57,SE Palmeiras Matchday Experience with local fan,https://homefans.com/product/se-palmeiras-matchday-experience/,high,São Paulo,Brazil,South America,21,2026-04-08,21,32.863015,Watch São Paulo FC Live at MorumBIS Stadium,https://homefans.com/product/watch-sao-paulo-fc-live-at-morumbis-stadium/?utm_source=klaviyo&utm_medium=email&utm_campaign=post_purchase_upsell&utm_content=upsell_suggestion_1,3.216,0.969,high,São Paulo,Brazil,South America,1,1,1.178082,0.017544,0,0.0,0.0,0.020718,3.448622,37.282388,medium,https://homefans.com/product/watch-sao-paulo-fc-live-at-morumbis-stadium/
2,SE Palmeiras Matchday Experien…,Corinthians Paulista Matchday…,lifetime_overlap,approved_same_city,0,same_city,4,66.550239,57,57,2026-04-13,57,SE Palmeiras Matchday Experience with local fan,https://homefans.com/product/se-palmeiras-matchday-experience/,high,São Paulo,Brazil,South America,60,2026-04-11,63,101.421921,Corinthians Paulista Matchday Experience with local,https://homefans.com/product/sport-club-corinthians-matchday-experience/?utm_source=klaviyo&utm_medium=email&utm_campaign=post_purchase_upsell&utm_content=upsell_suggestion_2,2.51,1.153,high,São Paulo,Brazil,South America,1,0,0.0,0.0,0,0.0,0.0,0.002975,1.207018,66.550239,low,https://homefans.com/product/sport-club-corinthians-matchday-experience/
3,SE Palmeiras Matchday Experien…,Palmeiras Matchday Experience…,lifetime_overlap,approved_same_city,0,same_city,4,44.700013,57,57,2026-04-13,57,SE Palmeiras Matchday Experience with local fan,https://homefans.com/product/se-palmeiras-matchday-experience/,high,São Paulo,Brazil,South America,40,2026-04-13,40,62.50685,Palmeiras Matchday Experience at Allianz Parque,https://homefans.com/product/palmeiras-match-day-experience-tour/?utm_source=klaviyo&utm_medium=email&utm_campaign=post_purchase_upsell&utm_content=upsell_suggestion_3,2.419,0.243,high,São Paulo,Brazil,South America,1,0,0.0,0.0,0,0.0,0.0,0.009487,1.810526,44.700013,low,https://homefans.com/product/palmeiras-match-day-experience-tour/
1,Corinthians Matchday Experienc…,Watch São Paulo FC Live at Mor…,lifetime_overlap,approved_same_city,0,same_city,4,30.269361,55,56,2026-04-10,56,Corinthians Matchday Experience at NeoQuímica Arena,https://homefans.com/product/corinthians-match-day-experience-at-neo-quimica-arena/,high,São Paulo,Brazil,South America,21,2026-04-08,21,32.863015,Watch São Paulo FC Live at MorumBIS Stadium,https://homefans.com/product/watch-sao-paulo-fc-live-at-morumbis-stadium/?utm_source=klaviyo&utm_medium=email&utm_campaign=post_purchase_upsell&utm_content=upsell_suggestion_1,3.216,0.969,high,São Paulo,Brazil,South America,2,0,0.0,0.0,0,0.0,0.0,0.051087,7.148052,30.269361,medium,https://homefans.com/product/watch-sao-paulo-fc-live-at-morumbis-stadium/
2,Corinthians Matchday Experienc…,Botafogo Matchday Experience w…,later_lifecycle,approved_same_country,1,same_country,1,211.385213,55,56,2026-04-10,56,Corinthians Matchday Experience at NeoQuímica Arena,https://homefans.com/product/corinthians-match-day-experience-at-neo-quimica-arena/,high,São Paulo,Brazil,South America,167,2026-04-13,168,269.446588,BOTAFOGO MATCHDAY EXPERIENCE,https://homefans.com/product/botafogo-matchday-experience-2/?utm_source=klaviyo&utm_medium=email&utm_campaign=post_purchase_upsell&utm_content=upsell_suggestion_2,2.631,0.251,high,Rio de Janeiro,Brazil,South America,4,3,4.871233,0.054545,0,0.0,0.0,0.019034,1.797714,211.385213,high,https://homefans.com/product/botafogo-matchday-experience-2/
3,Corinthians Matchday Experienc…,🏆 Top Rated | Fluminense Match…,later_lifecycle,approved_same_country,1,same_country,1,209.426601,55,56,2026-04-10,56,Corinthians Matchday Experience at NeoQuímica Arena,https://homefans.com/product/corinthians-match-day-experience-at-neo-quimica-arena/,high,São Paulo,Brazil,South America,174,2026-04-10,178,290.660276,🏆 Top Rated | Fluminense Matchday Experience,https://homefans.com/product/see-fluminense-live-in-the-iconic-maracana/?utm_source=klaviyo&utm_medium=email&utm_campaign=post_purchase_upsell&utm_content=upsell_suggestion_3,2.316,1.079,high,Rio de Janeiro,Brazil,South America,3,2,3.430137,0.036364,0,0.0,0.0,0.007168,1.294044,209.426601,high,https://homefans.com/product/see-fluminense-live-in-the-iconic-maracana/
1,Experience San Siro like a tru…,SSC Napoli Matchday Experience…,lifetime_overlap,approved_same_country,1,same_country,4,50.819979,51,51,2026-04-07,51,Experience San Siro like a true Local: AC Milan matchday experience,https://homefans.com/product/experience-ac-milan-live-at-san-siro/,high,Milan,Italy,Europe,49,2026-03-25,49,71.131504,SSC Napoli Matchday Experience with Maradona Tour,https://homefans.com/product/ssc-napoli-football-and-maradona-experience/?utm_source=klaviyo&utm_medium=email&utm_campaign=post_purchase_upsell&utm_content=upsell_suggestion_1,2.646,0.358,high,Naples,Italy,Europe,1,0,0.0,0.0,0,0.0,0.0,0.007991,1.651861,50.819979,low,https://homefans.com/product/ssc-napoli-football-and-maradona-experience/
1,SSC Napoli Matchday Experience…,Experience San Siro like a tru…,later_lifecycle,approved_same_country,1,same_country,3,66.912534,49,49,2026-03-25,49,SSC Napoli Matchday Experience with Maradona Tour,https://homefans.com/product/ssc-napoli-football-and-maradona-experience/,high,Naples,Italy,Europe,51,2026-04-07,51,82.632875,Experience San Siro like a true Local: AC Milan matchday experience,https://homefans.com/product/experience-ac-milan-live-at-san-siro/?utm_source=klaviyo&utm_medium=email&utm_campaign=post_purchase_upsell&utm_content=upsell_suggestion_1,2.268,0.966,high,Milan,Italy,Europe,1,1,1.315068,0.020408,0,0.0,0.0,0.007991,1.651861,66.912534,medium,https://homefans.com/product/experience-ac-milan-live-at-san-siro/
2,SSC Napoli Matchday Experience…,Internazionale matchday experi…,later_lifecycle,approved_same_country,1,same_country,3,40.410105,49,49,2026-03-25,49,SSC Napoli Matchday Experience with Maradona Tour,https://homefans.com/product/ssc-napoli-football-and-maradona-experience/,high,Naples,Italy,Europe,21,2026-03-25,22,36.358904,Internazionale matchday experience: Live a game of Inter with locals,https://homefans.com/product/inter-milan-matchday-experience/?utm_source=klaviyo&utm_medium=email&utm_campaign=post_purchase_upsell&utm_content=upsell_suggestion_2,1.823,0.903,high,Milan,Italy,Europe,1,1,1.50411,0.020408,0,0.0,0.0,0.023603,4.011662,40.410105,medium,https://homefans.com/product/inter-milan-matchday-experience/
3,SSC Napoli Matchday Experience…,Experience Rome Like a True Ro…,later_lifecycle,approved_same_country,1,same_country,3,38.319563,49,49,2026-03-25,49,SSC Napoli Matchday Experience with Maradona Tour,https://homefans.com/product/ssc-napoli-football-and-maradona-experience/,high,Naples,Italy,Europe,17,2026-04-12,17,27.021917,Experience Rome Like a True Romanista: An Authentic Matchday with AS Roma,https://homefans.com/product/a-s-roma-matchday-experience/?utm_source=klaviyo&utm_medium=email&utm_campaign=post_purchase_upsell&utm_content=upsell_suggestion_3,2.73,0.924,high,Rome,Italy,Europe,2,1,1.369863,0.020408,0,0.0,0.0,0.062807,9.911164,38.319563,medium,https://homefans.com/product/a-s-roma-matchday-experience/
1,Watch a game at Huracán - Toma…,Argentinos Juniors Matchday Ex…,later_lifecycle,approved_same_city,0,same_city,1,105.746949,49,51,2026-04-13,51,Watch a game at Huracán – Tomas Ducó stadium!,https://homefans.com/product/watch-a-game-at-huracan-at-tomas-duco-stadium/,high,Buenos Aires,Argentina,South America,70,2026-04-06,70,118.808219,Argentinos Juniors Matchday Experience & Museum tour,https://homefans.com/product/diego-armando-maradona-stadium-behind-the-scenes-matchday-experience/?utm_source=klaviyo&utm_medium=email&utm_campaign=post_purchase_upsell&utm_content=upsell_suggestion_1,2.404,0.806,high,Buenos Aires,Argentina,South America,4,2,2.956165,0.040816,0,0.0,0.0,0.054903,4.813994,105.746949,high,https://homefans.com/product/diego-armando-maradona-stadium-behind-the-scenes-matchday-experience/
2,Watch a game at Huracán - Toma…,CA Independiente Local Matchda…,later_lifecycle,approved_same_city,0,same_city,1,90.613337,49,51,2026-04-13,51,Watch a game at Huracán – Tomas Ducó stadium!,https://homefans.com/product/watch-a-game-at-huracan-at-tomas-duco-stadium/,high,Buenos Aires,Argentina,South America,41,2026-04-13,41,69.630138,CA Independiente Local Matchday Experience,https://homefans.com/product/independiente-local-matchday-experience/?utm_source=klaviyo&utm_medium=email&utm_campaign=post_purchase_upsell&utm_content=upsell_suggestion_2,2.148,0.922,high,Buenos Aires,Argentina,South America,3,3,5.161644,0.061224,0,0.0,0.0,0.056692,6.164261,90.613337,high,https://homefans.com/product/independiente-local-matchday-experience/
3,Watch a game at Huracán - Toma…,Velez Sarsfield like a local:…,later_lifecycle,approved_same_city,0,same_city,3,68.236234,49,51,2026-04-13,51,Watch a game at Huracán – Tomas Ducó stadium!,https://homefans.com/product/watch-a-game-at-huracan-at-tomas-duco-stadium/,high,Buenos Aires,Argentina,South America,45,2026-04-06,46,78.10411,Velez Sarsfield like a local: Matchday!,https://homefans.com/product/velez-sarsfield-like-a-local-matchday/?utm_source=klaviyo&utm_medium=email&utm_campaign=post_purchase_upsell&utm_content=upsell_suggestion_3,2.771,0.91,high,Buenos Aires,Argentina,South America,3,1,1.4,0.020408,0,0.0,0.0,0.053117,5.616327,68.236234,medium,https://homefans.com/product/velez-sarsfield-like-a-local-matchday/
1,🏆 Top Rated Boca Experience |…,Argentinos Juniors Matchday Ex…,later_lifecycle,approved_same_city,0,same_city,1,103.681484,48,50,2026-04-06,50,🏆 Top Rated Boca Experience | Premium Seats | Full Transfer,https://homefans.com/product/boca-juniors-matchday-experience-lower-sector-few-meters-from-the-field/,high,Buenos Aires,Argentina,South America,70,2026-04-06,70,118.808219,Argentinos Juniors Matchday Experience & Museum tour,https://homefans.com/product/diego-armando-maradona-stadium-behind-the-scenes-matchday-experience/?utm_source=klaviyo&utm_medium=email&utm_campaign=post_purchase_upsell&utm_content=upsell_suggestion_1,2.404,0.806,high,Buenos Aires,Argentina,South America,2,2,3.284932,0.041667,0,0.0,0.0,0.020758,2.457143,103.681484,high,https://homefans.com/product/diego-armando-maradona-stadium-behind-the-scenes-matchday-experience/
2,🏆 Top Rated Boca Experience |…,Buenos Aires: CA Huracán Match…,later_lifecycle,approved_same_city,0,same_city,1,59.095256,48,50,2026-04-06,50,🏆 Top Rated Boca Experience | Premium Seats | Full Transfer,https://homefans.com/product/boca-juniors-matchday-experience-lower-sector-few-meters-from-the-field/,high,Buenos Aires,Argentina,South America,25,2026-04-09,26,40.641094,Buenos Aires: CA Huracán Matchday Experience,https://homefans.com/product/huracan-experience-standing-spots/?utm_source=klaviyo&utm_medium=email&utm_campaign=post_purchase_upsell&utm_content=upsell_suggestion_2,3.304,1.185,high,Buenos Aires,Argentina,South America,2,2,3.279452,0.041667,0,0.0,0.0,0.049784,6.88,59.095256,high,https://homefans.com/product/huracan-experience-standing-spots/
3,🏆 Top Rated Boca Experience |…,Experience River Plate Matchda…,same_order_bundle,approved_same_city,0,same_city,2,143.975643,48,50,2026-04-06,50,🏆 Top Rated Boca Experience | Premium Seats | Full Transfer,https://homefans.com/product/boca-juniors-matchday-experience-lower-sector-few-meters-from-the-field/,high,Buenos Aires,Argentina,South America,125,2026-04-13,128,200.791785,Experience River Plate Matchday like a local at El Monumental – Shortside Seats,https://homefans.com/product/river-plate-matchday-experience/?utm_source=klaviyo&utm_medium=email&utm_campaign=post_purchase_upsell&utm_content=upsell_suggestion_3,2.118,0.5,high,Buenos Aires,Argentina,South America,2,0,0.0,0.0,1,1.756164,0.02,0.007207,1.376,143.975643,medium,https://homefans.com/product/river-plate-matchday-experience/
1,Velez Sarsfield like a local:…,Experience River Plate Matchda…,later_lifecycle,approved_same_city,0,same_city,1,171.802533,45,46,2026-04-06,46,Velez Sarsfield like a local: Matchday!,https://homefans.com/product/velez-sarsfield-like-a-local-matchday/,high,Buenos Aires,Argentina,South America,125,2026-04-13,128,200.791785,Experience River Plate Matchday like a local at El Monumental – Shortside Seats,https://homefans.com/product/river-plate-matchday-experience/?utm_source=klaviyo&utm_medium=email&utm_campaign=post_purchase_upsell&utm_content=upsell_suggestion_1,2.118,0.5,high,Buenos Aires,Argentina,South America,5,2,2.926027,0.044444,1,1.756164,0.021739,0.04952,3.669333,171.802533,high,https://homefans.com/product/river-plate-matchday-experience/
2,Velez Sarsfield like a local:…,CA Independiente Local Matchda…,later_lifecycle,approved_same_city,0,same_city,1,108.643841,45,46,2026-04-06,46,Velez Sarsfield like a local: Matchday!,https://homefans.com/product/velez-sarsfield-like-a-local-matchday/,high,Buenos Aires,Argentina,South America,41,2026-04-13,41,69.630138,CA Independiente Local Matchday Experience,https://homefans.com/product/independiente-local-matchday-experience/?utm_source=klaviyo&utm_medium=email&utm_campaign=post_purchase_upsell&utm_content=upsell_suggestion_2,2.148,0.922,high,Buenos Aires,Argentina,South America,5,3,5.249315,0.066667,1,1.756164,0.021739,0.107115,11.186992,108.643841,high,https://homefans.com/product/independiente-local-matchday-experience/
3,Velez Sarsfield like a local:…,Watch a game at Huracán - Toma…,later_lifecycle,approved_same_city,0,same_city,1,87.265776,45,46,2026-04-06,46,Velez Sarsfield like a local: Matchday!,https://homefans.com/product/velez-sarsfield-like-a-local-matchday/,high,Buenos Aires,Argentina,South America,49,2026-04-13,51,82.87945,Watch a game at Huracán – Tomas Ducó stadium!,https://homefans.com/product/watch-a-game-at-huracan-at-tomas-duco-stadium/?utm_source=klaviyo&utm_medium=email&utm_campaign=post_purchase_upsell&utm_content=upsell_suggestion_3,2.205,1.22,high,Buenos Aires,Argentina,South America,3,2,3.720548,0.044444,0,0.0,0.0,0.053117,5.616327,87.265776,high,https://homefans.com/product/watch-a-game-at-huracan-at-tomas-duco-stadium/
1,Fluminense FC Matchday Experie…,Vasco da Gama Matchday Experie…,lifetime_overlap,approved_same_city,0,same_city,4,82.92417,44,44,2026-03-19,44,Fluminense FC Matchday Experience – Short Side seats & Local Guide,https://homefans.com/product/fluminense-fc-matchday-experience/,high,Rio de Janeiro,Brazil,South America,78,2026-04-13,78,126.536989,Vasco da Gama Matchday Experience,https://homefans.com/product/vasco-da-gama-matchday-experience-4/?utm_source=klaviyo&utm_medium=email&utm_campaign=post_purchase_upsell&utm_content=upsell_suggestion_1,2.648,0.217,high,Rio de Janeiro,Brazil,South America,1,0,0.0,0.0,0,0.0,0.0,0.002921,1.202797,82.92417,low,https://homefans.com/product/vasco-da-gama-matchday-experience-4/
2,Fluminense FC Matchday Experie…,Watch São Paulo FC Live at Mor…,lifetime_overlap,approved_same_country,1,same_country,4,27.96778,44,44,2026-03-19,44,Fluminense FC Matchday Experience – Short Side seats & Local Guide,https://homefans.com/product/fluminense-fc-matchday-experience/,high,Rio de Janeiro,Brazil,South America,21,2026-04-08,21,32.863015,Watch São Paulo FC Live at MorumBIS Stadium,https://homefans.com/product/watch-sao-paulo-fc-live-at-morumbis-stadium/?utm_source=klaviyo&utm_medium=email&utm_campaign=post_purchase_upsell&utm_content=upsell_suggestion_2,3.216,0.969,high,São Paulo,Brazil,South America,1,0,0.0,0.0,0,0.0,0.0,0.025737,4.467532,27.96778,low,https://homefans.com/product/watch-sao-paulo-fc-live-at-morumbis-stadium/
1,Fenerbahçe Matchday Experience,Istanbul Football Experience:…,later_lifecycle,approved_same_city,0,same_city,1,63.967787,42,45,2026-04-07,45,Fenerbahçe Matchday Experience,https://homefans.com/product/fenerbahce-matchday-experience/,high,Istanbul,Turkey,Europe,33,2026-04-12,33,50.999998,Istanbul Football Experience: Eyüpspor Matchday Experience,https://homefans.com/product/istanbul-football-experience-eyupspor-matchday-experience/?utm_source=klaviyo&utm_medium=email&utm_campaign=post_purchase_upsell&utm_content=upsell_suggestion_1,2.818,0.014,medium,Istanbul,Turkey,Europe,2,2,2.928767,0.047619,0,0.0,0.0,0.045113,5.95671,63.967787,high,https://homefans.com/product/istanbul-football-experience-eyupspor-matchday-experience/
2,Fenerbahçe Matchday Experience,Istanbul Matchday Experiences,later_lifecycle,approved_same_city,0,same_city,1,50.046593,42,45,2026-04-07,45,Fenerbahçe Matchday Experience,https://homefans.com/product/fenerbahce-matchday-experience/,high,Istanbul,Turkey,Europe,15,2025-11-14,16,22.912328,Istanbul Matchday Experiences,https://homefans.com/product/istanbul-matchday-experiences/?utm_source=klaviyo&utm_medium=email&utm_campaign=post_purchase_upsell&utm_content=upsell_suggestion_2,3.39,1.336,high,Istanbul,Turkey,Europe,4,2,2.704109,0.047619,0,0.0,0.0,0.15435,26.209524,50.046593,high,https://homefans.com/product/istanbul-matchday-experiences/
3,Fenerbahçe Matchday Experience,Galatasaray Matchday Experienc…,later_lifecycle,approved_same_city,0,same_city,1,48.036339,42,45,2026-04-07,45,Fenerbahçe Matchday Experience,https://homefans.com/product/fenerbahce-matchday-experience/,high,Istanbul,Turkey,Europe,8,2026-03-17,8,13.958904,Galatasaray Matchday Experiences,https://homefans.com/product/galatasaray-matchday-experiences/?utm_source=klaviyo&utm_medium=email&utm_campaign=post_purchase_upsell&utm_content=upsell_suggestion_3,2.21,0.232,high,Istanbul,Turkey,Europe,3,2,3.219179,0.047619,0,0.0,0.0,0.160194,36.857143,48.036339,high,https://homefans.com/product/galatasaray-matchday-experiences/
1,CA Independiente Local Matchda…,Boca Juniors Matchday Like a L…,later_lifecycle,approved_same_city,0,same_city,1,220.373719,41,41,2026-04-13,41,CA Independiente Local Matchday Experience,https://homefans.com/product/independiente-local-matchday-experience/,high,Buenos Aires,Argentina,South America,184,2026-04-13,185,297.326031,Boca Juniors Matchday Like a Local at La Bombonera – Long Side Seats with Transport,https://homefans.com/product/boca-juniors-matchday-experience-4/?utm_source=klaviyo&utm_medium=email&utm_campaign=post_purchase_upsell&utm_content=upsell_suggestion_1,2.438,0.254,high,Buenos Aires,Argentina,South America,4,2,3.967124,0.04878,0,0.0,0.0,0.025717,2.188759,220.373719,high,https://homefans.com/product/boca-juniors-matchday-experience-4/
2,CA Independiente Local Matchda…,Argentinos Juniors Matchday Ex…,later_lifecycle,approved_same_city,0,same_city,1,107.428154,41,41,2026-04-13,41,CA Independiente Local Matchday Experience,https://homefans.com/product/independiente-local-matchday-experience/,high,Buenos Aires,Argentina,South America,70,2026-04-06,70,118.808219,Argentinos Juniors Matchday Experience & Museum tour,https://homefans.com/product/diego-armando-maradona-stadium-behind-the-scenes-matchday-experience/?utm_source=klaviyo&utm_medium=email&utm_campaign=post_purchase_upsell&utm_content=upsell_suggestion_2,2.404,0.806,high,Buenos Aires,Argentina,South America,3,2,3.564383,0.04878,0,0.0,0.0,0.043608,4.314983,107.428154,high,https://homefans.com/product/diego-armando-maradona-stadium-behind-the-scenes-matchday-experience/
3,CA Independiente Local Matchda…,Racing Club Local Matchday Exp…,later_lifecycle,approved_same_city,0,same_city,1,98.400688,41,41,2026-04-13,41,CA Independiente Local Matchday Experience,https://homefans.com/product/independiente-local-matchday-experience/,high,Buenos Aires,Argentina,South America,41,2026-04-07,43,68.778082,Racing Club Local Matchday Experience,https://homefans.com/product/racing-club-local-matchday-experience/?utm_source=klaviyo&utm_medium=email&utm_campaign=post_purchase_upsell&utm_content=upsell_suggestion_3,2.32,0.695,high,Buenos Aires,Argentina,South America,7,3,5.287671,0.073171,0,0.0,0.0,0.162413,17.189768,98.400688,high,https://homefans.com/product/racing-club-local-matchday-experience/
1,Racing Club Local Matchday Exp…,Argentinos Juniors Matchday Ex…,later_lifecycle,approved_same_city,0,same_city,1,107.815612,41,43,2026-04-07,43,Racing Club Local Matchday Experience,https://homefans.com/product/racing-club-local-matchday-experience/,high,Buenos Aires,Argentina,South America,70,2026-04-06,70,118.808219,Argentinos Juniors Matchday Experience & Museum tour,https://homefans.com/product/diego-armando-maradona-stadium-behind-the-scenes-matchday-experience/?utm_source=klaviyo&utm_medium=email&utm_campaign=post_purchase_upsell&utm_content=upsell_suggestion_1,2.404,0.806,high,Buenos Aires,Argentina,South America,4,2,3.276713,0.04878,0,0.0,0.0,0.062529,5.75331,107.815612,high,https://homefans.com/product/diego-armando-maradona-stadium-behind-the-scenes-matchday-experience/
2,Racing Club Local Matchday Exp…,CA Independiente Local Matchda…,later_lifecycle,approved_same_city,0,same_city,1,107.704525,41,43,2026-04-07,43,Racing Club Local Matchday Experience,https://homefans.com/product/racing-club-local-matchday-experience/,high,Buenos Aires,Argentina,South America,41,2026-04-13,41,69.630138,CA Independiente Local Matchday Experience,https://homefans.com/product/independiente-local-matchday-experience/?utm_source=klaviyo&utm_medium=email&utm_campaign=post_purchase_upsell&utm_content=upsell_suggestion_2,2.148,0.922,high,Buenos Aires,Argentina,South America,7,4,6.260274,0.097561,0,0.0,0.0,0.162413,17.189768,107.704525,high,https://homefans.com/product/independiente-local-matchday-experience/
3,Racing Club Local Matchday Exp…,San Lorenzo Matchday Experienc…,later_lifecycle,approved_same_city,0,same_city,1,88.251137,41,43,2026-04-07,43,Racing Club Local Matchday Experience,https://homefans.com/product/racing-club-local-matchday-experience/,high,Buenos Aires,Argentina,South America,37,2026-04-13,39,63.816441,San Lorenzo Matchday Experience,https://homefans.com/product/san-lorenzo-matchday-experience/?utm_source=klaviyo&utm_medium=email&utm_campaign=post_purchase_upsell&utm_content=upsell_suggestion_3,2.595,0.055,high,Buenos Aires,Argentina,South America,5,3,4.526027,0.073171,0,0.0,0.0,0.120073,13.605801,88.251137,high,https://homefans.com/product/san-lorenzo-matchday-experience/
1,Palmeiras Matchday Experience…,São Paulo FC Matchday Experien…,later_lifecycle,approved_same_city,0,same_city,3,89.453139,40,40,2026-04-13,40,Palmeiras Matchday Experience at Allianz Parque,https://homefans.com/product/palmeiras-match-day-experience-tour/,high,São Paulo,Brazil,South America,69,2026-04-10,69,111.56439,São Paulo FC Matchday Experience,https://homefans.com/product/sao-paulo-fc-matchday-experience/?utm_source=klaviyo&utm_medium=email&utm_campaign=post_purchase_upsell&utm_content=upsell_suggestion_1,3.21,0.005,high,São Paulo,Brazil,South America,2,1,1.791781,0.025,0,0.0,0.0,0.025682,2.991304,89.453139,medium,https://homefans.com/product/sao-paulo-fc-matchday-experience/
2,Palmeiras Matchday Experience…,SE Palmeiras Matchday Experien…,later_lifecycle,approved_same_city,0,same_city,3,72.503714,40,40,2026-04-13,40,Palmeiras Matchday Experience at Allianz Parque,https://homefans.com/product/palmeiras-match-day-experience-tour/,high,São Paulo,Brazil,South America,57,2026-04-13,57,87.380826,SE Palmeiras Matchday Experience with local fan,https://homefans.com/product/se-palmeiras-matchday-experience/?utm_source=klaviyo&utm_medium=email&utm_campaign=post_purchase_upsell&utm_content=upsell_suggestion_2,2.122,0.691,high,São Paulo,Brazil,South America,1,1,1.580822,0.025,0,0.0,0.0,0.009487,1.810526,72.503714,medium,https://homefans.com/product/se-palmeiras-matchday-experience/
3,Palmeiras Matchday Experience…,🏆 Top Rated | Fluminense Match…,later_lifecycle,approved_same_country,1,same_country,3,195.211787,40,40,2026-04-13,40,Palmeiras Matchday Experience at Allianz Parque,https://homefans.com/product/palmeiras-match-day-experience-tour/,high,São Paulo,Brazil,South America,174,2026-04-10,178,290.660276,🏆 Top Rated | Fluminense Matchday Experience,https://homefans.com/product/see-fluminense-live-in-the-iconic-maracana/?utm_source=klaviyo&utm_medium=email&utm_campaign=post_purchase_upsell&utm_content=upsell_suggestion_3,2.316,1.079,high,Rio de Janeiro,Brazil,South America,2,1,1.619178,0.025,0,0.0,0.0,0.003864,1.186207,195.211787,medium,https://homefans.com/product/see-fluminense-live-in-the-iconic-maracana/
1,San Lorenzo Matchday Experienc…,Racing Club Local Matchday Exp…,later_lifecycle,approved_same_city,0,same_city,1,82.152233,37,39,2026-04-13,39,San Lorenzo Matchday Experience,https://homefans.com/product/san-lorenzo-matchday-experience/,high,Buenos Aires,Argentina,South America,41,2026-04-07,43,68.778082,Racing Club Local Matchday Experience,https://homefans.com/product/racing-club-local-matchday-experience/?utm_source=klaviyo&utm_medium=email&utm_campaign=post_purchase_upsell&utm_content=upsell_suggestion_1,2.32,0.695,high,Buenos Aires,Argentina,South America,5,2,3.449315,0.054054,0,0.0,0.0,0.120073,13.605801,82.152233,high,https://homefans.com/product/racing-club-local-matchday-experience/
2,San Lorenzo Matchday Experienc…,CA Independiente Local Matchda…,later_lifecycle,approved_same_city,0,same_city,1,80.54741,37,39,2026-04-13,39,San Lorenzo Matchday Experience,https://homefans.com/product/san-lorenzo-matchday-experience/,high,Buenos Aires,Argentina,South America,41,2026-04-13,41,69.630138,CA Independiente Local Matchday Experience,https://homefans.com/product/independiente-local-matchday-experience/?utm_source=klaviyo&utm_medium=email&utm_campaign=post_purchase_upsell&utm_content=upsell_suggestion_2,2.148,0.922,high,Buenos Aires,Argentina,South America,4,2,3.405479,0.054054,0,0.0,0.0,0.094154,10.884641,80.54741,high,https://homefans.com/product/independiente-local-matchday-experience/
3,San Lorenzo Matchday Experienc…,Platense - Match Day Experienc…,later_lifecycle,approved_same_city,0,same_city,1,53.820939,37,39,2026-04-13,39,San Lorenzo Matchday Experience,https://homefans.com/product/san-lorenzo-matchday-experience/,high,Buenos Aires,Argentina,South America,17,2026-03-13,18,29.49589,Platense – Match Day Experience at the home of the Argentine champions.,https://homefans.com/product/platense-match-day-experience/?utm_source=klaviyo&utm_medium=email&utm_campaign=post_purchase_upsell&utm_content=upsell_suggestion_3,1.928,0.211,high,Buenos Aires,Argentina,South America,3,2,2.928767,0.054054,0,0.0,0.0,0.11429,19.688394,53.820939,high,https://homefans.com/product/platense-match-day-experience/
1,Boca Juniors Experience: Bombo…,River Plate Matchday Experienc…,later_lifecycle,approved_same_city,0,same_city,3,80.287355,33,33,2026-04-10,33,"Boca Juniors Experience: Bombonera Tour, Museum & Caminito Walk",https://homefans.com/product/boca-juniors-experience-bombonera-tour-museum-caminito-walk/,high,Buenos Aires,Argentina,South America,64,2026-04-11,64,103.358908,River Plate Matchday Experience – short side,https://homefans.com/product/see-river-plate-live-in-el-monumental/?utm_source=klaviyo&utm_medium=email&utm_campaign=post_purchase_upsell&utm_content=upsell_suggestion_1,2.369,0.048,high,Buenos Aires,Argentina,South America,1,1,1.347945,0.030303,0,0.0,0.0,0.010753,1.954545,80.287355,medium,https://homefans.com/product/see-river-plate-live-in-el-monumental/
2,Boca Juniors Experience: Bombo…,Buenos Aires: The Ultimate Die…,later_lifecycle,approved_same_city,0,same_city,3,39.419158,33,33,2026-04-10,33,"Boca Juniors Experience: Bombonera Tour, Museum & Caminito Walk",https://homefans.com/product/boca-juniors-experience-bombonera-tour-museum-caminito-walk/,high,Buenos Aires,Argentina,South America,15,2026-04-08,15,22.419178,Buenos Aires: The Ultimate Diego Maradona Experience in La Paternal,https://homefans.com/product/diego-maradona-the-ultimate-experience/?utm_source=klaviyo&utm_medium=email&utm_campaign=post_purchase_upsell&utm_content=upsell_suggestion_2,3.016,0.942,high,Buenos Aires,Argentina,South America,3,1,1.315068,0.030303,0,0.0,0.0,0.130208,25.018182,39.419158,medium,https://homefans.com/product/diego-maradona-the-ultimate-experience/
3,Boca Juniors Experience: Bombo…,Platense - Match Day Experienc…,later_lifecycle,approved_same_city,0,same_city,3,37.952885,33,33,2026-04-10,33,"Boca Juniors Experience: Bombonera Tour, Museum & Caminito Walk",https://homefans.com/product/boca-juniors-experience-bombonera-tour-museum-caminito-walk/,high,Buenos Aires,Argentina,South America,17,2026-03-13,18,29.49589,Platense – Match Day Experience at the home of the Argentine champions.,https://homefans.com/product/platense-match-day-experience/?utm_source=klaviyo&utm_medium=email&utm_campaign=post_purchase_upsell&utm_content=upsell_suggestion_3,1.928,0.211,high,Buenos Aires,Argentina,South America,1,1,1.594521,0.030303,0,0.0,0.0,0.036705,7.358289,37.952885,medium,https://homefans.com/product/platense-match-day-experience/
1,Istanbul Football Experience:…,Galatasaray Matchday Experienc…,later_lifecycle,approved_same_city,0,same_city,3,30.629913,33,33,2026-04-12,33,Istanbul Football Experience: Eyüpspor Matchday Experience,https://homefans.com/product/istanbul-football-experience-eyupspor-matchday-experience/,medium,Istanbul,Turkey,Europe,8,2026-03-17,8,13.958904,Galatasaray Matchday Experiences,https://homefans.com/product/galatasaray-matchday-experiences/?utm_source=klaviyo&utm_medium=email&utm_campaign=post_purchase_upsell&utm_content=upsell_suggestion_1,2.21,0.232,high,Istanbul,Turkey,Europe,1,1,1.594521,0.030303,0,0.0,0.0,0.057897,15.636364,30.629913,medium,https://homefans.com/product/galatasaray-matchday-experiences/
2,Istanbul Football Experience:…,Fenerbahçe Matchday Experience,lifetime_overlap,approved_same_city,0,same_city,4,51.932538,33,33,2026-04-12,33,Istanbul Football Experience: Eyüpspor Matchday Experience,https://homefans.com/product/istanbul-football-experience-eyupspor-matchday-experience/,medium,Istanbul,Turkey,Europe,42,2026-04-07,45,69.854798,Fenerbahçe Matchday Experience,https://homefans.com/product/fenerbahce-matchday-experience/?utm_source=klaviyo&utm_medium=email&utm_campaign=post_purchase_upsell&utm_content=upsell_suggestion_2,2.67,0.111,high,Istanbul,Turkey,Europe,2,0,0.0,0.0,0,0.0,0.0,0.045113,5.95671,51.932538,medium,https://homefans.com/product/fenerbahce-matchday-experience/
3,Istanbul Football Experience:…,Beşiktaş Matchday Experience:…,lifetime_overlap,approved_same_city,0,same_city,4,27.30006,33,33,2026-04-12,33,Istanbul Football Experience: Eyüpspor Matchday Experience,https://homefans.com/product/istanbul-football-experience-eyupspor-matchday-experience/,medium,Istanbul,Turkey,Europe,18,2026-04-07,19,31.232878,Beşiktaş Matchday Experience: the Passion of Turkish Football,https://homefans.com/product/besiktas-matchday-experience-2/?utm_source=klaviyo&utm_medium=email&utm_campaign=post_purchase_upsell&utm_content=upsell_suggestion_3,2.301,0.845,high,Istanbul,Turkey,Europe,1,0,0.0,0.0,0,0.0,0.0,0.035345,6.949495,27.30006,low,https://homefans.com/product/besiktas-matchday-experience-2/
1,Atletico Nacional Matchday Exp…,Independiente Medellin Matchda…,later_lifecycle,approved_same_city,0,same_city,3,30.978796,32,33,2026-03-29,33,Atletico Nacional Matchday Experience (Medellin),https://homefans.com/product/atleticonacional-football-tour/,high,Medellín,Colombia,South America,12,2026-04-08,12,17.312329,Independiente Medellin Matchday Experience,https://homefans.com/product/independiente-medellin-matchday-experience-2/?utm_source=klaviyo&utm_medium=email&utm_campaign=post_purchase_upsell&utm_content=upsell_suggestion_1,2.858,0.089,high,Medellín,Colombia,South America,1,1,1.243836,0.03125,0,0.0,0.0,0.046532,10.75,30.978796,medium,https://homefans.com/product/independiente-medellin-matchday-experience-2/
1,Ultimate Argentina: 11 Day Foo…,Boca Juniors Matchday Like a L…,later_lifecycle,approved_same_city,0,same_city,1,246.266324,31,32,2026-04-09,32,Ultimate Argentina: 11 Day Football Adventure in Buenos Aires,https://homefans.com/product/ultimate-argentina/,high,Buenos Aires,Argentina,South America,184,2026-04-13,185,297.326031,Boca Juniors Matchday Like a Local at La Bombonera – Long Side Seats with Transport,https://homefans.com/product/boca-juniors-matchday-experience-4/?utm_source=klaviyo&utm_medium=email&utm_campaign=post_purchase_upsell&utm_content=upsell_suggestion_1,2.438,0.254,high,Buenos Aires,Argentina,South America,4,4,7.421919,0.129032,0,0.0,0.0,0.0356,2.894811,246.266324,high,https://homefans.com/product/boca-juniors-matchday-experience-4/
2,Ultimate Argentina: 11 Day Foo…,Experience River Plate Matchda…,later_lifecycle,approved_same_city,0,same_city,1,203.212846,31,32,2026-04-09,32,Ultimate Argentina: 11 Day Football Adventure in Buenos Aires,https://homefans.com/product/ultimate-argentina/,high,Buenos Aires,Argentina,South America,125,2026-04-13,128,200.791785,Experience River Plate Matchday like a local at El Monumental – Shortside Seats,https://homefans.com/product/river-plate-matchday-experience/?utm_source=klaviyo&utm_medium=email&utm_campaign=post_purchase_upsell&utm_content=upsell_suggestion_2,2.118,0.5,high,Buenos Aires,Argentina,South America,6,4,7.10137,0.129032,1,1.753425,0.03125,0.082878,6.391742,203.212846,high,https://homefans.com/product/river-plate-matchday-experience/
3,Ultimate Argentina: 11 Day Foo…,CA Independiente Local Matchda…,later_lifecycle,approved_same_city,0,same_city,1,168.791687,31,32,2026-04-09,32,Ultimate Argentina: 11 Day Football Adventure in Buenos Aires,https://homefans.com/product/ultimate-argentina/,high,Buenos Aires,Argentina,South America,41,2026-04-13,41,69.630138,CA Independiente Local Matchday Experience,https://homefans.com/product/independiente-local-matchday-experience/?utm_source=klaviyo&utm_medium=email&utm_campaign=post_purchase_upsell&utm_content=upsell_suggestion_3,2.148,0.922,high,Buenos Aires,Argentina,South America,8,8,14.747947,0.258065,0,0.0,0.0,0.217659,25.982691,168.791687,high,https://homefans.com/product/independiente-local-matchday-experience/
1,Experience Boca Juniors at La…,Experience River Plate Matchda…,later_lifecycle,approved_same_city,0,same_city,1,153.947277,30,30,2026-04-05,30,Experience Boca Juniors at La Bombonera – Long Side with Transport,https://homefans.com/product/boca-juniors-matchday-experience-1/,high,Buenos Aires,Argentina,South America,125,2026-04-13,128,200.791785,Experience River Plate Matchday like a local at El Monumental – Shortside Seats,https://homefans.com/product/river-plate-matchday-experience/?utm_source=klaviyo&utm_medium=email&utm_campaign=post_purchase_upsell&utm_content=upsell_suggestion_1,2.118,0.5,high,Buenos Aires,Argentina,South America,2,2,2.950685,0.066667,0,0.0,0.0,0.018168,2.2016,153.947277,high,https://homefans.com/product/river-plate-matchday-experience/
1,Flamengo Matchday Like a Local…,Vasco da Gama Matchday Experie…,later_lifecycle,approved_same_city,0,same_city,3,95.188206,29,29,2026-04-12,29,Flamengo Matchday Like a Local | Long Side Tickets & Guide,https://homefans.com/product/watch-flamengo-at-maracana/,high,Rio de Janeiro,Brazil,South America,78,2026-04-13,78,126.536989,Vasco da Gama Matchday Experience,https://homefans.com/product/vasco-da-gama-matchday-experience-4/?utm_source=klaviyo&utm_medium=email&utm_campaign=post_purchase_upsell&utm_content=upsell_suggestion_1,2.648,0.217,high,Rio de Janeiro,Brazil,South America,1,1,1.512329,0.034483,0,0.0,0.0,0.009629,1.824934,95.188206,medium,https://homefans.com/product/vasco-da-gama-matchday-experience-4/
2,Flamengo Matchday Like a Local…,Flamengo VIP Matchday Experien…,lifetime_overlap,approved_same_city,0,same_city,4,25.13591,29,29,2026-04-12,29,Flamengo Matchday Like a Local | Long Side Tickets & Guide,https://homefans.com/product/watch-flamengo-at-maracana/,high,Rio de Janeiro,Brazil,South America,16,2026-03-31,17,26.312328,Flamengo VIP Matchday Experience – Exclusive Box Seats,https://homefans.com/product/flamengo-vip-matchday-experience-exclusive-box-seats/?utm_source=klaviyo&utm_medium=email&utm_campaign=post_purchase_upsell&utm_content=upsell_suggestion_2,2.039,0.512,high,Rio de Janeiro,Brazil,South America,1,0,0.0,0.0,0,0.0,0.0,0.041432,8.896552,25.13591,low,https://homefans.com/product/flamengo-vip-matchday-experience-exclusive-box-seats/
3,Flamengo Matchday Like a Local…,Palmeiras Matchday Experience…,later_lifecycle,approved_same_country,1,same_country,3,59.5713,29,29,2026-04-12,29,Flamengo Matchday Like a Local | Long Side Tickets & Guide,https://homefans.com/product/watch-flamengo-at-maracana/,high,Rio de Janeiro,Brazil,South America,40,2026-04-13,40,62.50685,Palmeiras Matchday Experience at Allianz Parque,https://homefans.com/product/palmeiras-match-day-experience-tour/?utm_source=klaviyo&utm_medium=email&utm_campaign=post_purchase_upsell&utm_content=upsell_suggestion_3,2.419,0.243,high,São Paulo,Brazil,South America,1,1,1.90411,0.034483,0,0.0,0.0,0.021288,3.558621,59.5713,medium,https://homefans.com/product/palmeiras-match-day-experience-tour/
1,Buenos Aires: CA Huracán Match…,Argentinos Juniors Matchday Ex…,later_lifecycle,approved_same_city,0,same_city,1,107.301271,25,26,2026-04-09,26,Buenos Aires: CA Huracán Matchday Experience,https://homefans.com/product/huracan-experience-standing-spots/,high,Buenos Aires,Argentina,South America,70,2026-04-06,70,118.808219,Argentinos Juniors Matchday Experience & Museum tour,https://homefans.com/product/diego-armando-maradona-stadium-behind-the-scenes-matchday-experience/?utm_source=klaviyo&utm_medium=email&utm_campaign=post_purchase_upsell&utm_content=upsell_suggestion_1,2.404,0.806,high,Buenos Aires,Argentina,South America,3,2,3.284932,0.08,0,0.0,0.0,0.062298,7.076571,107.301271,high,https://homefans.com/product/diego-armando-maradona-stadium-behind-the-scenes-matchday-experience/
2,Buenos Aires: CA Huracán Match…,Experience River Plate Matchda…,lifetime_overlap,approved_same_city,0,same_city,4,129.224793,25,26,2026-04-09,26,Buenos Aires: CA Huracán Matchday Experience,https://homefans.com/product/huracan-experience-standing-spots/,high,Buenos Aires,Argentina,South America,125,2026-04-13,128,200.791785,Experience River Plate Matchday like a local at El Monumental – Shortside Seats,https://homefans.com/product/river-plate-matchday-experience/?utm_source=klaviyo&utm_medium=email&utm_campaign=post_purchase_upsell&utm_content=upsell_suggestion_2,2.118,0.5,high,Buenos Aires,Argentina,South America,1,0,0.0,0.0,0,0.0,0.0,0.004427,1.32096,129.224793,low,https://homefans.com/product/river-plate-matchday-experience/
3,Buenos Aires: CA Huracán Match…,Boca Juniors Popular Matchday…,lifetime_overlap,approved_same_city,0,same_city,4,90.83434,25,26,2026-04-09,26,Buenos Aires: CA Huracán Matchday Experience,https://homefans.com/product/huracan-experience-standing-spots/,high,Buenos Aires,Argentina,South America,86,2026-04-05,86,137.657534,Boca Juniors Popular Matchday Experience (Standing Section),https://homefans.com/product/boca-juniors-matchday-experience/?utm_source=klaviyo&utm_medium=email&utm_campaign=post_purchase_upsell&utm_content=upsell_suggestion_3,2.738,0.982,high,Buenos Aires,Argentina,South America,1,0,0.0,0.0,0,0.0,0.0,0.010475,1.92,90.83434,low,https://homefans.com/product/boca-juniors-matchday-experience/
1,Match Day Experience - Argenti…,Airport Transfers,later_lifecycle,approved_ancillary_bundle,2,ancillary_bundle,3,41.84207,24,25,2026-04-12,25,,,,,,,10,2025-12-30,10,15.646575,Airport transfer,https://homefans.com/product/airport-transfer/?utm_source=klaviyo&utm_medium=email&utm_campaign=post_purchase_upsell&utm_content=upsell_suggestion_1,2.007,0.361,high,,,,5,1,1.561644,0.041667,0,0.0,0.0,0.320315,86.0,41.84207,medium,https://homefans.com/product/airport-transfer/
2,Match Day Experience - Argenti…,Ticket Upgrade,later_lifecycle,approved_ancillary_bundle,2,ancillary_bundle,3,27.582094,24,25,2026-04-12,25,,,,,,,2,2025-11-19,2,3.150685,Ticket upgrade,https://homefans.com/product/ticket-upgrade-2/?utm_source=klaviyo&utm_medium=email&utm_campaign=post_purchase_upsell&utm_content=upsell_suggestion_2,2.476,0.416,high,,,,1,1,1.547945,0.041667,0,0.0,0.0,0.14311,86.0,27.582094,medium,https://homefans.com/product/ticket-upgrade-2/
1,Club América Match Day Experie…,Pumas UNAM Football Matchday E…,later_lifecycle,approved_same_city,0,same_city,3,26.17704,21,22,2026-03-19,22,"Club América Match Day Experience, México City",https://homefans.com/product/club-america-match-day-experience-mexico-city/,high,Mexico City,Mexico,North America,2,2025-10-17,2,2.723288,"Pumas UNAM Match Day Experience, Mexico City",https://homefans.com/product/pumas-unam-match-day-experience-mexico-city/?utm_source=klaviyo&utm_medium=email&utm_campaign=post_purchase_upsell&utm_content=upsell_suggestion_1,,,manual,Mexico City,Mexico,North America,1,1,1.210959,0.047619,0,0.0,0.0,0.15316,98.285714,26.17704,medium,https://homefans.com/product/pumas-unam-match-day-experience-mexico-city/
2,Club América Match Day Experie…,Pumas UNAM Matchday: Local Roa…,lifetime_overlap,approved_same_city,0,same_city,4,19.472124,21,22,2026-03-19,22,"Club América Match Day Experience, México City",https://homefans.com/product/club-america-match-day-experience-mexico-city/,high,Mexico City,Mexico,North America,1,2026-02-04,2,3.569863,Pumas UNAM Matchday: Local Roar at Olímpico Universitario,https://homefans.com/product/pumas-unam-matchday-local-roar-at-olimpico-universitario/?utm_source=klaviyo&utm_medium=email&utm_campaign=post_purchase_upsell&utm_content=upsell_suggestion_2,2.341,0.625,high,Mexico City,Mexico,North America,1,0,0.0,0.0,0,0.0,0.0,0.217688,196.571429,19.472124,low,https://homefans.com/product/pumas-unam-matchday-local-roar-at-olimpico-universitario/
1,Internazionale matchday experi…,SSC Napoli Matchday Experience…,lifetime_overlap,approved_same_country,1,same_country,4,52.598595,21,22,2026-03-25,22,Internazionale matchday experience: Live a game of Inter with locals,https://homefans.com/product/inter-milan-matchday-experience/,high,Milan,Italy,Europe,49,2026-03-25,49,71.131504,SSC Napoli Matchday Experience with Maradona Tour,https://homefans.com/product/ssc-napoli-football-and-maradona-experience/?utm_source=klaviyo&utm_medium=email&utm_campaign=post_purchase_upsell&utm_content=upsell_suggestion_1,2.646,0.358,high,Naples,Italy,Europe,1,0,0.0,0.0,0,0.0,0.0,0.023603,4.011662,52.598595,low,https://homefans.com/product/ssc-napoli-football-and-maradona-experience/
1,The Eternal Derby: Red Star Be…,Hotel Extra Nights (Twin),later_lifecycle,approved_ancillary_bundle,2,ancillary_bundle,1,63.720222,21,22,2026-01-16,22,The Eternal Derby: Red Star Belgrade v Partizan,https://homefans.com/product/belgrade-derby/,high,Belgrade,Serbia,Europe,9,2026-02-11,9,13.909589,Extra Night (Twin Room),https://homefans.com/product/extra-night-twin-room/?utm_source=klaviyo&utm_medium=email&utm_campaign=post_purchase_upsell&utm_content=upsell_suggestion_1,,,manual,,,,3,2,3.660274,0.095238,1,1.389041,0.045455,0.215671,65.52381,63.720222,high,https://homefans.com/product/extra-night-twin-room/
1,Watch São Paulo FC Live at Mor…,Corinthians Matchday Experienc…,later_lifecycle,approved_same_city,0,same_city,1,89.620774,21,21,2026-04-08,21,Watch São Paulo FC Live at MorumBIS Stadium,https://homefans.com/product/watch-sao-paulo-fc-live-at-morumbis-stadium/,high,São Paulo,Brazil,South America,55,2026-04-10,56,89.832874,Corinthians Matchday Experience at NeoQuímica Arena,https://homefans.com/product/corinthians-match-day-experience-at-neo-quimica-arena/?utm_source=klaviyo&utm_medium=email&utm_campaign=post_purchase_upsell&utm_content=upsell_suggestion_1,1.946,0.129,high,São Paulo,Brazil,South America,2,2,3.326027,0.095238,0,0.0,0.0,0.051087,7.148052,89.620774,high,https://homefans.com/product/corinthians-match-day-experience-at-neo-quimica-arena/
2,Watch São Paulo FC Live at Mor…,SE Palmeiras Matchday Experien…,lifetime_overlap,approved_same_city,0,same_city,4,61.882437,21,21,2026-04-08,21,Watch São Paulo FC Live at MorumBIS Stadium,https://homefans.com/product/watch-sao-paulo-fc-live-at-morumbis-stadium/,high,São Paulo,Brazil,South America,57,2026-04-13,57,87.380826,SE Palmeiras Matchday Experience with local fan,https://homefans.com/product/se-palmeiras-matchday-experience/?utm_source=klaviyo&utm_medium=email&utm_campaign=post_purchase_upsell&utm_content=upsell_suggestion_2,2.122,0.691,high,São Paulo,Brazil,South America,1,0,0.0,0.0,0,0.0,0.0,0.020718,3.448622,61.882437,low,https://homefans.com/product/se-palmeiras-matchday-experience/
3,Watch São Paulo FC Live at Mor…,Botafogo Matchday Experience w…,later_lifecycle,approved_same_country,1,same_country,1,198.506419,21,21,2026-04-08,21,Watch São Paulo FC Live at MorumBIS Stadium,https://homefans.com/product/watch-sao-paulo-fc-live-at-morumbis-stadium/,high,São Paulo,Brazil,South America,167,2026-04-13,168,269.446588,BOTAFOGO MATCHDAY EXPERIENCE,https://homefans.com/product/botafogo-matchday-experience-2/?utm_source=klaviyo&utm_medium=email&utm_campaign=post_purchase_upsell&utm_content=upsell_suggestion_3,2.631,0.251,high,Rio de Janeiro,Brazil,South America,2,2,3.40274,0.095238,0,0.0,0.0,0.019882,2.354149,198.506419,high,https://homefans.com/product/botafogo-matchday-experience-2/
1,Experience a Corinthians game…,SE Palmeiras Matchday Experien…,later_lifecycle,approved_same_city,0,same_city,3,73.48172,20,20,2026-04-09,20,Experience a Corinthians game with a local fan at Arena Corinthians,https://homefans.com/product/experience-a-corinthians-game-with-a-local-fan-at-arena-corinthians/,high,São Paulo,Brazil,South America,57,2026-04-13,57,87.380826,SE Palmeiras Matchday Experience with local fan,https://homefans.com/product/se-palmeiras-matchday-experience/?utm_source=klaviyo&utm_medium=email&utm_campaign=post_purchase_upsell&utm_content=upsell_suggestion_1,2.122,0.691,high,São Paulo,Brazil,South America,1,1,1.49863,0.05,0,0.0,0.0,0.02164,3.621053,73.48172,medium,https://homefans.com/product/se-palmeiras-matchday-experience/
2,Experience a Corinthians game…,São Paulo FC Matchday Experien…,lifetime_overlap,approved_same_city,0,same_city,4,75.403438,20,20,2026-04-09,20,Experience a Corinthians game with a local fan at Arena Corinthians,https://homefans.com/product/experience-a-corinthians-game-with-a-local-fan-at-arena-corinthians/,high,São Paulo,Brazil,South America,69,2026-04-10,69,111.56439,São Paulo FC Matchday Experience,https://homefans.com/product/sao-paulo-fc-matchday-experience/?utm_source=klaviyo&utm_medium=email&utm_campaign=post_purchase_upsell&utm_content=upsell_suggestion_2,3.21,0.005,high,São Paulo,Brazil,South America,1,0,0.0,0.0,0,0.0,0.0,0.018116,2.991304,75.403438,low,https://homefans.com/product/sao-paulo-fc-matchday-experience/
3,Experience a Corinthians game…,⭐ Best Rated | Flamengo Matchd…,later_lifecycle,approved_same_country,1,same_country,3,201.732056,20,20,2026-04-09,20,Experience a Corinthians game with a local fan at Arena Corinthians,https://homefans.com/product/experience-a-corinthians-game-with-a-local-fan-at-arena-corinthians/,high,São Paulo,Brazil,South America,179,2026-04-13,187,308.391772,"⭐ Best Rated | Flamengo Matchday at Maracanã – Tickets, Pre Match Experience & Local Host",https://homefans.com/product/flamengo-match-day-experience-tour/?utm_source=klaviyo&utm_medium=email&utm_campaign=post_purchase_upsell&utm_content=upsell_suggestion_3,1.745,0.708,high,Rio de Janeiro,Brazil,South America,1,1,1.356164,0.05,0,0.0,0.0,0.002274,1.153073,201.732056,medium,https://homefans.com/product/flamengo-match-day-experience-tour/
1,Flamengo Matchday with Transpo…,Vasco da Gama Matchday Experie…,later_lifecycle,approved_same_city,0,same_city,3,97.367654,20,20,2026-04-09,20,Flamengo Matchday with Transport & Long Side seats,https://homefans.com/product/flamengos-game-at-maracana-stadium/,high,Rio de Janeiro,Brazil,South America,78,2026-04-13,78,126.536989,Vasco da Gama Matchday Experience,https://homefans.com/product/vasco-da-gama-matchday-experience-4/?utm_source=klaviyo&utm_medium=email&utm_campaign=post_purchase_upsell&utm_content=upsell_suggestion_1,2.648,0.217,high,Rio de Janeiro,Brazil,South America,1,1,1.805479,0.05,0,0.0,0.0,0.01594,2.646154,97.367654,medium,https://homefans.com/product/vasco-da-gama-matchday-experience-4/
2,Flamengo Matchday with Transpo…,Vasco da Gama Match Day Experi…,later_lifecycle,approved_same_city,0,same_city,3,37.253126,20,20,2026-04-09,20,Flamengo Matchday with Transport & Long Side seats,https://homefans.com/product/flamengos-game-at-maracana-stadium/,high,Rio de Janeiro,Brazil,South America,12,2026-03-31,12,21.32603,Vasco da Gama Match Day Experience (Regular stands),https://homefans.com/product/vasco-gama/?utm_source=klaviyo&utm_medium=email&utm_campaign=post_purchase_upsell&utm_content=upsell_suggestion_2,2.479,0.249,high,Rio de Janeiro,Brazil,South America,1,1,1.950685,0.05,0,0.0,0.0,0.061033,17.2,37.253126,medium,https://homefans.com/product/vasco-gama/
3,Flamengo Matchday with Transpo…,🏆 Top Rated | Fluminense Match…,lifetime_overlap,approved_same_city,0,same_city,4,182.102237,20,20,2026-04-09,20,Flamengo Matchday with Transport & Long Side seats,https://homefans.com/product/flamengos-game-at-maracana-stadium/,high,Rio de Janeiro,Brazil,South America,174,2026-04-10,178,290.660276,🏆 Top Rated | Fluminense Matchday Experience,https://homefans.com/product/see-fluminense-live-in-the-iconic-maracana/?utm_source=klaviyo&utm_medium=email&utm_campaign=post_purchase_upsell&utm_content=upsell_suggestion_3,2.316,1.079,high,Rio de Janeiro,Brazil,South America,1,0,0.0,0.0,0,0.0,0.0,0.002726,1.186207,182.102237,low,https://homefans.com/product/see-fluminense-live-in-the-iconic-maracana/
1,Beşiktaş Matchday Experience:…,Fenerbahçe Matchday Experience,later_lifecycle,approved_same_city,0,same_city,3,64.467853,18,19,2026-04-07,19,Beşiktaş Matchday Experience: the Passion of Turkish Football,https://homefans.com/product/besiktas-matchday-experience-2/,high,Istanbul,Turkey,Europe,42,2026-04-07,45,69.854798,Fenerbahçe Matchday Experience,https://homefans.com/product/fenerbahce-matchday-experience/?utm_source=klaviyo&utm_medium=email&utm_campaign=post_purchase_upsell&utm_content=upsell_suggestion_1,2.67,0.111,high,Istanbul,Turkey,Europe,2,1,1.386301,0.055556,0,0.0,0.0,0.066563,10.920635,64.467853,medium,https://homefans.com/product/fenerbahce-matchday-experience/
2,Beşiktaş Matchday Experience:…,Istanbul Football Experience:…,later_lifecycle,approved_same_city,0,same_city,3,51.471747,18,19,2026-04-07,19,Beşiktaş Matchday Experience: the Passion of Turkish Football,https://homefans.com/product/besiktas-matchday-experience-2/,high,Istanbul,Turkey,Europe,33,2026-04-12,33,50.999998,Istanbul Football Experience: Eyüpspor Matchday Experience,https://homefans.com/product/istanbul-football-experience-eyupspor-matchday-experience/?utm_source=klaviyo&utm_medium=email&utm_campaign=post_purchase_upsell&utm_content=upsell_suggestion_2,2.818,0.014,medium,Istanbul,Turkey,Europe,1,1,1.386301,0.055556,0,0.0,0.0,0.035345,6.949495,51.471747,medium,https://homefans.com/product/istanbul-football-experience-eyupspor-matchday-experience/
3,Beşiktaş Matchday Experience:…,Galatasaray Matchday Experienc…,later_lifecycle,approved_same_city,0,same_city,3,32.500078,18,19,2026-04-07,19,Beşiktaş Matchday Experience: the Passion of Turkish Football,https://homefans.com/product/besiktas-matchday-experience-2/,high,Istanbul,Turkey,Europe,8,2026-03-17,8,13.958904,Galatasaray Matchday Experiences,https://homefans.com/product/galatasaray-matchday-experiences/?utm_source=klaviyo&utm_medium=email&utm_campaign=post_purchase_upsell&utm_content=upsell_suggestion_3,2.21,0.232,high,Istanbul,Turkey,Europe,1,1,1.624658,0.055556,0,0.0,0.0,0.08068,28.666667,32.500078,medium,https://homefans.com/product/galatasaray-matchday-experiences/
1,Experience Rome Like a True Ro…,SSC Napoli Matchday Experience…,later_lifecycle,approved_same_country,1,same_country,3,67.014083,17,17,2026-04-12,17,Experience Rome Like a True Romanista: An Authentic Matchday with AS Roma,https://homefans.com/product/a-s-roma-matchday-experience/,high,Rome,Italy,Europe,49,2026-03-25,49,71.131504,SSC Napoli Matchday Experience with Maradona Tour,https://homefans.com/product/ssc-napoli-football-and-maradona-experience/?utm_source=klaviyo&utm_medium=email&utm_campaign=post_purchase_upsell&utm_content=upsell_suggestion_1,2.646,0.358,high,Naples,Italy,Europe,2,1,1.4,0.058824,0,0.0,0.0,0.062807,9.911164,67.014083,medium,https://homefans.com/product/ssc-napoli-football-and-maradona-experience/
1,Flamengo Game Experience - Tra…,Vasco da Gama Matchday Experie…,later_lifecycle,approved_same_city,0,same_city,3,96.142302,17,17,2026-04-07,17,"Flamengo Game Experience – Transfer, Tickets and Local Guide Included!",https://homefans.com/product/flamengo-game-experience-red-black-passion/,high,Rio de Janeiro,Brazil,South America,78,2026-04-13,78,126.536989,Vasco da Gama Matchday Experience,https://homefans.com/product/vasco-da-gama-matchday-experience-4/?utm_source=klaviyo&utm_medium=email&utm_campaign=post_purchase_upsell&utm_content=upsell_suggestion_1,2.648,0.217,high,Rio de Janeiro,Brazil,South America,1,1,1.493151,0.058824,0,0.0,0.0,0.018858,3.113122,96.142302,medium,https://homefans.com/product/vasco-da-gama-matchday-experience-4/
1,Platense - Match Day Experienc…,Boca Juniors Matchday Like a L…,later_lifecycle,approved_same_city,0,same_city,1,216.107171,17,18,2026-03-13,18,Platense – Match Day Experience at the home of the Argentine champions.,https://homefans.com/product/platense-match-day-experience/,high,Buenos Aires,Argentina,South America,184,2026-04-13,185,297.326031,Boca Juniors Matchday Like a Local at La Bombonera – Long Side Seats with Transport,https://homefans.com/product/boca-juniors-matchday-experience-4/?utm_source=klaviyo&utm_medium=email&utm_campaign=post_purchase_upsell&utm_content=upsell_suggestion_1,2.438,0.254,high,Buenos Aires,Argentina,South America,2,2,3.454795,0.117647,0,0.0,0.0,0.02277,2.639386,216.107171,high,https://homefans.com/product/boca-juniors-matchday-experience-4/
2,Platense - Match Day Experienc…,Experience River Plate Matchda…,same_order_bundle,approved_same_city,0,same_city,2,143.552373,17,18,2026-03-13,18,Platense – Match Day Experience at the home of the Argentine champions.,https://homefans.com/product/platense-match-day-experience/,high,Buenos Aires,Argentina,South America,125,2026-04-13,128,200.791785,Experience River Plate Matchday like a local at El Monumental – Shortside Seats,https://homefans.com/product/river-plate-matchday-experience/?utm_source=klaviyo&utm_medium=email&utm_campaign=post_purchase_upsell&utm_content=upsell_suggestion_2,2.118,0.5,high,Buenos Aires,Argentina,South America,1,0,0.0,0.0,1,1.756164,0.055556,0.010711,1.942588,143.552373,medium,https://homefans.com/product/river-plate-matchday-experience/
3,Platense - Match Day Experienc…,Velez Sarsfield like a local:…,same_order_bundle,approved_same_city,0,same_city,2,73.87487,17,18,2026-03-13,18,Platense – Match Day Experience at the home of the Argentine champions.,https://homefans.com/product/platense-match-day-experience/,high,Buenos Aires,Argentina,South America,45,2026-04-06,46,78.10411,Velez Sarsfield like a local: Matchday!,https://homefans.com/product/velez-sarsfield-like-a-local-matchday/?utm_source=klaviyo&utm_medium=email&utm_campaign=post_purchase_upsell&utm_content=upsell_suggestion_3,2.771,0.91,high,Buenos Aires,Argentina,South America,3,0,0.0,0.0,1,1.756164,0.055556,0.102536,16.188235,73.87487,medium,https://homefans.com/product/velez-sarsfield-like-a-local-matchday/
1,Flamengo VIP Matchday Experien…,Flamengo Matchday Like a Local…,later_lifecycle,approved_same_city,0,same_city,3,49.346185,16,17,2026-03-31,17,Flamengo VIP Matchday Experience – Exclusive Box Seats,https://homefans.com/product/flamengo-vip-matchday-experience-exclusive-box-seats/,high,Rio de Janeiro,Brazil,South America,29,2026-04-12,29,48.558905,Flamengo Matchday Like a Local | Long Side Tickets & Guide,https://homefans.com/product/watch-flamengo-at-maracana/?utm_source=klaviyo&utm_medium=email&utm_campaign=post_purchase_upsell&utm_content=upsell_suggestion_1,2.357,0.246,high,Rio de Janeiro,Brazil,South America,1,1,1.312329,0.0625,0,0.0,0.0,0.041432,8.896552,49.346185,medium,https://homefans.com/product/watch-flamengo-at-maracana/
1,Buenos Aires: The Ultimate Die…,CA Independiente Local Matchda…,later_lifecycle,approved_same_city,0,same_city,1,80.69659,15,15,2026-04-08,15,Buenos Aires: The Ultimate Diego Maradona Experience in La Paternal,https://homefans.com/product/diego-maradona-the-ultimate-experience/,high,Buenos Aires,Argentina,South America,41,2026-04-13,41,69.630138,CA Independiente Local Matchday Experience,https://homefans.com/product/independiente-local-matchday-experience/?utm_source=klaviyo&utm_medium=email&utm_campaign=post_purchase_upsell&utm_content=upsell_suggestion_1,2.148,0.922,high,Buenos Aires,Argentina,South America,4,2,2.860274,0.133333,0,0.0,0.0,0.156349,26.84878,80.69659,high,https://homefans.com/product/independiente-local-matchday-experience/
2,Buenos Aires: The Ultimate Die…,Boca Juniors Experience: Bombo…,later_lifecycle,approved_same_city,0,same_city,1,72.353591,15,15,2026-04-08,15,Buenos Aires: The Ultimate Diego Maradona Experience in La Paternal,https://homefans.com/product/diego-maradona-the-ultimate-experience/,high,Buenos Aires,Argentina,South America,33,2026-04-10,33,54.093151,"Boca Juniors Experience: Bombonera Tour, Museum & Caminito Walk",https://homefans.com/product/boca-juniors-experience-bombonera-tour-museum-caminito-walk/?utm_source=klaviyo&utm_medium=email&utm_campaign=post_purchase_upsell&utm_content=upsell_suggestion_2,2.193,0.303,high,Buenos Aires,Argentina,South America,3,2,3.30137,0.133333,0,0.0,0.0,0.130208,25.018182,72.353591,high,https://homefans.com/product/boca-juniors-experience-bombonera-tour-museum-caminito-walk/
3,Buenos Aires: The Ultimate Die…,Platense - Match Day Experienc…,later_lifecycle,approved_same_city,0,same_city,1,57.398251,15,15,2026-04-08,15,Buenos Aires: The Ultimate Diego Maradona Experience in La Paternal,https://homefans.com/product/diego-maradona-the-ultimate-experience/,high,Buenos Aires,Argentina,South America,17,2026-03-13,18,29.49589,Platense – Match Day Experience at the home of the Argentine champions.,https://homefans.com/product/platense-match-day-experience/?utm_source=klaviyo&utm_medium=email&utm_campaign=post_purchase_upsell&utm_content=upsell_suggestion_3,1.928,0.211,high,Buenos Aires,Argentina,South America,3,2,3.038357,0.133333,0,0.0,0.0,0.184715,48.564706,57.398251,high,https://homefans.com/product/platense-match-day-experience/
1,Istanbul Matchday Experiences,Fenerbahçe Matchday Experience,later_lifecycle,approved_same_city,0,same_city,1,79.762626,15,16,2025-11-14,16,Istanbul Matchday Experiences,https://homefans.com/product/istanbul-matchday-experiences/,high,Istanbul,Turkey,Europe,42,2026-04-07,45,69.854798,Fenerbahçe Matchday Experience,https://homefans.com/product/fenerbahce-matchday-experience/?utm_source=klaviyo&utm_medium=email&utm_campaign=post_purchase_upsell&utm_content=upsell_suggestion_1,2.67,0.111,high,Istanbul,Turkey,Europe,4,2,2.621918,0.133333,0,0.0,0.0,0.15435,26.209524,79.762626,high,https://homefans.com/product/fenerbahce-matchday-experience/
2,Istanbul Matchday Experiences,Beşiktaş Matchday Experience:…,later_lifecycle,approved_same_city,0,same_city,3,40.573809,15,16,2025-11-14,16,Istanbul Matchday Experiences,https://homefans.com/product/istanbul-matchday-experiences/,high,Istanbul,Turkey,Europe,18,2026-04-07,19,31.232878,Beşiktaş Matchday Experience: the Passion of Turkish Football,https://homefans.com/product/besiktas-matchday-experience-2/?utm_source=klaviyo&utm_medium=email&utm_campaign=post_purchase_upsell&utm_content=upsell_suggestion_2,2.301,0.845,high,Istanbul,Turkey,Europe,1,1,1.443836,0.066667,0,0.0,0.0,0.057106,15.288889,40.573809,medium,https://homefans.com/product/besiktas-matchday-experience-2/
3,Istanbul Matchday Experiences,Galatasaray Matchday Experienc…,later_lifecycle,approved_same_city,0,same_city,3,33.040204,15,16,2025-11-14,16,Istanbul Matchday Experiences,https://homefans.com/product/istanbul-matchday-experiences/,high,Istanbul,Turkey,Europe,8,2026-03-17,8,13.958904,Galatasaray Matchday Experiences,https://homefans.com/product/galatasaray-matchday-experiences/?utm_source=klaviyo&utm_medium=email&utm_campaign=post_purchase_upsell&utm_content=upsell_suggestion_3,2.21,0.232,high,Istanbul,Turkey,Europe,1,1,1.624658,0.066667,0,0.0,0.0,0.088881,34.4,33.040204,medium,https://homefans.com/product/galatasaray-matchday-experiences/
1,Ajax Amsterdam Matchday Experi…,FC Utrecht matchday experience,later_lifecycle,approved_same_country,1,same_country,3,28.63994,13,13,2026-02-01,13,Ajax Amsterdam Matchday Experience,https://homefans.com/product/ajax-amsterdam-matchday-experience/,high,Amsterdam,Netherlands,Europe,3,2025-09-28,3,4.257534,FC Utrecht matchday experience,https://homefans.com/product/fc-utrecht-matchday-and-old-town-utrecht-experience/?utm_source=klaviyo&utm_medium=email&utm_campaign=post_purchase_upsell&utm_content=upsell_suggestion_1,3.251,0.334,high,Utrecht,Netherlands,Europe,1,1,1.460274,0.076923,0,0.0,0.0,0.158923,105.846154,28.63994,medium,https://homefans.com/product/fc-utrecht-matchday-and-old-town-utrecht-experience/
1,FC Barcelona Matchday Experien…,FC Barcelona Museum Tour with…,lifetime_overlap,approved_same_city,0,same_city,4,19.718333,13,14,2026-04-10,14,FC Barcelona Matchday Experience,https://homefans.com/product/%f0%9f%94%b4%f0%9f%94%b5fc-barcelona-matchday-experience-%f0%9f%94%b4%f0%9f%94%b5/,high,Barcelona,Spain,Europe,1,2025-11-14,1,1.589041,FC Barcelona Museum Tour with Tapas,https://homefans.com/product/fc-barcelona-museum-tour-with-tapas/?utm_source=klaviyo&utm_medium=email&utm_campaign=post_purchase_upsell&utm_content=upsell_suggestion_1,3.442,0.581,high,Barcelona,Spain,Europe,1,0,0.0,0.0,0,0.0,0.0,0.276947,317.538462,19.718333,low,https://homefans.com/product/fc-barcelona-museum-tour-with-tapas/
1,🎟️🚐 Boca Juniors Game in Secto…,Argentinos Juniors Matchday Ex…,later_lifecycle,approved_same_city,0,same_city,3,90.772157,13,14,2026-02-23,14,🎟️🚐 Boca Juniors Game in Sector K: Local Host + Transport Included,https://homefans.com/product/boca-juniors-match-day-experience-2/,high,Buenos Aires,Argentina,South America,70,2026-04-06,70,118.808219,Argentinos Juniors Matchday Experience & Museum tour,https://homefans.com/product/diego-armando-maradona-stadium-behind-the-scenes-matchday-experience/?utm_source=klaviyo&utm_medium=email&utm_campaign=post_purchase_upsell&utm_content=upsell_suggestion_1,2.404,0.806,high,Buenos Aires,Argentina,South America,1,1,1.454795,0.076923,0,0.0,0.0,0.026105,4.536264,90.772157,medium,https://homefans.com/product/diego-armando-maradona-stadium-behind-the-scenes-matchday-experience/
2,🎟️🚐 Boca Juniors Game in Secto…,Watch a game at Huracán - Toma…,later_lifecycle,approved_same_city,0,same_city,3,70.011598,13,14,2026-02-23,14,🎟️🚐 Boca Juniors Game in Sector K: Local Host + Transport Included,https://homefans.com/product/boca-juniors-match-day-experience-2/,high,Buenos Aires,Argentina,South America,49,2026-04-13,51,82.87945,Watch a game at Huracán – Tomas Ducó stadium!,https://homefans.com/product/watch-a-game-at-huracan-at-tomas-duco-stadium/?utm_source=klaviyo&utm_medium=email&utm_campaign=post_purchase_upsell&utm_content=upsell_suggestion_2,2.205,1.22,high,Buenos Aires,Argentina,South America,1,1,1.454795,0.076923,0,0.0,0.0,0.033761,6.480377,70.011598,medium,https://homefans.com/product/watch-a-game-at-huracan-at-tomas-duco-stadium/
3,🎟️🚐 Boca Juniors Game in Secto…,Racing Club Local Matchday Exp…,later_lifecycle,approved_same_city,0,same_city,3,65.020895,13,14,2026-02-23,14,🎟️🚐 Boca Juniors Game in Sector K: Local Host + Transport Included,https://homefans.com/product/boca-juniors-match-day-experience-2/,high,Buenos Aires,Argentina,South America,41,2026-04-07,43,68.778082,Racing Club Local Matchday Experience,https://homefans.com/product/racing-club-local-matchday-experience/?utm_source=klaviyo&utm_medium=email&utm_campaign=post_purchase_upsell&utm_content=upsell_suggestion_3,2.32,0.695,high,Buenos Aires,Argentina,South America,2,1,1.454795,0.076923,0,0.0,0.0,0.081571,15.489681,65.020895,medium,https://homefans.com/product/racing-club-local-matchday-experience/
1,Botafogo FR Matchday Experienc…,🏆 Top Rated | Fluminense Match…,later_lifecycle,approved_same_city,0,same_city,3,194.275578,12,12,2026-03-13,12,Botafogo FR Matchday Experience,https://homefans.com/product/botafogo-fr-matchday-experience/,high,Rio de Janeiro,Brazil,South America,174,2026-04-10,178,290.660276,🏆 Top Rated | Fluminense Matchday Experience,https://homefans.com/product/see-fluminense-live-in-the-iconic-maracana/?utm_source=klaviyo&utm_medium=email&utm_campaign=post_purchase_upsell&utm_content=upsell_suggestion_1,2.316,1.079,high,Rio de Janeiro,Brazil,South America,1,1,1.460274,0.083333,0,0.0,0.0,0.011066,1.977011,194.275578,medium,https://homefans.com/product/see-fluminense-live-in-the-iconic-maracana/
2,Botafogo FR Matchday Experienc…,⭐ Best Rated | Flamengo Matchd…,lifetime_overlap,approved_same_city,0,same_city,4,191.814357,12,12,2026-03-13,12,Botafogo FR Matchday Experience,https://homefans.com/product/botafogo-fr-matchday-experience/,high,Rio de Janeiro,Brazil,South America,179,2026-04-13,187,308.391772,"⭐ Best Rated | Flamengo Matchday at Maracanã – Tickets, Pre Match Experience & Local Host",https://homefans.com/product/flamengo-match-day-experience-tour/?utm_source=klaviyo&utm_medium=email&utm_campaign=post_purchase_upsell&utm_content=upsell_suggestion_2,1.745,0.708,high,Rio de Janeiro,Brazil,South America,1,0,0.0,0.0,0,0.0,0.0,0.010597,1.921788,191.814357,low,https://homefans.com/product/flamengo-match-day-experience-tour/
3,Botafogo FR Matchday Experienc…,See Fluminense like a local at…,later_lifecycle,approved_same_city,0,same_city,5,440.810389,12,12,2026-03-13,12,Botafogo FR Matchday Experience,https://homefans.com/product/botafogo-fr-matchday-experience/,high,Rio de Janeiro,Brazil,South America,419,2026-04-13,427,695.83289,See Fluminense like a local at Maracanã Stadium,https://homefans.com/product/watch-fluminense-live-at-maracana-stadium/?utm_source=klaviyo&utm_medium=email&utm_campaign=post_purchase_upsell&utm_content=upsell_suggestion_3,2.732,1.547,high,Rio de Janeiro,Brazil,South America,1,1,1.465753,0.083333,0,0.0,0.0,-0.003248,0.821002,440.810389,low,https://homefans.com/product/watch-fluminense-live-at-maracana-stadium/
1,Independiente Medellin Matchda…,Atletico Nacional Matchday Exp…,lifetime_overlap,approved_same_city,0,same_city,4,40.802812,12,12,2026-04-08,12,Independiente Medellin Matchday Experience,https://homefans.com/product/independiente-medellin-matchday-experience-2/,high,Medellín,Colombia,South America,32,2026-03-29,33,50.336985,Atletico Nacional Matchday Experience (Medellin),https://homefans.com/product/atleticonacional-football-tour/?utm_source=klaviyo&utm_medium=email&utm_campaign=post_purchase_upsell&utm_content=upsell_suggestion_1,2.349,0.891,high,Medellín,Colombia,South America,1,0,0.0,0.0,0,0.0,0.0,0.046532,10.75,40.802812,low,https://homefans.com/product/atleticonacional-football-tour/
1,Rome Matchday: The Romanisti E…,Ticket upgrade,same_order_bundle,approved_ancillary_bundle,2,ancillary_bundle,2,36.49606,12,12,2026-04-13,12,Rome Matchday: The Romanisti Experience with AS Roma,https://homefans.com/product/rome-matchday-the-romanisti-experience-with-as-roma/,high,Rome,Italy,Europe,1,2026-03-22,1,1.939726,Ticket upgrade,https://homefans.com/product/ticket-upgrade-2/?utm_source=klaviyo&utm_medium=email&utm_campaign=post_purchase_upsell&utm_content=upsell_suggestion_1,2.476,0.416,high,,,,1,0,0.0,0.0,1,1.939726,0.083333,0.28829,344.0,36.49606,medium,https://homefans.com/product/ticket-upgrade-2/
1,Vasco da Gama Match Day Experi…,BOTAFOGO MATCHDAY EXPERIENCE,later_lifecycle,approved_same_city,0,same_city,3,35.176589,12,12,2026-03-31,12,Vasco da Gama Match Day Experience (Regular stands),https://homefans.com/product/vasco-gama/,high,Rio de Janeiro,Brazil,South America,2,2026-04-13,3,5.624658,BOTAFOGO MATCHDAY EXPERIENCE,https://homefans.com/product/botafogo-matchday-experience-2/?utm_source=klaviyo&utm_medium=email&utm_campaign=post_purchase_upsell&utm_content=upsell_suggestion_1,2.665,0.275,high,Rio de Janeiro,Brazil,South America,1,1,1.980822,0.083333,0,0.0,0.0,0.203282,172.0,35.176589,medium,https://homefans.com/product/botafogo-matchday-experience-2/
2,Vasco da Gama Match Day Experi…,Flamengo Matchday with Transpo…,lifetime_overlap,approved_same_city,0,same_city,4,31.743946,12,12,2026-03-31,12,Vasco da Gama Match Day Experience (Regular stands),https://homefans.com/product/vasco-gama/,high,Rio de Janeiro,Brazil,South America,20,2026-04-09,20,34.561642,Flamengo Matchday with Transport & Long Side seats,https://homefans.com/product/flamengos-game-at-maracana-stadium/?utm_source=klaviyo&utm_medium=email&utm_campaign=post_purchase_upsell&utm_content=upsell_suggestion_2,2.0,0.487,high,Rio de Janeiro,Brazil,South America,1,0,0.0,0.0,0,0.0,0.0,0.061033,17.2,31.743946,low,https://homefans.com/product/flamengos-game-at-maracana-stadium/
3,Vasco da Gama Match Day Experi…,Fluminense Game Experience at…,lifetime_overlap,approved_same_city,0,same_city,4,21.90768,12,12,2026-03-31,12,Vasco da Gama Match Day Experience (Regular stands),https://homefans.com/product/vasco-gama/,high,Rio de Janeiro,Brazil,South America,9,2026-03-09,9,15.101369,Fluminense Game Experience at Maracanã Stadium,https://homefans.com/product/fluminense-game-experience-at-maracana-stadium/?utm_source=klaviyo&utm_medium=email&utm_campaign=post_purchase_upsell&utm_content=upsell_suggestion_3,2.489,0.544,high,Rio de Janeiro,Brazil,South America,1,0,0.0,0.0,0,0.0,0.0,0.093946,38.222222,21.90768,low,https://homefans.com/product/fluminense-game-experience-at-maracana-stadium/
1,Vélez Sarsfield “El Fortín” Ma…,Argentinos Juniors Matchday Ex…,later_lifecycle,approved_same_city,0,same_city,3,93.224321,10,10,2025-11-21,10,Vélez Sarsfield “El Fortín” Matchday Experience,https://homefans.com/product/velez-sarsfield-el-fortin-matchday-experience/,high,Buenos Aires,Argentina,South America,70,2026-04-06,70,118.808219,Argentinos Juniors Matchday Experience & Museum tour,https://homefans.com/product/diego-armando-maradona-stadium-behind-the-scenes-matchday-experience/?utm_source=klaviyo&utm_medium=email&utm_campaign=post_purchase_upsell&utm_content=upsell_suggestion_1,2.404,0.806,high,Buenos Aires,Argentina,South America,1,1,1.821918,0.1,0,0.0,0.0,0.031695,5.897143,93.224321,medium,https://homefans.com/product/diego-armando-maradona-stadium-behind-the-scenes-matchday-experience/
2,Vélez Sarsfield “El Fortín” Ma…,Racing Club Local Matchday Exp…,later_lifecycle,approved_same_city,0,same_city,3,65.987925,10,10,2025-11-21,10,Vélez Sarsfield “El Fortín” Matchday Experience,https://homefans.com/product/velez-sarsfield-el-fortin-matchday-experience/,high,Buenos Aires,Argentina,South America,41,2026-04-07,43,68.778082,Racing Club Local Matchday Experience,https://homefans.com/product/racing-club-local-matchday-experience/?utm_source=klaviyo&utm_medium=email&utm_campaign=post_purchase_upsell&utm_content=upsell_suggestion_2,2.32,0.695,high,Buenos Aires,Argentina,South America,2,1,1.493151,0.1,0,0.0,0.0,0.094452,20.136585,65.987925,medium,https://homefans.com/product/racing-club-local-matchday-experience/
3,Vélez Sarsfield “El Fortín” Ma…,CA Independiente Local Matchda…,later_lifecycle,approved_same_city,0,same_city,3,62.776759,10,10,2025-11-21,10,Vélez Sarsfield “El Fortín” Matchday Experience,https://homefans.com/product/velez-sarsfield-el-fortin-matchday-experience/,high,Buenos Aires,Argentina,South America,41,2026-04-13,41,69.630138,CA Independiente Local Matchday Experience,https://homefans.com/product/independiente-local-matchday-experience/?utm_source=klaviyo&utm_medium=email&utm_campaign=post_purchase_upsell&utm_content=upsell_suggestion_3,2.148,0.922,high,Buenos Aires,Argentina,South America,1,1,1.405479,0.1,0,0.0,0.0,0.044758,10.068293,62.776759,medium,https://homefans.com/product/independiente-local-matchday-experience/
1,Buenos Aires: River Plate Stad…,Watch a game at Huracán - Toma…,later_lifecycle,approved_same_city,0,same_city,1,89.804384,9,9,2026-03-11,9,Buenos Aires: River Plate Stadium & Boca Juniors Museum and Football Tour with lunch,https://homefans.com/product/river-plate-boca-juniors-stadium-football-tour/,high,Buenos Aires,Argentina,South America,49,2026-04-13,51,82.87945,Watch a game at Huracán – Tomas Ducó stadium!,https://homefans.com/product/watch-a-game-at-huracan-at-tomas-duco-stadium/?utm_source=klaviyo&utm_medium=email&utm_campaign=post_purchase_upsell&utm_content=upsell_suggestion_1,2.205,1.22,high,Buenos Aires,Argentina,South America,2,2,3.791781,0.222222,0,0.0,0.0,0.09079,18.721088,89.804384,high,https://homefans.com/product/watch-a-game-at-huracan-at-tomas-duco-stadium/
2,Buenos Aires: River Plate Stad…,CA Independiente Local Matchda…,later_lifecycle,approved_same_city,0,same_city,1,84.723825,9,9,2026-03-11,9,Buenos Aires: River Plate Stadium & Boca Juniors Museum and Football Tour with lunch,https://homefans.com/product/river-plate-boca-juniors-stadium-football-tour/,high,Buenos Aires,Argentina,South America,41,2026-04-13,41,69.630138,CA Independiente Local Matchday Experience,https://homefans.com/product/independiente-local-matchday-experience/?utm_source=klaviyo&utm_medium=email&utm_campaign=post_purchase_upsell&utm_content=upsell_suggestion_2,2.148,0.922,high,Buenos Aires,Argentina,South America,3,2,3.767124,0.222222,0,0.0,0.0,0.152445,33.560976,84.723825,high,https://homefans.com/product/independiente-local-matchday-experience/
3,Buenos Aires: River Plate Stad…,Platense Matchday Experience,later_lifecycle,approved_same_city,0,same_city,1,53.76876,9,9,2026-03-11,9,Buenos Aires: River Plate Stadium & Boca Juniors Museum and Football Tour with lunch,https://homefans.com/product/river-plate-boca-juniors-stadium-football-tour/,high,Buenos Aires,Argentina,South America,7,2026-04-07,7,13.490411,Platense Matchday Experience,https://homefans.com/product/platense-matchday-experience/?utm_source=klaviyo&utm_medium=email&utm_campaign=post_purchase_upsell&utm_content=upsell_suggestion_3,2.67,0.887,high,Buenos Aires,Argentina,South America,2,2,3.761644,0.222222,0,0.0,0.0,0.250539,131.047619,53.76876,high,https://homefans.com/product/platense-matchday-experience/
1,Fluminense Game Experience at…,Vasco da Gama Match Day Experi…,later_lifecycle,approved_same_city,0,same_city,3,37.923803,9,9,2026-03-09,9,Fluminense Game Experience at Maracanã Stadium,https://homefans.com/product/fluminense-game-experience-at-maracana-stadium/,high,Rio de Janeiro,Brazil,South America,12,2026-03-31,12,21.32603,Vasco da Gama Match Day Experience (Regular stands),https://homefans.com/product/vasco-gama/?utm_source=klaviyo&utm_medium=email&utm_campaign=post_purchase_upsell&utm_content=upsell_suggestion_1,2.479,0.249,high,Rio de Janeiro,Brazil,South America,1,1,1.621918,0.111111,0,0.0,0.0,0.093946,38.222222,37.923803,medium,https://homefans.com/product/vasco-gama/
1,Match Day Experience - Huracán…,Boca Juniors Matchday Like a L…,lifetime_overlap,approved_same_city,0,same_city,4,189.637995,9,9,2025-11-05,9,"Match Day Experience – Huracán, with an emblematic stadium",https://homefans.com/product/huracan-match-day-experience/,high,Buenos Aires,Argentina,South America,184,2026-04-13,185,297.326031,Boca Juniors Matchday Like a Local at La Bombonera – Long Side Seats with Transport,https://homefans.com/product/boca-juniors-matchday-experience-4/?utm_source=klaviyo&utm_medium=email&utm_campaign=post_purchase_upsell&utm_content=upsell_suggestion_1,2.438,0.254,high,Buenos Aires,Argentina,South America,1,0,0.0,0.0,0,0.0,0.0,0.015071,2.492754,189.637995,low,https://homefans.com/product/boca-juniors-matchday-experience-4/
1,Red Star Matchday Experience w…,Belgrade Basketball Experience…,later_lifecycle,approved_same_city,0,same_city,3,33.759954,9,10,2026-04-10,10,Red Star Matchday Experience with a local,https://homefans.com/product/red-star-matchday-experience/,high,Belgrade,Serbia,Europe,1,2025-12-16,1,1.676712,Belgrade Basketball Experience: See a Partizan or Red star game with local,https://homefans.com/product/belgrade-basketball-experience-see-a-partizan-or-red-star-game-with-local/?utm_source=klaviyo&utm_medium=email&utm_campaign=post_purchase_upsell&utm_content=upsell_suggestion_1,2.91,0.106,high,Belgrade,Serbia,Europe,1,1,1.676712,0.111111,0,0.0,0.0,0.33301,458.666667,33.759954,medium,https://homefans.com/product/belgrade-basketball-experience-see-a-partizan-or-red-star-game-with-local/
2,Red Star Matchday Experience w…,Belgrade EuroLeague basketball…,lifetime_overlap,approved_same_city,0,same_city,4,19.099282,9,10,2026-04-10,10,Red Star Matchday Experience with a local,https://homefans.com/product/red-star-matchday-experience/,high,Belgrade,Serbia,Europe,5,2025-12-13,5,8.131507,Belgrade EuroLeague basketball matchday experience,https://homefans.com/product/belgrade-euroleague-experience/?utm_source=klaviyo&utm_medium=email&utm_campaign=post_purchase_upsell&utm_content=upsell_suggestion_2,3.275,0.814,high,Belgrade,Serbia,Europe,1,0,0.0,0.0,0,0.0,0.0,0.147697,91.733333,19.099282,low,https://homefans.com/product/belgrade-euroleague-experience/
1,Vélez Sarsfield Matchday Exper…,Argentinos Juniors Matchday Ex…,later_lifecycle,approved_same_city,0,same_city,1,109.659494,9,9,2026-04-11,9,Vélez Sarsfield Matchday Experience 5⭐,https://homefans.com/product/velez-matchday/,high,Buenos Aires,Argentina,South America,70,2026-04-06,70,118.808219,Argentinos Juniors Matchday Experience & Museum tour,https://homefans.com/product/diego-armando-maradona-stadium-behind-the-scenes-matchday-experience/?utm_source=klaviyo&utm_medium=email&utm_campaign=post_purchase_upsell&utm_content=upsell_suggestion_1,2.404,0.806,high,Buenos Aires,Argentina,South America,3,2,3.161644,0.222222,0,0.0,0.0,0.114542,19.657143,109.659494,high,https://homefans.com/product/diego-armando-maradona-stadium-behind-the-scenes-matchday-experience/
2,Vélez Sarsfield Matchday Exper…,Buenos Aires: CA Huracán Match…,later_lifecycle,approved_same_city,0,same_city,1,61.028369,9,9,2026-04-11,9,Vélez Sarsfield Matchday Experience 5⭐,https://homefans.com/product/velez-matchday/,high,Buenos Aires,Argentina,South America,25,2026-04-09,26,40.641094,Buenos Aires: CA Huracán Matchday Experience,https://homefans.com/product/huracan-experience-standing-spots/?utm_source=klaviyo&utm_medium=email&utm_campaign=post_purchase_upsell&utm_content=upsell_suggestion_2,3.304,1.185,high,Buenos Aires,Argentina,South America,2,2,2.690411,0.222222,0,0.0,0.0,0.130236,36.693333,61.028369,high,https://homefans.com/product/huracan-experience-standing-spots/
3,Vélez Sarsfield Matchday Exper…,Boca Juniors Matchday Like a L…,later_lifecycle,approved_same_city,0,same_city,3,202.07635,9,9,2026-04-11,9,Vélez Sarsfield Matchday Experience 5⭐,https://homefans.com/product/velez-matchday/,high,Buenos Aires,Argentina,South America,184,2026-04-13,185,297.326031,Boca Juniors Matchday Like a Local at La Bombonera – Long Side Seats with Transport,https://homefans.com/product/boca-juniors-matchday-experience-4/?utm_source=klaviyo&utm_medium=email&utm_campaign=post_purchase_upsell&utm_content=upsell_suggestion_3,2.438,0.254,high,Buenos Aires,Argentina,South America,1,1,1.687671,0.111111,0,0.0,0.0,0.015071,2.492754,202.07635,medium,https://homefans.com/product/boca-juniors-matchday-experience-4/
1,Galatasaray Matchday Experienc…,Fenerbahçe Matchday Experience,later_lifecycle,approved_same_city,0,same_city,3,71.658392,8,8,2026-03-17,8,Galatasaray Matchday Experiences,https://homefans.com/product/galatasaray-matchday-experiences/,high,Istanbul,Turkey,Europe,42,2026-04-07,45,69.854798,Fenerbahçe Matchday Experience,https://homefans.com/product/fenerbahce-matchday-experience/?utm_source=klaviyo&utm_medium=email&utm_campaign=post_purchase_upsell&utm_content=upsell_suggestion_1,2.67,0.111,high,Istanbul,Turkey,Europe,3,1,1.821918,0.125,0,0.0,0.0,0.160194,36.857143,71.658392,medium,https://homefans.com/product/fenerbahce-matchday-experience/
2,Galatasaray Matchday Experienc…,Istanbul Football Experience:…,lifetime_overlap,approved_same_city,0,same_city,4,42.65708,8,8,2026-03-17,8,Galatasaray Matchday Experiences,https://homefans.com/product/galatasaray-matchday-experiences/,high,Istanbul,Turkey,Europe,33,2026-04-12,33,50.999998,Istanbul Football Experience: Eyüpspor Matchday Experience,https://homefans.com/product/istanbul-football-experience-eyupspor-matchday-experience/?utm_source=klaviyo&utm_medium=email&utm_campaign=post_purchase_upsell&utm_content=upsell_suggestion_2,2.818,0.014,medium,Istanbul,Turkey,Europe,1,0,0.0,0.0,0,0.0,0.0,0.057897,15.636364,42.65708,low,https://homefans.com/product/istanbul-football-experience-eyupspor-matchday-experience/
3,Galatasaray Matchday Experienc…,Beşiktaş Matchday Experience:…,lifetime_overlap,approved_same_city,0,same_city,4,31.136377,8,8,2026-03-17,8,Galatasaray Matchday Experiences,https://homefans.com/product/galatasaray-matchday-experiences/,high,Istanbul,Turkey,Europe,18,2026-04-07,19,31.232878,Beşiktaş Matchday Experience: the Passion of Turkish Football,https://homefans.com/product/besiktas-matchday-experience-2/?utm_source=klaviyo&utm_medium=email&utm_campaign=post_purchase_upsell&utm_content=upsell_suggestion_3,2.301,0.845,high,Istanbul,Turkey,Europe,1,0,0.0,0.0,0,0.0,0.0,0.08068,28.666667,31.136377,low,https://homefans.com/product/besiktas-matchday-experience-2/
1,Platense Matchday Experience,Boca Juniors Matchday Like a L…,later_lifecycle,approved_same_city,0,same_city,3,204.074434,7,7,2026-04-07,7,Platense Matchday Experience,https://homefans.com/product/platense-matchday-experience/,high,Buenos Aires,Argentina,South America,184,2026-04-13,185,297.326031,Boca Juniors Matchday Like a Local at La Bombonera – Long Side Seats with Transport,https://homefans.com/product/boca-juniors-matchday-experience-4/?utm_source=klaviyo&utm_medium=email&utm_campaign=post_purchase_upsell&utm_content=upsell_suggestion_1,2.438,0.254,high,Buenos Aires,Argentina,South America,1,1,1.983562,0.142857,0,0.0,0.0,0.019629,3.204969,204.074434,medium,https://homefans.com/product/boca-juniors-matchday-experience-4/
2,Platense Matchday Experience,CA Independiente Local Matchda…,later_lifecycle,approved_same_city,0,same_city,3,74.491515,7,7,2026-04-07,7,Platense Matchday Experience,https://homefans.com/product/platense-matchday-experience/,high,Buenos Aires,Argentina,South America,41,2026-04-13,41,69.630138,CA Independiente Local Matchday Experience,https://homefans.com/product/independiente-local-matchday-experience/?utm_source=klaviyo&utm_medium=email&utm_campaign=post_purchase_upsell&utm_content=upsell_suggestion_2,2.148,0.922,high,Buenos Aires,Argentina,South America,4,1,1.863014,0.142857,0,0.0,0.0,0.233367,57.533101,74.491515,medium,https://homefans.com/product/independiente-local-matchday-experience/
3,Platense Matchday Experience,Boca Juniors Experience: Bombo…,later_lifecycle,approved_same_city,0,same_city,3,58.038423,7,7,2026-04-07,7,Platense Matchday Experience,https://homefans.com/product/platense-matchday-experience/,high,Buenos Aires,Argentina,South America,33,2026-04-10,33,54.093151,"Boca Juniors Experience: Bombonera Tour, Museum & Caminito Walk",https://homefans.com/product/boca-juniors-experience-bombonera-tour-museum-caminito-walk/?utm_source=klaviyo&utm_medium=email&utm_campaign=post_purchase_upsell&utm_content=upsell_suggestion_3,2.193,0.303,high,Buenos Aires,Argentina,South America,1,1,1.961644,0.142857,0,0.0,0.0,0.062416,17.87013,58.038423,medium,https://homefans.com/product/boca-juniors-experience-bombonera-tour-museum-caminito-walk/
1,Queens Park Rangers (QPR) Matc…,Charlton Athletic Matchday Exp…,later_lifecycle,approved_same_city,0,same_city,1,50.447274,7,7,2026-03-29,7,Queens Park Rangers (QPR) Matchday Experience,https://homefans.com/product/queens-park-rangers-qpr-matchday-experience/,high,London,United Kingdom,Europe,2,2025-11-25,2,3.219178,"Charlton Athletic Matchday Experience – The Valley, London",https://homefans.com/product/charlton-athletic-matchday-experience-the-valley-london/?utm_source=klaviyo&utm_medium=email&utm_campaign=post_purchase_upsell&utm_content=upsell_suggestion_1,2.276,1.015,high,London,United Kingdom,Europe,2,2,3.219178,0.285714,0,0.0,0.0,0.534199,589.714286,50.447274,high,https://homefans.com/product/charlton-athletic-matchday-experience-the-valley-london/
2,Queens Park Rangers (QPR) Matc…,Manchester United Matchday Exp…,later_lifecycle,approved_same_country,1,same_country,3,31.796763,7,7,2026-03-29,7,Queens Park Rangers (QPR) Matchday Experience,https://homefans.com/product/queens-park-rangers-qpr-matchday-experience/,high,London,United Kingdom,Europe,4,2025-12-13,4,6.39726,Manchester United Matchday Experience,https://homefans.com/product/manchester-united-matchday-experience/?utm_source=klaviyo&utm_medium=email&utm_campaign=post_purchase_upsell&utm_content=upsell_suggestion_2,3.034,0.915,high,Manchester,United Kingdom,Europe,1,1,1.616438,0.142857,0,0.0,0.0,0.187951,147.428571,31.796763,medium,https://homefans.com/product/manchester-united-matchday-experience/
1,River Plate – Hospitality VIP…,Boca Juniors Experience: Bombo…,later_lifecycle,approved_same_city,0,same_city,3,57.723353,7,7,2026-04-13,7,River Plate – Hospitality VIP Experience,https://homefans.com/product/river-plate-hospitality-vip-experience/,high,Buenos Aires,Argentina,South America,33,2026-04-10,33,54.093151,"Boca Juniors Experience: Bombonera Tour, Museum & Caminito Walk",https://homefans.com/product/boca-juniors-experience-bombonera-tour-museum-caminito-walk/?utm_source=klaviyo&utm_medium=email&utm_campaign=post_purchase_upsell&utm_content=upsell_suggestion_1,2.193,0.303,high,Buenos Aires,Argentina,South America,1,1,1.89863,0.142857,0,0.0,0.0,0.062416,17.87013,57.723353,medium,https://homefans.com/product/boca-juniors-experience-bombonera-tour-museum-caminito-walk/
1,River Plate – Matchday experie…,Boca Juniors Popular Matchday…,later_lifecycle,approved_same_city,0,same_city,3,106.63317,7,7,2026-04-11,7,River Plate Matchday Experience – short side,https://homefans.com/product/see-river-plate-live-in-el-monumental/,high,Buenos Aires,Argentina,South America,86,2026-04-05,86,137.657534,Boca Juniors Popular Matchday Experience (Standing Section),https://homefans.com/product/boca-juniors-matchday-experience/?utm_source=klaviyo&utm_medium=email&utm_campaign=post_purchase_upsell&utm_content=upsell_suggestion_1,2.738,0.982,high,Buenos Aires,Argentina,South America,1,1,1.805479,0.142857,0,0.0,0.0,0.035212,6.857143,106.63317,medium,https://homefans.com/product/boca-juniors-matchday-experience/
2,River Plate – Matchday experie…,Buenos Aires: CA Huracán Match…,later_lifecycle,approved_same_city,0,same_city,3,50.269572,7,7,2026-04-11,7,River Plate Matchday Experience – short side,https://homefans.com/product/see-river-plate-live-in-el-monumental/,high,Buenos Aires,Argentina,South America,25,2026-04-09,26,40.641094,Buenos Aires: CA Huracán Matchday Experience,https://homefans.com/product/huracan-experience-standing-spots/?utm_source=klaviyo&utm_medium=email&utm_campaign=post_purchase_upsell&utm_content=upsell_suggestion_2,3.304,1.185,high,Buenos Aires,Argentina,South America,1,1,1.890411,0.142857,0,0.0,0.0,0.07267,23.588571,50.269572,medium,https://homefans.com/product/huracan-experience-standing-spots/
1,São Paulo FC Match Day Experie…,Botafogo Matchday Experience w…,lifetime_overlap,approved_same_country,1,same_country,4,173.263164,7,7,2026-04-11,7,São Paulo FC Match Day Experience with Guilherme,https://homefans.com/product/match-day-experience-with-guilherme/,high,São Paulo,Brazil,South America,167,2026-04-13,168,269.446588,BOTAFOGO MATCHDAY EXPERIENCE,https://homefans.com/product/botafogo-matchday-experience-2/?utm_source=klaviyo&utm_medium=email&utm_campaign=post_purchase_upsell&utm_content=upsell_suggestion_1,2.631,0.251,high,Rio de Janeiro,Brazil,South America,1,0,0.0,0.0,0,0.0,0.0,0.021421,3.531223,173.263164,low,https://homefans.com/product/botafogo-matchday-experience-2/
1,VIP Match Day Experience - San…,Platense - Match Day Experienc…,same_order_bundle,approved_same_city,0,same_city,2,41.895039,7,7,2026-04-13,7,"VIP Match Day Experience – San Lorenzo, one of the 5 greats of Argentine football",https://homefans.com/product/san-lorenzo-match-day-experience/,high,Buenos Aires,Argentina,South America,17,2026-03-13,18,29.49589,Platense – Match Day Experience at the home of the Argentine champions.,https://homefans.com/product/platense-match-day-experience/?utm_source=klaviyo&utm_medium=email&utm_campaign=post_purchase_upsell&utm_content=upsell_suggestion_1,1.928,0.211,high,Buenos Aires,Argentina,South America,1,0,0.0,0.0,1,1.391781,0.142857,0.089287,34.689076,41.895039,medium,https://homefans.com/product/platense-match-day-experience/
2,VIP Match Day Experience - San…,River Plate Matchday Experienc…,later_lifecycle,approved_same_city,0,same_city,3,87.002117,7,7,2026-04-13,7,"VIP Match Day Experience – San Lorenzo, one of the 5 greats of Argentine football",https://homefans.com/product/san-lorenzo-match-day-experience/,high,Buenos Aires,Argentina,South America,64,2026-04-11,64,103.358908,River Plate Matchday Experience – short side,https://homefans.com/product/see-river-plate-live-in-el-monumental/?utm_source=klaviyo&utm_medium=email&utm_campaign=post_purchase_upsell&utm_content=upsell_suggestion_2,2.369,0.048,high,Buenos Aires,Argentina,South America,1,1,1.994521,0.142857,0,0.0,0.0,0.042485,9.214286,87.002117,medium,https://homefans.com/product/see-river-plate-live-in-el-monumental/
3,VIP Match Day Experience - San…,Boca Juniors Matchday Like a L…,lifetime_overlap,approved_same_city,0,same_city,4,192.91538,7,7,2026-04-13,7,"VIP Match Day Experience – San Lorenzo, one of the 5 greats of Argentine football",https://homefans.com/product/san-lorenzo-match-day-experience/,high,Buenos Aires,Argentina,South America,184,2026-04-13,185,297.326031,Boca Juniors Matchday Like a Local at La Bombonera – Long Side Seats with Transport,https://homefans.com/product/boca-juniors-matchday-experience-4/?utm_source=klaviyo&utm_medium=email&utm_campaign=post_purchase_upsell&utm_content=upsell_suggestion_3,2.438,0.254,high,Buenos Aires,Argentina,South America,2,0,0.0,0.0,0,0.0,0.0,0.048159,6.409938,192.91538,medium,https://homefans.com/product/boca-juniors-matchday-experience-4/
1,🎟️ River Plate Matchday Experi…,Boca Juniors Experience: Bombo…,later_lifecycle,approved_same_city,0,same_city,3,58.038423,7,7,2026-04-09,7,River Plate Matchday Experience – short side,https://homefans.com/product/see-river-plate-live-in-el-monumental/,high,Buenos Aires,Argentina,South America,33,2026-04-10,33,54.093151,"Boca Juniors Experience: Bombonera Tour, Museum & Caminito Walk",https://homefans.com/product/boca-juniors-experience-bombonera-tour-museum-caminito-walk/?utm_source=klaviyo&utm_medium=email&utm_campaign=post_purchase_upsell&utm_content=upsell_suggestion_1,2.193,0.303,high,Buenos Aires,Argentina,South America,1,1,1.961644,0.142857,0,0.0,0.0,0.062416,17.87013,58.038423,medium,https://homefans.com/product/boca-juniors-experience-bombonera-tour-museum-caminito-walk/
2,🎟️ River Plate Matchday Experi…,Experience River Plate Matchda…,lifetime_overlap,approved_same_city,0,same_city,4,131.75055,7,7,2026-04-09,7,River Plate Matchday Experience – short side,https://homefans.com/product/see-river-plate-live-in-el-monumental/,high,Buenos Aires,Argentina,South America,125,2026-04-13,128,200.791785,Experience River Plate Matchday like a local at El Monumental – Shortside Seats,https://homefans.com/product/river-plate-matchday-experience/?utm_source=klaviyo&utm_medium=email&utm_campaign=post_purchase_upsell&utm_content=upsell_suggestion_2,2.118,0.5,high,Buenos Aires,Argentina,South America,1,0,0.0,0.0,0,0.0,0.0,0.027076,4.717714,131.75055,low,https://homefans.com/product/river-plate-matchday-experience/
3,🎟️ River Plate Matchday Experi…,🏆 Top Rated Boca Experience |…,lifetime_overlap,approved_same_city,0,same_city,4,60.446425,7,7,2026-04-09,7,River Plate Matchday Experience – short side,https://homefans.com/product/see-river-plate-live-in-el-monumental/,high,Buenos Aires,Argentina,South America,48,2026-04-06,50,84.227398,🏆 Top Rated Boca Experience | Premium Seats | Full Transfer,https://homefans.com/product/boca-juniors-matchday-experience-lower-sector-few-meters-from-the-field/?utm_source=klaviyo&utm_medium=email&utm_campaign=post_purchase_upsell&utm_content=upsell_suggestion_3,2.288,0.967,high,Buenos Aires,Argentina,South America,1,0,0.0,0.0,0,0.0,0.0,0.050451,12.285714,60.446425,low,https://homefans.com/product/boca-juniors-matchday-experience-lower-sector-few-meters-from-the-field/
1,Huracán Matchday Experience,San Lorenzo Matchday Experienc…,later_lifecycle,approved_same_city,0,same_city,3,59.845165,6,6,2026-02-24,6,Huracán Matchday Experience,https://homefans.com/product/huracan-matchday-experience/,high,Buenos Aires,Argentina,South America,37,2026-04-13,39,63.816441,San Lorenzo Matchday Experience,https://homefans.com/product/san-lorenzo-matchday-experience/?utm_source=klaviyo&utm_medium=email&utm_campaign=post_purchase_upsell&utm_content=upsell_suggestion_1,2.595,0.055,high,Buenos Aires,Argentina,South America,1,1,1.232877,0.166667,0,0.0,0.0,0.063839,18.594595,59.845165,medium,https://homefans.com/product/san-lorenzo-matchday-experience/
2,Huracán Matchday Experience,Vélez Sarsfield “El Fortín” Ma…,later_lifecycle,approved_same_city,0,same_city,3,32.445371,6,6,2026-02-24,6,Huracán Matchday Experience,https://homefans.com/product/huracan-matchday-experience/,high,Buenos Aires,Argentina,South America,10,2025-11-21,10,14.093152,Vélez Sarsfield “El Fortín” Matchday Experience,https://homefans.com/product/velez-sarsfield-el-fortin-matchday-experience/?utm_source=klaviyo&utm_medium=email&utm_campaign=post_purchase_upsell&utm_content=upsell_suggestion_2,2.792,1.0,high,Buenos Aires,Argentina,South America,1,1,1.232877,0.166667,0,0.0,0.0,0.12747,68.8,32.445371,medium,https://homefans.com/product/velez-sarsfield-el-fortin-matchday-experience/
1,The Ultimate Superclásico: Riv…,Boca Juniors Experience: Bombo…,later_lifecycle,approved_same_city,0,same_city,3,58.62225,6,6,2026-02-17,6,The Ultimate Superclásico: River Plate v Boca Juniors,https://homefans.com/product/superclasico/,high,Buenos Aires,Argentina,South America,33,2026-04-10,33,54.093151,"Boca Juniors Experience: Bombonera Tour, Museum & Caminito Walk",https://homefans.com/product/boca-juniors-experience-bombonera-tour-museum-caminito-walk/?utm_source=klaviyo&utm_medium=email&utm_campaign=post_purchase_upsell&utm_content=upsell_suggestion_1,2.193,0.303,high,Buenos Aires,Argentina,South America,1,1,1.991781,0.166667,0,0.0,0.0,0.06798,20.848485,58.62225,medium,https://homefans.com/product/boca-juniors-experience-bombonera-tour-museum-caminito-walk/
2,The Ultimate Superclásico: Riv…,Buenos Aires: The Ultimate Die…,later_lifecycle,approved_same_city,0,same_city,3,41.910903,6,6,2026-02-17,6,The Ultimate Superclásico: River Plate v Boca Juniors,https://homefans.com/product/superclasico/,high,Buenos Aires,Argentina,South America,15,2026-04-08,15,22.419178,Buenos Aires: The Ultimate Diego Maradona Experience in La Paternal,https://homefans.com/product/diego-maradona-the-ultimate-experience/?utm_source=klaviyo&utm_medium=email&utm_campaign=post_purchase_upsell&utm_content=upsell_suggestion_2,3.016,0.942,high,Buenos Aires,Argentina,South America,1,1,1.983562,0.166667,0,0.0,0.0,0.103374,45.866667,41.910903,medium,https://homefans.com/product/diego-maradona-the-ultimate-experience/
3,The Ultimate Superclásico: Riv…,ARGENTINA & BRAZIL: Rio de Jan…,lifetime_overlap,approved_same_city,0,same_city,4,22.114515,6,6,2026-02-17,6,The Ultimate Superclásico: River Plate v Boca Juniors,https://homefans.com/product/superclasico/,high,Buenos Aires,Argentina,South America,3,2026-03-27,3,4.824658,ARGENTINA & BRAZIL: Rio de Janeiro to Buenos Aires,https://homefans.com/product/brazil-argentina-small-group-adventures/?utm_source=klaviyo&utm_medium=email&utm_campaign=post_purchase_upsell&utm_content=upsell_suggestion_3,3.066,1.198,high,Buenos Aires,Argentina,South America,1,0,0.0,0.0,0,0.0,0.0,0.234931,229.333333,22.114515,low,https://homefans.com/product/brazil-argentina-small-group-adventures/
1,Belgrade EuroLeague basketball…,Red Star Matchday Experience w…,later_lifecycle,approved_same_city,0,same_city,3,37.825172,5,5,2025-12-13,5,Belgrade EuroLeague basketball matchday experience,https://homefans.com/product/belgrade-euroleague-experience/,high,Belgrade,Serbia,Europe,9,2026-04-10,10,15.715069,Red Star Matchday Experience with a local,https://homefans.com/product/red-star-matchday-experience/?utm_source=klaviyo&utm_medium=email&utm_campaign=post_purchase_upsell&utm_content=upsell_suggestion_1,2.77,0.675,high,Belgrade,Serbia,Europe,1,1,1.668493,0.2,0,0.0,0.0,0.147697,91.733333,37.825172,medium,https://homefans.com/product/red-star-matchday-experience/
2,Belgrade EuroLeague basketball…,Belgrade Basketball Experience…,later_lifecycle,approved_same_city,0,same_city,3,36.594843,5,5,2025-12-13,5,Belgrade EuroLeague basketball matchday experience,https://homefans.com/product/belgrade-euroleague-experience/,high,Belgrade,Serbia,Europe,1,2025-12-16,1,1.676712,Belgrade Basketball Experience: See a Partizan or Red star game with local,https://homefans.com/product/belgrade-basketball-experience-see-a-partizan-or-red-star-game-with-local/?utm_source=klaviyo&utm_medium=email&utm_campaign=post_purchase_upsell&utm_content=upsell_suggestion_2,2.91,0.106,high,Belgrade,Serbia,Europe,1,1,1.676712,0.2,0,0.0,0.0,0.446997,825.6,36.594843,medium,https://homefans.com/product/belgrade-basketball-experience-see-a-partizan-or-red-star-game-with-local/
3,Belgrade EuroLeague basketball…,Partizan Belgrade Matchday Exp…,later_lifecycle,approved_same_city,0,same_city,3,33.982893,5,5,2025-12-13,5,Belgrade EuroLeague basketball matchday experience,https://homefans.com/product/belgrade-euroleague-experience/,high,Belgrade,Serbia,Europe,2,2025-12-05,2,2.99452,Partizan Belgrade Matchday Experience,https://homefans.com/product/experience-a-partizan-home-game-in-belgrade/?utm_source=klaviyo&utm_medium=email&utm_campaign=post_purchase_upsell&utm_content=upsell_suggestion_3,2.97,1.088,high,Belgrade,Serbia,Europe,1,1,1.646575,0.2,0,0.0,0.0,0.315729,412.8,33.982893,medium,https://homefans.com/product/experience-a-partizan-home-game-in-belgrade/
1,Estudiantes de La Plata VIP Ma…,Platense - Match Day Experienc…,later_lifecycle,approved_same_city,0,same_city,1,58.171069,5,5,2025-10-27,5,Estudiantes de La Plata VIP Matchday Experience,https://homefans.com/product/estudiantes-de-la-plata-match-day-experience/,high,Buenos Aires,Argentina,South America,17,2026-03-13,18,29.49589,Platense – Match Day Experience at the home of the Argentine champions.,https://homefans.com/product/platense-match-day-experience/?utm_source=klaviyo&utm_medium=email&utm_campaign=post_purchase_upsell&utm_content=upsell_suggestion_1,1.928,0.211,high,Buenos Aires,Argentina,South America,2,2,2.978082,0.4,0,0.0,0.0,0.215271,97.129412,58.171069,high,https://homefans.com/product/platense-match-day-experience/
2,Estudiantes de La Plata VIP Ma…,Buenos Aires: The Ultimate Die…,later_lifecycle,approved_same_city,0,same_city,3,39.604367,5,5,2025-10-27,5,Estudiantes de La Plata VIP Matchday Experience,https://homefans.com/product/estudiantes-de-la-plata-match-day-experience/,high,Buenos Aires,Argentina,South America,15,2026-04-08,15,22.419178,Buenos Aires: The Ultimate Diego Maradona Experience in La Paternal,https://homefans.com/product/diego-maradona-the-ultimate-experience/?utm_source=klaviyo&utm_medium=email&utm_campaign=post_purchase_upsell&utm_content=upsell_suggestion_2,3.016,0.942,high,Buenos Aires,Argentina,South America,1,1,1.408219,0.2,0,0.0,0.0,0.113648,55.04,39.604367,medium,https://homefans.com/product/diego-maradona-the-ultimate-experience/
3,Estudiantes de La Plata VIP Ma…,Boca Juniors Matchday Experien…,lifetime_overlap,approved_same_city,0,same_city,4,79.399395,5,5,2025-10-27,5,Estudiantes de La Plata VIP Matchday Experience,https://homefans.com/product/estudiantes-de-la-plata-match-day-experience/,high,Buenos Aires,Argentina,South America,68,2026-04-12,70,105.704108,Boca Juniors Matchday Experience – Special VIP Box Seats!,https://homefans.com/product/boca-juniors-matchday-experience-3/?utm_source=klaviyo&utm_medium=email&utm_campaign=post_purchase_upsell&utm_content=upsell_suggestion_3,2.319,0.003,medium,Buenos Aires,Argentina,South America,2,0,0.0,0.0,0,0.0,0.0,0.104929,24.282353,79.399395,medium,https://homefans.com/product/boca-juniors-matchday-experience-3/
1,Lanús Matchday Experience,CA Independiente Local Matchda…,later_lifecycle,approved_same_city,0,same_city,1,82.173767,5,5,2026-03-17,5,Lanús Matchday Experience,https://homefans.com/product/lanus-matchday-experience/,high,Buenos Aires,Argentina,South America,41,2026-04-13,41,69.630138,CA Independiente Local Matchday Experience,https://homefans.com/product/independiente-local-matchday-experience/?utm_source=klaviyo&utm_medium=email&utm_campaign=post_purchase_upsell&utm_content=upsell_suggestion_1,2.148,0.922,high,Buenos Aires,Argentina,South America,2,2,3.405479,0.4,0,0.0,0.0,0.136982,40.273171,82.173767,high,https://homefans.com/product/independiente-local-matchday-experience/
2,Lanús Matchday Experience,San Lorenzo Matchday Experienc…,later_lifecycle,approved_same_city,0,same_city,1,80.027303,5,5,2026-03-17,5,Lanús Matchday Experience,https://homefans.com/product/lanus-matchday-experience/,high,Buenos Aires,Argentina,South America,37,2026-04-13,39,63.816441,San Lorenzo Matchday Experience,https://homefans.com/product/san-lorenzo-matchday-experience/?utm_source=klaviyo&utm_medium=email&utm_campaign=post_purchase_upsell&utm_content=upsell_suggestion_2,2.595,0.055,high,Buenos Aires,Argentina,South America,3,2,3.076712,0.4,0,0.0,0.0,0.218382,66.940541,80.027303,high,https://homefans.com/product/san-lorenzo-matchday-experience/
3,Lanús Matchday Experience,Argentinos Juniors Matchday Ex…,lifetime_overlap,approved_same_city,0,same_city,4,81.871561,5,5,2026-03-17,5,Lanús Matchday Experience,https://homefans.com/product/lanus-matchday-experience/,high,Buenos Aires,Argentina,South America,70,2026-04-06,70,118.808219,Argentinos Juniors Matchday Experience & Museum tour,https://homefans.com/product/diego-armando-maradona-stadium-behind-the-scenes-matchday-experience/?utm_source=klaviyo&utm_medium=email&utm_campaign=post_purchase_upsell&utm_content=upsell_suggestion_3,2.404,0.806,high,Buenos Aires,Argentina,South America,1,0,0.0,0.0,0,0.0,0.0,0.04937,11.794286,81.871561,low,https://homefans.com/product/diego-armando-maradona-stadium-behind-the-scenes-matchday-experience/
1,Santa Marta Favela Tour,Botafogo Matchday Experience w…,lifetime_overlap,approved_same_city,0,same_city,4,174.022863,5,5,2026-02-11,5,"Santa Marta Favela Tour, Football Game w/ Locals & Traditional Lunch",https://homefans.com/product/santa-marta-favela-tour-football-game-w-locals-traditional-lunch/,high,Rio de Janeiro,Brazil,South America,167,2026-04-13,168,269.446588,BOTAFOGO MATCHDAY EXPERIENCE,https://homefans.com/product/botafogo-matchday-experience-2/?utm_source=klaviyo&utm_medium=email&utm_campaign=post_purchase_upsell&utm_content=upsell_suggestion_1,2.631,0.251,high,Rio de Janeiro,Brazil,South America,1,0,0.0,0.0,0,0.0,0.0,0.028199,4.943713,174.022863,low,https://homefans.com/product/botafogo-matchday-experience-2/
2,Santa Marta Favela Tour,Flamengo Matchday Adventure -…,lifetime_overlap,approved_same_city,0,same_city,4,168.171347,5,5,2026-02-11,5,"Santa Marta Favela Tour, Football Game w/ Locals & Traditional Lunch",https://homefans.com/product/santa-marta-favela-tour-football-game-w-locals-traditional-lunch/,high,Rio de Janeiro,Brazil,South America,169,2026-04-13,169,253.136988,Flamengo Matchday Adventure – Experience our Atmosphere!,https://homefans.com/product/flamengo-matchday-experience-2/?utm_source=klaviyo&utm_medium=email&utm_campaign=post_purchase_upsell&utm_content=upsell_suggestion_2,2.486,0.926,high,Rio de Janeiro,Brazil,South America,1,0,0.0,0.0,0,0.0,0.0,0.027954,4.885207,168.171347,low,https://homefans.com/product/flamengo-matchday-experience-2/
3,Santa Marta Favela Tour,São Paulo FC Matchday Experien…,lifetime_overlap,approved_same_country,1,same_country,4,78.728868,5,5,2026-02-11,5,"Santa Marta Favela Tour, Football Game w/ Locals & Traditional Lunch",https://homefans.com/product/santa-marta-favela-tour-football-game-w-locals-traditional-lunch/,high,Rio de Janeiro,Brazil,South America,69,2026-04-10,69,111.56439,São Paulo FC Matchday Experience,https://homefans.com/product/sao-paulo-fc-matchday-experience/?utm_source=klaviyo&utm_medium=email&utm_campaign=post_purchase_upsell&utm_content=upsell_suggestion_3,3.21,0.005,high,São Paulo,Brazil,South America,1,0,0.0,0.0,0,0.0,0.0,0.049786,11.965217,78.728868,low,https://homefans.com/product/sao-paulo-fc-matchday-experience/
1,Slavia Prague Matchday Experie…,Sparta Prague Matchday Experie…,lifetime_overlap,approved_same_city,0,same_city,4,23.358723,5,5,2026-03-31,5,Slavia Prague Matchday Experience,https://homefans.com/product/slavia-prague-matchday-experience/,high,Prague,Czech Republic,Europe,4,2026-03-29,5,7.99726,Sparta Prague Matchday Experience,https://homefans.com/product/local-sparta-praha-slavia-prague-match-day-experience/?utm_source=klaviyo&utm_medium=email&utm_campaign=post_purchase_upsell&utm_content=upsell_suggestion_1,3.065,1.011,high,Prague,Czech Republic,Europe,1,0,0.0,0.0,0,0.0,0.0,0.222766,206.4,23.358723,low,https://homefans.com/product/local-sparta-praha-slavia-prague-match-day-experience/
1,Vasco da Gama Match Experience,🏆 Top Rated | Fluminense Match…,later_lifecycle,approved_same_city,0,same_city,3,198.566568,5,5,2026-03-26,5,Vasco da Gama Match Experience,https://homefans.com/product/vasco-da-gama-match-experience-the-most-hostile-ground-as-a-local/,high,Rio de Janeiro,Brazil,South America,174,2026-04-10,178,290.660276,🏆 Top Rated | Fluminense Matchday Experience,https://homefans.com/product/see-fluminense-live-in-the-iconic-maracana/?utm_source=klaviyo&utm_medium=email&utm_campaign=post_purchase_upsell&utm_content=upsell_suggestion_1,2.316,1.079,high,Rio de Janeiro,Brazil,South America,1,1,1.950685,0.2,0,0.0,0.0,0.027357,4.744828,198.566568,medium,https://homefans.com/product/see-fluminense-live-in-the-iconic-maracana/
2,Vasco da Gama Match Experience,Botafogo Matchday Experience w…,lifetime_overlap,approved_same_city,0,same_city,4,174.022863,5,5,2026-03-26,5,Vasco da Gama Match Experience,https://homefans.com/product/vasco-da-gama-match-experience-the-most-hostile-ground-as-a-local/,high,Rio de Janeiro,Brazil,South America,167,2026-04-13,168,269.446588,BOTAFOGO MATCHDAY EXPERIENCE,https://homefans.com/product/botafogo-matchday-experience-2/?utm_source=klaviyo&utm_medium=email&utm_campaign=post_purchase_upsell&utm_content=upsell_suggestion_2,2.631,0.251,high,Rio de Janeiro,Brazil,South America,1,0,0.0,0.0,0,0.0,0.0,0.028199,4.943713,174.022863,low,https://homefans.com/product/botafogo-matchday-experience-2/
3,Vasco da Gama Match Experience,Fluminense Matchday Experience…,lifetime_overlap,approved_same_city,0,same_city,4,171.981942,5,5,2026-03-26,5,Vasco da Gama Match Experience,https://homefans.com/product/vasco-da-gama-match-experience-the-most-hostile-ground-as-a-local/,high,Rio de Janeiro,Brazil,South America,158,2026-04-12,162,271.93699,Fluminense Matchday Experience – Long Side Seats,https://homefans.com/product/fluminense-matchday-experience-short-side-seats/?utm_source=klaviyo&utm_medium=email&utm_campaign=post_purchase_upsell&utm_content=upsell_suggestion_3,2.426,0.233,high,Rio de Janeiro,Brazil,South America,1,0,0.0,0.0,0,0.0,0.0,0.029354,5.225316,171.981942,low,https://homefans.com/product/fluminense-matchday-experience-short-side-seats/
1,Boca Juniors Football Match Ex…,Boca Juniors Experience: Bombo…,later_lifecycle,approved_same_city,0,same_city,3,57.783647,4,4,2025-10-16,4,Boca Juniors Popular Matchday Experience (Standing Section),https://homefans.com/product/boca-juniors-matchday-experience/,high,Buenos Aires,Argentina,South America,33,2026-04-10,33,54.093151,"Boca Juniors Experience: Bombonera Tour, Museum & Caminito Walk",https://homefans.com/product/boca-juniors-experience-bombonera-tour-museum-caminito-walk/?utm_source=klaviyo&utm_medium=email&utm_campaign=post_purchase_upsell&utm_content=upsell_suggestion_1,2.193,0.303,high,Buenos Aires,Argentina,South America,1,1,1.589041,0.25,0,0.0,0.0,0.084635,31.272727,57.783647,medium,https://homefans.com/product/boca-juniors-experience-bombonera-tour-museum-caminito-walk/
2,Boca Juniors Football Match Ex…,Buenos Aires: Discover Buenos…,later_lifecycle,approved_same_city,0,same_city,3,34.754864,4,4,2025-10-16,4,Boca Juniors Popular Matchday Experience (Standing Section),https://homefans.com/product/boca-juniors-matchday-experience/,high,Buenos Aires,Argentina,South America,2,2025-11-13,2,3.164383,Buenos Aires: Discover Buenos Aires’ Football Legacy by bike,https://homefans.com/product/murals-of-buenos-aires-the-spirit-of-football-on-the-streets/?utm_source=klaviyo&utm_medium=email&utm_campaign=post_purchase_upsell&utm_content=upsell_suggestion_2,3.133,0.988,high,Buenos Aires,Argentina,South America,1,1,1.586301,0.25,0,0.0,0.0,0.353125,516.0,34.754864,medium,https://homefans.com/product/murals-of-buenos-aires-the-spirit-of-football-on-the-streets/
1,C.D. Guadalajara: Las Chivas M…,Mexico City: Matchday Experien…,lifetime_overlap,approved_same_country,1,same_country,4,22.631578,4,4,2026-02-14,4,"C.D. Guadalajara: Las Chivas Matchday experience (@Guadalajara, Mexico)",https://homefans.com/product/c-d-guadalajara-las-chivas-matchday-experience/,high,Guadalajara,Mexico,North America,2,2025-10-13,2,2.684932,"Club América Match Day Experience, México City",https://homefans.com/product/club-america-match-day-experience-mexico-city/?utm_source=klaviyo&utm_medium=email&utm_campaign=post_purchase_upsell&utm_content=upsell_suggestion_1,1.829,0.045,high,Mexico City,Mexico,North America,1,0,0.0,0.0,0,0.0,0.0,0.353125,516.0,22.631578,low,https://homefans.com/product/club-america-match-day-experience-mexico-city/
1,Derby Della Madonnina: AC Mila…,Single Room Surcharge,later_lifecycle,approved_ancillary_bundle,2,ancillary_bundle,3,33.964158,4,4,2025-12-04,4,Derby Della Madonnina: AC Milan v Internazionale,https://homefans.com/product/derby-della-madonnina-ac-milan-v-internazionale/,high,Milan,Italy,Europe,5,2026-01-26,5,7.794521,Single Room Supplement,https://homefans.com/product/single-room-supplement/?utm_source=klaviyo&utm_medium=email&utm_campaign=post_purchase_upsell&utm_content=upsell_suggestion_1,,,manual,,,,1,1,1.473973,0.25,0,0.0,0.0,0.222766,206.4,33.964158,medium,https://homefans.com/product/single-room-supplement/
1,Longside Middle / Lower upgrad…,Boca Juniors Matchday Like a L…,same_order_bundle,approved_strong_bundle_without_location,4,no_location_info,0,258.403767,4,4,2026-04-07,4,Longside Middle / Lower upgrade,https://homefans.com/product/longside-middle-lower-upgrade/,high,,,,184,2026-04-13,185,297.326031,Boca Juniors Matchday Like a Local at La Bombonera – Long Side Seats with Transport,https://homefans.com/product/boca-juniors-matchday-experience-4/?utm_source=klaviyo&utm_medium=email&utm_campaign=post_purchase_upsell&utm_content=upsell_suggestion_1,2.438,0.254,high,Buenos Aires,Argentina,South America,4,0,0.0,0.0,4,7.901371,1.0,0.144188,22.434783,258.403767,high,https://homefans.com/product/boca-juniors-matchday-experience-4/
1,Manchester United Matchday Exp…,Queens Park Rangers (QPR) Matc…,lifetime_overlap,approved_same_country,1,same_country,4,24.345807,4,4,2025-12-13,4,Manchester United Matchday Experience,https://homefans.com/product/manchester-united-matchday-experience/,high,Manchester,United Kingdom,Europe,7,2026-03-29,7,10.975343,Queens Park Rangers (QPR) Matchday Experience,https://homefans.com/product/queens-park-rangers-qpr-matchday-experience/?utm_source=klaviyo&utm_medium=email&utm_campaign=post_purchase_upsell&utm_content=upsell_suggestion_1,2.893,0.649,high,London,United Kingdom,Europe,1,0,0.0,0.0,0,0.0,0.0,0.187951,147.428571,24.345807,low,https://homefans.com/product/queens-park-rangers-qpr-matchday-experience/
1,Sparta Prague Matchday Experie…,Slavia Prague Matchday Experie…,later_lifecycle,approved_same_city,0,same_city,3,36.935482,4,5,2026-03-29,5,Sparta Prague Matchday Experience,https://homefans.com/product/local-sparta-praha-slavia-prague-match-day-experience/,high,Prague,Czech Republic,Europe,5,2026-03-31,5,8.857535,Slavia Prague Matchday Experience,https://homefans.com/product/slavia-prague-matchday-experience/?utm_source=klaviyo&utm_medium=email&utm_campaign=post_purchase_upsell&utm_content=upsell_suggestion_1,3.099,1.065,high,Prague,Czech Republic,Europe,1,1,1.769863,0.25,0,0.0,0.0,0.222766,206.4,36.935482,medium,https://homefans.com/product/slavia-prague-matchday-experience/
1,Stadium Tour Buenos Aires (Min…,Boca Juniors Matchday Like a L…,later_lifecycle,approved_same_city,0,same_city,3,203.423402,4,4,2025-11-19,4,Stadium Tour Buenos Aires (Minimum 2 people – All week). The first Stadium Tour in LATAM,https://homefans.com/product/stadium-tour-buenos-aires/,high,Buenos Aires,Argentina,South America,184,2026-04-13,185,297.326031,Boca Juniors Matchday Like a Local at La Bombonera – Long Side Seats with Transport,https://homefans.com/product/boca-juniors-matchday-experience-4/?utm_source=klaviyo&utm_medium=email&utm_campaign=post_purchase_upsell&utm_content=upsell_suggestion_1,2.438,0.254,high,Buenos Aires,Argentina,South America,1,1,1.6,0.25,0,0.0,0.0,0.031002,5.608696,203.423402,medium,https://homefans.com/product/boca-juniors-matchday-experience-4/
2,Stadium Tour Buenos Aires (Min…,Platense - Match Day Experienc…,later_lifecycle,approved_same_city,0,same_city,3,43.890342,4,4,2025-11-19,4,Stadium Tour Buenos Aires (Minimum 2 people – All week). The first Stadium Tour in LATAM,https://homefans.com/product/stadium-tour-buenos-aires/,high,Buenos Aires,Argentina,South America,17,2026-03-13,18,29.49589,Platense – Match Day Experience at the home of the Argentine champions.,https://homefans.com/product/platense-match-day-experience/?utm_source=klaviyo&utm_medium=email&utm_campaign=post_purchase_upsell&utm_content=upsell_suggestion_2,1.928,0.211,high,Buenos Aires,Argentina,South America,1,1,1.583562,0.25,0,0.0,0.0,0.119574,60.705882,43.890342,medium,https://homefans.com/product/platense-match-day-experience/
3,Stadium Tour Buenos Aires (Min…,Ultimate Argentina: 11 Day Foo…,lifetime_overlap,approved_same_city,0,same_city,4,43.864181,4,4,2025-11-19,4,Stadium Tour Buenos Aires (Minimum 2 people – All week). The first Stadium Tour in LATAM,https://homefans.com/product/stadium-tour-buenos-aires/,high,Buenos Aires,Argentina,South America,31,2026-04-09,32,50.484931,Ultimate Argentina: 11 Day Football Adventure in Buenos Aires,https://homefans.com/product/ultimate-argentina/?utm_source=klaviyo&utm_medium=email&utm_campaign=post_purchase_upsell&utm_content=upsell_suggestion_3,2.683,1.205,high,Buenos Aires,Argentina,South America,1,0,0.0,0.0,0,0.0,0.0,0.087476,33.290323,43.864181,low,https://homefans.com/product/ultimate-argentina/
1,Ultimate Istanbul Football Adv…,Istanbul Matchday Experiences,later_lifecycle,approved_same_city,0,same_city,1,53.826878,4,4,2025-09-22,4,Ultimate Istanbul Football Adventure,https://homefans.com/product/istanbul-football-tour/,high,Istanbul,Turkey,Europe,15,2025-11-14,16,22.912328,Istanbul Matchday Experiences,https://homefans.com/product/istanbul-matchday-experiences/?utm_source=klaviyo&utm_medium=email&utm_campaign=post_purchase_upsell&utm_content=upsell_suggestion_1,3.39,1.336,high,Istanbul,Turkey,Europe,2,2,2.8,0.5,0,0.0,0.0,0.256914,137.6,53.826878,high,https://homefans.com/product/istanbul-matchday-experiences/
2,Ultimate Istanbul Football Adv…,Fenerbahçe Matchday Experience,later_lifecycle,approved_same_city,0,same_city,3,65.127775,4,4,2025-09-22,4,Ultimate Istanbul Football Adventure,https://homefans.com/product/istanbul-football-tour/,high,Istanbul,Turkey,Europe,42,2026-04-07,45,69.854798,Fenerbahçe Matchday Experience,https://homefans.com/product/fenerbahce-matchday-experience/?utm_source=klaviyo&utm_medium=email&utm_campaign=post_purchase_upsell&utm_content=upsell_suggestion_2,2.67,0.111,high,Istanbul,Turkey,Europe,1,1,1.317808,0.25,0,0.0,0.0,0.074427,24.571429,65.127775,medium,https://homefans.com/product/fenerbahce-matchday-experience/
3,Ultimate Istanbul Football Adv…,Extra Night (Single Room),later_lifecycle,approved_ancillary_bundle,2,ancillary_bundle,3,37.036729,4,4,2025-09-22,4,Ultimate Istanbul Football Adventure,https://homefans.com/product/istanbul-football-tour/,high,Istanbul,Turkey,Europe,6,2026-04-08,6,10.20548,Extra night (Single),https://homefans.com/product/extra-night-single/?utm_source=klaviyo&utm_medium=email&utm_campaign=post_purchase_upsell&utm_content=upsell_suggestion_3,2.635,0.279,high,,,,1,1,1.723288,0.25,0,0.0,0.0,0.203183,172.0,37.036729,medium,https://homefans.com/product/extra-night-single/
1,ARGENTINA & BRAZIL: Rio de Jan…,The Ultimate Superclásico: Riv…,later_lifecycle,approved_same_city,0,same_city,3,37.664881,3,3,2026-03-27,3,ARGENTINA & BRAZIL: Rio de Janeiro to Buenos Aires,https://homefans.com/product/brazil-argentina-small-group-adventures/,high,Buenos Aires,Argentina,South America,6,2026-02-17,6,9.542465,The Ultimate Superclásico: River Plate v Boca Juniors,https://homefans.com/product/superclasico/?utm_source=klaviyo&utm_medium=email&utm_campaign=post_purchase_upsell&utm_content=upsell_suggestion_1,2.268,1.068,high,Buenos Aires,Argentina,South America,1,1,1.849315,0.333333,0,0.0,0.0,0.234931,229.333333,37.664881,medium,https://homefans.com/product/superclasico/
2,ARGENTINA & BRAZIL: Rio de Jan…,Extra Night Stay,later_lifecycle,approved_ancillary_bundle,2,ancillary_bundle,1,61.414788,3,3,2026-03-27,3,ARGENTINA & BRAZIL: Rio de Janeiro to Buenos Aires,https://homefans.com/product/brazil-argentina-small-group-adventures/,high,Buenos Aires,Argentina,South America,2,2026-03-30,2,3.90411,Extra Night Stay,https://homefans.com/product/extra-night-stay/?utm_source=klaviyo&utm_medium=email&utm_campaign=post_purchase_upsell&utm_content=upsell_suggestion_2,2.947,0.274,high,,,,2,2,3.90411,0.666667,0,0.0,0.0,0.816398,1376.0,61.414788,high,https://homefans.com/product/extra-night-stay/
1,Belgrade Eternal Derby from In…,Airport Transfers,later_lifecycle,approved_ancillary_bundle,2,ancillary_bundle,3,36.88884,3,3,2025-12-31,3,Belgrade Eternal Derby from Inside,https://homefans.com/product/belgrade-eternal-derby-from-inside/,high,Belgrade,Serbia,Europe,10,2025-12-30,10,15.646575,Airport transfer,https://homefans.com/product/airport-transfer/?utm_source=klaviyo&utm_medium=email&utm_campaign=post_purchase_upsell&utm_content=upsell_suggestion_1,2.007,0.361,high,,,,1,1,1.471233,0.333333,0,0.0,0.0,0.181533,137.6,36.88884,medium,https://homefans.com/product/airport-transfer/
1,FC Utrecht matchday experience,Ajax Amsterdam Matchday Experi…,lifetime_overlap,approved_same_country,1,same_country,4,27.394414,3,3,2025-09-28,3,FC Utrecht matchday experience,https://homefans.com/product/fc-utrecht-matchday-and-old-town-utrecht-experience/,high,Utrecht,Netherlands,Europe,13,2026-02-01,13,18.605481,Ajax Amsterdam Matchday Experience,https://homefans.com/product/ajax-amsterdam-matchday-experience/?utm_source=klaviyo&utm_medium=email&utm_campaign=post_purchase_upsell&utm_content=upsell_suggestion_1,3.082,1.354,high,Amsterdam,Netherlands,Europe,1,0,0.0,0.0,0,0.0,0.0,0.158923,105.846154,27.394414,low,https://homefans.com/product/ajax-amsterdam-matchday-experience/
1,Fenerbahçe Matchday Experience…,Matchday and Street Food Tour…,same_order_bundle,approved_same_city,0,same_city,2,36.199502,3,3,2025-12-08,3,Fenerbahçe Matchday Experience,https://homefans.com/product/fenerbahce-matchday-experience/,high,Istanbul,Turkey,Europe,2,2025-10-02,2,2.936986,"Matchday and Street Food Tour with Beşiktaş, Galatasaray and Fenerbahce",https://homefans.com/product/matchday-and-street-food-tour-with-besiktas/?utm_source=klaviyo&utm_medium=email&utm_campaign=post_purchase_upsell&utm_content=upsell_suggestion_1,2.387,1.044,high,Istanbul,Turkey,Europe,1,0,0.0,0.0,1,1.471233,0.333333,0.407902,688.0,36.199502,medium,https://homefans.com/product/matchday-and-street-food-tour-with-besiktas/
2,Fenerbahçe Matchday Experience…,Fenerbahçe Matchday Experience,later_lifecycle,approved_same_city,0,same_city,3,67.957698,3,3,2025-12-08,3,Fenerbahçe Matchday Experience,https://homefans.com/product/fenerbahce-matchday-experience/,high,Istanbul,Turkey,Europe,42,2026-04-07,45,69.854798,Fenerbahçe Matchday Experience,https://homefans.com/product/fenerbahce-matchday-experience/?utm_source=klaviyo&utm_medium=email&utm_campaign=post_purchase_upsell&utm_content=upsell_suggestion_2,2.67,0.111,high,Istanbul,Turkey,Europe,1,1,1.715068,0.333333,0,0.0,0.0,0.086842,32.761905,67.957698,medium,https://homefans.com/product/fenerbahce-matchday-experience/
1,Fulham Matchday Experience,Manchester United Pre-Match Ex…,later_lifecycle,approved_same_country,1,same_country,3,43.019836,3,3,2026-04-07,3,Fulham Matchday Experience,https://homefans.com/product/watch-live-fulham-at-craven-cottage/,high,London,United Kingdom,Europe,1,2026-04-09,1,1.989041,Manchester United Pre-Match Experience – Old Trafford Build-Up with a Local Fan (No Match Ticket Included),https://homefans.com/product/manchester-united-matchday-experience-in-manchester/?utm_source=klaviyo&utm_medium=email&utm_campaign=post_purchase_upsell&utm_content=upsell_suggestion_1,3.001,0.534,high,Manchester,United Kingdom,Europe,1,1,1.989041,0.333333,0,0.0,0.0,0.57721,1376.0,43.019836,medium,https://homefans.com/product/manchester-united-matchday-experience-in-manchester/
1,Santos FC Matchday Experience…,Botafogo Matchday Experience w…,later_lifecycle,approved_same_country,1,same_country,3,189.021841,3,3,2026-04-07,3,Santos FC Matchday Experience & Tour,https://homefans.com/product/santos-fc-matchday-experience-tour/,high,Santos,Brazil,South America,167,2026-04-13,168,269.446588,BOTAFOGO MATCHDAY EXPERIENCE,https://homefans.com/product/botafogo-matchday-experience-2/?utm_source=klaviyo&utm_medium=email&utm_campaign=post_purchase_upsell&utm_content=upsell_suggestion_1,2.631,0.251,high,Rio de Janeiro,Brazil,South America,1,1,1.950685,0.333333,0,0.0,0.0,0.040088,8.239521,189.021841,medium,https://homefans.com/product/botafogo-matchday-experience-2/
2,Santos FC Matchday Experience…,Corinthians Matchday Experienc…,later_lifecycle,approved_same_country,1,same_country,3,80.99158,3,3,2026-04-07,3,Santos FC Matchday Experience & Tour,https://homefans.com/product/santos-fc-matchday-experience-tour/,high,Santos,Brazil,South America,55,2026-04-10,56,89.832874,Corinthians Matchday Experience at NeoQuímica Arena,https://homefans.com/product/corinthians-match-day-experience-at-neo-quimica-arena/?utm_source=klaviyo&utm_medium=email&utm_campaign=post_purchase_upsell&utm_content=upsell_suggestion_2,1.946,0.129,high,São Paulo,Brazil,South America,1,1,1.961644,0.333333,0,0.0,0.0,0.075268,25.018182,80.99158,medium,https://homefans.com/product/corinthians-match-day-experience-at-neo-quimica-arena/
3,Santos FC Matchday Experience…,Watch São Paulo FC Live at Mor…,later_lifecycle,approved_same_country,1,same_country,3,49.330405,3,3,2026-04-07,3,Santos FC Matchday Experience & Tour,https://homefans.com/product/santos-fc-matchday-experience-tour/,high,Santos,Brazil,South America,21,2026-04-08,21,32.863015,Watch São Paulo FC Live at MorumBIS Stadium,https://homefans.com/product/watch-sao-paulo-fc-live-at-morumbis-stadium/?utm_source=klaviyo&utm_medium=email&utm_campaign=post_purchase_upsell&utm_content=upsell_suggestion_3,3.216,0.969,high,São Paulo,Brazil,South America,1,1,1.986301,0.333333,0,0.0,0.0,0.124427,65.52381,49.330405,medium,https://homefans.com/product/watch-sao-paulo-fc-live-at-morumbis-stadium/
1,Argentinos Jrs Matchday Experi…,Boca Juniors Matchday Experien…,lifetime_overlap,approved_same_city,0,same_city,4,78.68188,2,2,2025-11-04,2,Argentinos Juniors Matchday Experience & Museum tour,https://homefans.com/product/diego-armando-maradona-stadium-behind-the-scenes-matchday-experience/,medium,Buenos Aires,Argentina,South America,68,2026-04-12,70,105.704108,Boca Juniors Matchday Experience – Special VIP Box Seats!,https://homefans.com/product/boca-juniors-matchday-experience-3/?utm_source=klaviyo&utm_medium=email&utm_campaign=post_purchase_upsell&utm_content=upsell_suggestion_1,2.319,0.003,medium,Buenos Aires,Argentina,South America,1,0,0.0,0.0,0,0.0,0.0,0.083636,30.352941,78.68188,low,https://homefans.com/product/boca-juniors-matchday-experience-3/
2,Argentinos Jrs Matchday Experi…,Racing Club Local Matchday Exp…,lifetime_overlap,approved_same_city,0,same_city,4,55.913149,2,2,2025-11-04,2,Argentinos Juniors Matchday Experience & Museum tour,https://homefans.com/product/diego-armando-maradona-stadium-behind-the-scenes-matchday-experience/,medium,Buenos Aires,Argentina,South America,41,2026-04-07,43,68.778082,Racing Club Local Matchday Experience,https://homefans.com/product/racing-club-local-matchday-experience/?utm_source=klaviyo&utm_medium=email&utm_campaign=post_purchase_upsell&utm_content=upsell_suggestion_2,2.32,0.695,high,Buenos Aires,Argentina,South America,1,0,0.0,0.0,0,0.0,0.0,0.108806,50.341463,55.913149,low,https://homefans.com/product/racing-club-local-matchday-experience/
1,BOTAFOGO MATCHDAY EXPERIENCE,Watch Flamengo at Maracanã: Ti…,later_lifecycle,approved_same_city,0,same_city,3,447.73982,2,3,2026-04-13,3,BOTAFOGO MATCHDAY EXPERIENCE,https://homefans.com/product/botafogo-matchday-experience-2/,high,Rio de Janeiro,Brazil,South America,429,2026-04-12,437,689.797273,Watch Flamengo at Maracanã: Ticket + Matchday Experience with a Local!,https://homefans.com/product/flamengo-live-at-maracana-stadium/?utm_source=klaviyo&utm_medium=email&utm_campaign=post_purchase_upsell&utm_content=upsell_suggestion_1,2.452,0.712,high,Rio de Janeiro,Brazil,South America,1,1,1.989041,0.5,0,0.0,0.0,0.028576,4.811189,447.73982,medium,https://homefans.com/product/flamengo-live-at-maracana-stadium/
2,BOTAFOGO MATCHDAY EXPERIENCE,Vasco da Gama Matchday Experie…,later_lifecycle,approved_same_city,0,same_city,3,104.130308,2,3,2026-04-13,3,BOTAFOGO MATCHDAY EXPERIENCE,https://homefans.com/product/botafogo-matchday-experience-2/,high,Rio de Janeiro,Brazil,South America,78,2026-04-13,78,126.536989,Vasco da Gama Matchday Experience,https://homefans.com/product/vasco-da-gama-matchday-experience-4/?utm_source=klaviyo&utm_medium=email&utm_campaign=post_purchase_upsell&utm_content=upsell_suggestion_2,2.648,0.217,high,Rio de Janeiro,Brazil,South America,1,1,2.0,0.5,0,0.0,0.0,0.077796,26.461538,104.130308,medium,https://homefans.com/product/vasco-da-gama-matchday-experience-4/
3,BOTAFOGO MATCHDAY EXPERIENCE,Vasco da Gama Match Day Experi…,lifetime_overlap,approved_same_city,0,same_city,4,30.836362,2,3,2026-04-13,3,BOTAFOGO MATCHDAY EXPERIENCE,https://homefans.com/product/botafogo-matchday-experience-2/,high,Rio de Janeiro,Brazil,South America,12,2026-03-31,12,21.32603,Vasco da Gama Match Day Experience (Regular stands),https://homefans.com/product/vasco-gama/?utm_source=klaviyo&utm_medium=email&utm_campaign=post_purchase_upsell&utm_content=upsell_suggestion_3,2.479,0.249,high,Rio de Janeiro,Brazil,South America,1,0,0.0,0.0,0,0.0,0.0,0.203282,172.0,30.836362,low,https://homefans.com/product/vasco-gama/
1,Buenos Aires: Discover Buenos…,Boca Juniors Experience: Bombo…,later_lifecycle,approved_same_city,0,same_city,3,59.921534,2,2,2025-11-13,2,Buenos Aires: Discover Buenos Aires’ Football Legacy by bike,https://homefans.com/product/murals-of-buenos-aires-the-spirit-of-football-on-the-streets/,high,Buenos Aires,Argentina,South America,33,2026-04-10,33,54.093151,"Boca Juniors Experience: Bombonera Tour, Museum & Caminito Walk",https://homefans.com/product/boca-juniors-experience-bombonera-tour-museum-caminito-walk/?utm_source=klaviyo&utm_medium=email&utm_campaign=post_purchase_upsell&utm_content=upsell_suggestion_1,2.193,0.303,high,Buenos Aires,Argentina,South America,1,1,1.589041,0.5,0,0.0,0.0,0.12164,62.545455,59.921534,medium,https://homefans.com/product/boca-juniors-experience-bombonera-tour-museum-caminito-walk/
2,Buenos Aires: Discover Buenos…,Boca Juniors Football Match Ex…,lifetime_overlap,approved_same_city,0,same_city,4,24.646647,2,2,2025-11-13,2,Buenos Aires: Discover Buenos Aires’ Football Legacy by bike,https://homefans.com/product/murals-of-buenos-aires-the-spirit-of-football-on-the-streets/,high,Buenos Aires,Argentina,South America,4,2025-10-16,4,5.972603,Boca Juniors Popular Matchday Experience (Standing Section),https://homefans.com/product/boca-juniors-matchday-experience/?utm_source=klaviyo&utm_medium=email&utm_campaign=post_purchase_upsell&utm_content=upsell_suggestion_2,1.809,0.04,high,Buenos Aires,Argentina,South America,1,0,0.0,0.0,0,0.0,0.0,0.353125,516.0,24.646647,low,https://homefans.com/product/boca-juniors-matchday-experience/
1,Charlton Athletic Matchday Exp…,Queens Park Rangers (QPR) Matc…,lifetime_overlap,approved_same_city,0,same_city,4,32.95385,2,2,2025-11-25,2,"Charlton Athletic Matchday Experience – The Valley, London",https://homefans.com/product/charlton-athletic-matchday-experience-the-valley-london/,high,London,United Kingdom,Europe,7,2026-03-29,7,10.975343,Queens Park Rangers (QPR) Matchday Experience,https://homefans.com/product/queens-park-rangers-qpr-matchday-experience/?utm_source=klaviyo&utm_medium=email&utm_campaign=post_purchase_upsell&utm_content=upsell_suggestion_1,2.893,0.649,high,London,United Kingdom,Europe,2,0,0.0,0.0,0,0.0,0.0,0.534199,589.714286,32.95385,medium,https://homefans.com/product/queens-park-rangers-qpr-matchday-experience/
1,Grêmio Matchday Experience,SE Palmeiras Matchday Experien…,lifetime_overlap,approved_same_country,1,same_country,4,68.044566,2,2,2025-07-28,2,Grêmio Matchday Experience,https://homefans.com/product/gremio-matchday-experience/,high,Porto Alegre,Brazil,South America,57,2026-04-13,57,87.380826,SE Palmeiras Matchday Experience with local fan,https://homefans.com/product/se-palmeiras-matchday-experience/?utm_source=klaviyo&utm_medium=email&utm_campaign=post_purchase_upsell&utm_content=upsell_suggestion_1,2.122,0.691,high,São Paulo,Brazil,South America,1,0,0.0,0.0,0,0.0,0.0,0.09173,36.210526,68.044566,low,https://homefans.com/product/se-palmeiras-matchday-experience/
2,Grêmio Matchday Experience,Watch São Paulo FC Live at Mor…,lifetime_overlap,approved_same_country,1,same_country,4,36.744802,2,2,2025-07-28,2,Grêmio Matchday Experience,https://homefans.com/product/gremio-matchday-experience/,high,Porto Alegre,Brazil,South America,21,2026-04-08,21,32.863015,Watch São Paulo FC Live at MorumBIS Stadium,https://homefans.com/product/watch-sao-paulo-fc-live-at-morumbis-stadium/?utm_source=klaviyo&utm_medium=email&utm_campaign=post_purchase_upsell&utm_content=upsell_suggestion_2,3.216,0.969,high,São Paulo,Brazil,South America,1,0,0.0,0.0,0,0.0,0.0,0.15316,98.285714,36.744802,low,https://homefans.com/product/watch-sao-paulo-fc-live-at-morumbis-stadium/
3,Grêmio Matchday Experience,Experience River Plate Matchda…,later_lifecycle,approved_strong_regional_lifecycle,3,same_continent,1,159.612357,2,2,2025-07-28,2,Grêmio Matchday Experience,https://homefans.com/product/gremio-matchday-experience/,high,Porto Alegre,Brazil,South America,125,2026-04-13,128,200.791785,Experience River Plate Matchday like a local at El Monumental – Shortside Seats,https://homefans.com/product/river-plate-matchday-experience/?utm_source=klaviyo&utm_medium=email&utm_campaign=post_purchase_upsell&utm_content=upsell_suggestion_3,2.118,0.5,high,Buenos Aires,Argentina,South America,2,2,2.646576,1.0,0,0.0,0.0,0.124591,33.024,159.612357,high,https://homefans.com/product/river-plate-matchday-experience/
1,Match Day Experience - Veléz S…,San Lorenzo Matchday Experienc…,later_lifecycle,approved_same_city,0,same_city,3,64.663513,2,2,2026-01-08,2,"Match Day Experience – Veléz Sasfield, the Buenos Aires’ modern giant",https://homefans.com/product/velez-sarsfield-match-day-experience/,high,Buenos Aires,Argentina,South America,37,2026-04-13,39,63.816441,San Lorenzo Matchday Experience,https://homefans.com/product/san-lorenzo-matchday-experience/?utm_source=klaviyo&utm_medium=email&utm_campaign=post_purchase_upsell&utm_content=upsell_suggestion_1,2.595,0.055,high,Buenos Aires,Argentina,South America,1,1,1.542466,0.5,0,0.0,0.0,0.114707,55.783784,64.663513,medium,https://homefans.com/product/san-lorenzo-matchday-experience/
1,Matchday and Street Food Tour…,Fenerbahçe Matchday Experience…,same_order_bundle,approved_same_city,0,same_city,2,37.273886,2,2,2025-10-02,2,"Matchday and Street Food Tour with Beşiktaş, Galatasaray and Fenerbahce",https://homefans.com/product/matchday-and-street-food-tour-with-besiktas/,high,Istanbul,Turkey,Europe,3,2025-12-08,3,4.747946,Fenerbahçe Matchday Experience,https://homefans.com/product/fenerbahce-matchday-experience/?utm_source=klaviyo&utm_medium=email&utm_campaign=post_purchase_upsell&utm_content=upsell_suggestion_1,2.67,0.111,high,Istanbul,Turkey,Europe,1,0,0.0,0.0,1,1.471233,0.5,0.407902,688.0,37.273886,medium,https://homefans.com/product/fenerbahce-matchday-experience/
2,Matchday and Street Food Tour…,Fenerbahçe Matchday Experience,later_lifecycle,approved_same_city,0,same_city,3,69.194002,2,2,2025-10-02,2,"Matchday and Street Food Tour with Beşiktaş, Galatasaray and Fenerbahce",https://homefans.com/product/matchday-and-street-food-tour-with-besiktas/,high,Istanbul,Turkey,Europe,42,2026-04-07,45,69.854798,Fenerbahçe Matchday Experience,https://homefans.com/product/fenerbahce-matchday-experience/?utm_source=klaviyo&utm_medium=email&utm_campaign=post_purchase_upsell&utm_content=upsell_suggestion_2,2.67,0.111,high,Istanbul,Turkey,Europe,1,1,1.715068,0.5,0,0.0,0.0,0.107463,49.142857,69.194002,medium,https://homefans.com/product/fenerbahce-matchday-experience/
1,Mexico City: Matchday Experien…,C.D. Guadalajara: Las Chivas M…,later_lifecycle,approved_same_country,1,same_country,3,37.30683,2,2,2025-10-13,2,"Club América Match Day Experience, México City",https://homefans.com/product/club-america-match-day-experience-mexico-city/,high,Mexico City,Mexico,North America,4,2026-02-14,4,6.649315,"C.D. Guadalajara: Las Chivas Matchday experience (@Guadalajara, Mexico)",https://homefans.com/product/c-d-guadalajara-las-chivas-matchday-experience/?utm_source=klaviyo&utm_medium=email&utm_campaign=post_purchase_upsell&utm_content=upsell_suggestion_1,2.956,0.638,high,Guadalajara,Mexico,North America,1,1,1.471233,0.5,0,0.0,0.0,0.353125,516.0,37.30683,medium,https://homefans.com/product/c-d-guadalajara-las-chivas-matchday-experience/
1,Newell’s Old Boys Matchday in…,River Plate Matchday Experienc…,later_lifecycle,approved_same_country,1,same_country,3,89.177685,2,2,2025-12-18,2,Newell’s Old Boys Matchday in Rosario,https://homefans.com/product/newells-matchday-in-rosario/,high,Rosario,Argentina,South America,64,2026-04-11,64,103.358908,River Plate Matchday Experience – short side,https://homefans.com/product/see-river-plate-live-in-el-monumental/?utm_source=klaviyo&utm_medium=email&utm_campaign=post_purchase_upsell&utm_content=upsell_suggestion_1,2.369,0.048,high,Buenos Aires,Argentina,South America,1,1,1.734247,0.5,0,0.0,0.0,0.08634,32.25,89.177685,medium,https://homefans.com/product/see-river-plate-live-in-el-monumental/
2,Newell’s Old Boys Matchday in…,CA Independiente Local Matchda…,later_lifecycle,approved_same_country,1,same_country,3,68.751231,2,2,2025-12-18,2,Newell’s Old Boys Matchday in Rosario,https://homefans.com/product/newells-matchday-in-rosario/,high,Rosario,Argentina,South America,41,2026-04-13,41,69.630138,CA Independiente Local Matchday Experience,https://homefans.com/product/independiente-local-matchday-experience/?utm_source=klaviyo&utm_medium=email&utm_campaign=post_purchase_upsell&utm_content=upsell_suggestion_2,2.148,0.922,high,Buenos Aires,Argentina,South America,1,1,1.679452,0.5,0,0.0,0.0,0.108806,50.341463,68.751231,medium,https://homefans.com/product/independiente-local-matchday-experience/
1,Partizan Belgrade Matchday Exp…,Belgrade EuroLeague basketball…,lifetime_overlap,approved_same_city,0,same_city,4,24.854813,2,2,2025-12-05,2,Partizan Belgrade Matchday Experience,https://homefans.com/product/experience-a-partizan-home-game-in-belgrade/,high,Belgrade,Serbia,Europe,5,2025-12-13,5,8.131507,Belgrade EuroLeague basketball matchday experience,https://homefans.com/product/belgrade-euroleague-experience/?utm_source=klaviyo&utm_medium=email&utm_campaign=post_purchase_upsell&utm_content=upsell_suggestion_1,3.275,0.814,high,Belgrade,Serbia,Europe,1,0,0.0,0.0,0,0.0,0.0,0.315729,412.8,24.854813,low,https://homefans.com/product/belgrade-euroleague-experience/
1,Pumas UNAM Football Matchday E…,Club América Match Day Experie…,lifetime_overlap,approved_same_city,0,same_city,4,36.327087,2,2,2025-10-17,2,"Pumas UNAM Match Day Experience, Mexico City",https://homefans.com/product/pumas-unam-match-day-experience-mexico-city/,manual,Mexico City,Mexico,North America,21,2026-03-19,22,32.652056,"Club América Match Day Experience, México City",https://homefans.com/product/club-america-match-day-experience-mexico-city/?utm_source=klaviyo&utm_medium=email&utm_campaign=post_purchase_upsell&utm_content=upsell_suggestion_1,2.21,0.421,high,Mexico City,Mexico,North America,1,0,0.0,0.0,0,0.0,0.0,0.15316,98.285714,36.327087,low,https://homefans.com/product/club-america-match-day-experience-mexico-city/
1,Rosario Burns: A Weekend in Ar…,Boca Juniors Matchday Like a L…,later_lifecycle,approved_same_country,1,same_country,3,203.924047,2,2,2025-08-10,2,,,,Rosario,Argentina,South America,184,2026-04-13,185,297.326031,Boca Juniors Matchday Like a Local at La Bombonera – Long Side Seats with Transport,https://homefans.com/product/boca-juniors-matchday-experience-4/?utm_source=klaviyo&utm_medium=email&utm_campaign=post_purchase_upsell&utm_content=upsell_suggestion_1,2.438,0.254,high,Buenos Aires,Argentina,South America,1,1,1.350685,0.5,0,0.0,0.0,0.048588,11.217391,203.924047,medium,https://homefans.com/product/boca-juniors-matchday-experience-4/
2,Rosario Burns: A Weekend in Ar…,Experience River Plate Matchda…,later_lifecycle,approved_same_country,1,same_country,3,145.60567,2,2,2025-08-10,2,,,,Rosario,Argentina,South America,125,2026-04-13,128,200.791785,Experience River Plate Matchday like a local at El Monumental – Shortside Seats,https://homefans.com/product/river-plate-matchday-experience/?utm_source=klaviyo&utm_medium=email&utm_campaign=post_purchase_upsell&utm_content=upsell_suggestion_2,2.118,0.5,high,Buenos Aires,Argentina,South America,1,1,1.331507,0.5,0,0.0,0.0,0.06035,16.512,145.60567,medium,https://homefans.com/product/river-plate-matchday-experience/
3,Rosario Burns: A Weekend in Ar…,Buenos Aires: The Ultimate Die…,later_lifecycle,approved_same_country,1,same_country,3,42.327706,2,2,2025-08-10,2,,,,Rosario,Argentina,South America,15,2026-04-08,15,22.419178,Buenos Aires: The Ultimate Diego Maradona Experience in La Paternal,https://homefans.com/product/diego-maradona-the-ultimate-experience/?utm_source=klaviyo&utm_medium=email&utm_campaign=post_purchase_upsell&utm_content=upsell_suggestion_3,3.016,0.942,high,Buenos Aires,Argentina,South America,1,1,1.336986,0.5,0,0.0,0.0,0.181622,137.6,42.327706,medium,https://homefans.com/product/diego-maradona-the-ultimate-experience/
1,The Basque Derby: Athletic Bil…,The Ultimate Bilbao Groundhopp…,later_lifecycle,approved_same_city,0,same_city,3,43.16811,2,2,2026-01-12,2,The Basque Derby: Athletic Bilbao vs Real Sociedad,https://homefans.com/product/the-basque-derby-athletic-bilbao-vs-real-sociedad/,high,Bilbao,Spain,Europe,1,2026-01-22,1,1.778082,The Ultimate Bilbao Groundhopping Experience: 5 Stadiums + 1 Hidden Gem,https://homefans.com/product/where-football-was-forged-a-journey-through-bilbaos-historic-grounds/?utm_source=klaviyo&utm_medium=email&utm_campaign=post_purchase_upsell&utm_content=upsell_suggestion_1,2.668,1.015,high,Bilbao,Spain,Europe,1,1,1.778082,0.5,0,0.0,0.0,0.707021,2064.0,43.16811,medium,https://homefans.com/product/where-football-was-forged-a-journey-through-bilbaos-historic-grounds/
1,Argentine Stadium Tour – 7 Clu…,CA Independiente Local Matchda…,lifetime_overlap,approved_same_city,0,same_city,4,58.621685,1,1,2025-10-15,1,"Argentine Stadium Tour – 7 Clubs, 1 City, Endless Passion",https://homefans.com/product/argentine-stadium-tour-7-clubs-1-city-endless-passion/,high,Buenos Aires,Argentina,South America,41,2026-04-13,41,69.630138,CA Independiente Local Matchday Experience,https://homefans.com/product/independiente-local-matchday-experience/?utm_source=klaviyo&utm_medium=email&utm_campaign=post_purchase_upsell&utm_content=upsell_suggestion_1,2.148,0.922,high,Buenos Aires,Argentina,South America,1,0,0.0,0.0,0,0.0,0.0,0.155415,100.682927,58.621685,low,https://homefans.com/product/independiente-local-matchday-experience/
1,Belgrade Basketball Experience…,Red Star Matchday Experience w…,lifetime_overlap,approved_same_city,0,same_city,4,31.708403,1,1,2025-12-16,1,Belgrade Basketball Experience: See a Partizan or Red star game with local,https://homefans.com/product/belgrade-basketball-experience-see-a-partizan-or-red-star-game-with-local/,high,Belgrade,Serbia,Europe,9,2026-04-10,10,15.715069,Red Star Matchday Experience with a local,https://homefans.com/product/red-star-matchday-experience/?utm_source=klaviyo&utm_medium=email&utm_campaign=post_purchase_upsell&utm_content=upsell_suggestion_1,2.77,0.675,high,Belgrade,Serbia,Europe,1,0,0.0,0.0,0,0.0,0.0,0.33301,458.666667,31.708403,low,https://homefans.com/product/red-star-matchday-experience/
2,Belgrade Basketball Experience…,Belgrade EuroLeague basketball…,lifetime_overlap,approved_same_city,0,same_city,4,28.159867,1,1,2025-12-16,1,Belgrade Basketball Experience: See a Partizan or Red star game with local,https://homefans.com/product/belgrade-basketball-experience-see-a-partizan-or-red-star-game-with-local/,high,Belgrade,Serbia,Europe,5,2025-12-13,5,8.131507,Belgrade EuroLeague basketball matchday experience,https://homefans.com/product/belgrade-euroleague-experience/?utm_source=klaviyo&utm_medium=email&utm_campaign=post_purchase_upsell&utm_content=upsell_suggestion_2,3.275,0.814,high,Belgrade,Serbia,Europe,1,0,0.0,0.0,0,0.0,0.0,0.446997,825.6,28.159867,low,https://homefans.com/product/belgrade-euroleague-experience/
1,Brazil Game Experience at Mara…,⭐ Best Rated | Flamengo Matchd…,lifetime_overlap,approved_same_city,0,same_city,4,197.835603,1,1,2025-08-17,1,Brazil Game Experience at Maracanã Stadium with a Local Fan,https://homefans.com/product/brazil-game-experience-at-maracana-stadium-with-a-local-fan/,high,Rio de Janeiro,Brazil,South America,179,2026-04-13,187,308.391772,"⭐ Best Rated | Flamengo Matchday at Maracanã – Tickets, Pre Match Experience & Local Host",https://homefans.com/product/flamengo-match-day-experience-tour/?utm_source=klaviyo&utm_medium=email&utm_campaign=post_purchase_upsell&utm_content=upsell_suggestion_1,1.745,0.708,high,Rio de Janeiro,Brazil,South America,1,0,0.0,0.0,0,0.0,0.0,0.073114,23.061453,197.835603,low,https://homefans.com/product/flamengo-match-day-experience-tour/
1,Breakfast,Hotel Upgrade 4*,same_order_bundle,approved_ancillary_bundle,2,ancillary_bundle,2,42.126192,1,1,2025-09-09,1,Breakfast,https://homefans.com/product/breakfast-2/,high,,,,2,2025-09-09,2,2.786301,Hotel Upgrade,https://homefans.com/product/hotel-upgrade/?utm_source=klaviyo&utm_medium=email&utm_campaign=post_purchase_upsell&utm_content=upsell_suggestion_1,2.573,0.549,high,,,,1,0,0.0,0.0,1,1.408219,1.0,0.707021,2064.0,42.126192,medium,https://homefans.com/product/hotel-upgrade/
1,FC Barcelona Museum Tour with…,FC Barcelona Matchday Experien…,later_lifecycle,approved_same_city,0,same_city,3,46.703949,1,1,2025-11-14,1,FC Barcelona Museum Tour with Tapas,https://homefans.com/product/fc-barcelona-museum-tour-with-tapas/,high,Barcelona,Spain,Europe,13,2026-04-10,14,23.438354,FC Barcelona Matchday Experience,https://homefans.com/product/%f0%9f%94%b4%f0%9f%94%b5fc-barcelona-matchday-experience-%f0%9f%94%b4%f0%9f%94%b5/?utm_source=klaviyo&utm_medium=email&utm_campaign=post_purchase_upsell&utm_content=upsell_suggestion_1,2.786,0.416,high,Barcelona,Spain,Europe,1,1,1.619178,1.0,0,0.0,0.0,0.276947,317.538462,46.703949,medium,https://homefans.com/product/%f0%9f%94%b4%f0%9f%94%b5fc-barcelona-matchday-experience-%f0%9f%94%b4%f0%9f%94%b5/
1,FIFA Street football court exp…,Watch Flamengo at Maracanã: Ti…,lifetime_overlap,approved_same_city,0,same_city,4,435.508152,1,1,2025-11-27,1,FIFA Street football court experience + Favela tour,https://homefans.com/product/fifa-street-football-court-experience-favela-tour/,high,Rio de Janeiro,Brazil,South America,429,2026-04-12,437,689.797273,Watch Flamengo at Maracanã: Ticket + Matchday Experience with a Local!,https://homefans.com/product/flamengo-live-at-maracana-stadium/?utm_source=klaviyo&utm_medium=email&utm_campaign=post_purchase_upsell&utm_content=upsell_suggestion_1,2.452,0.712,high,Rio de Janeiro,Brazil,South America,1,0,0.0,0.0,0,0.0,0.0,0.045708,9.622378,435.508152,low,https://homefans.com/product/flamengo-live-at-maracana-stadium/
2,FIFA Street football court exp…,Experience a Corinthians game…,lifetime_overlap,approved_same_country,1,same_country,4,39.108699,1,1,2025-11-27,1,FIFA Street football court experience + Favela tour,https://homefans.com/product/fifa-street-football-court-experience-favela-tour/,high,Rio de Janeiro,Brazil,South America,20,2026-04-09,20,32.90411,Experience a Corinthians game with a local fan at Arena Corinthians,https://homefans.com/product/experience-a-corinthians-game-with-a-local-fan-at-arena-corinthians/?utm_source=klaviyo&utm_medium=email&utm_campaign=post_purchase_upsell&utm_content=upsell_suggestion_2,2.215,0.821,high,São Paulo,Brazil,South America,1,0,0.0,0.0,0,0.0,0.0,0.223091,206.4,39.108699,low,https://homefans.com/product/experience-a-corinthians-game-with-a-local-fan-at-arena-corinthians/
1,Manchester United Pre-Match Ex…,Fulham Matchday Experience,lifetime_overlap,approved_same_country,1,same_country,4,31.298557,1,1,2026-04-09,1,Manchester United Pre-Match Experience – Old Trafford Build-Up with a Local Fan (No Match Ticket Included),https://homefans.com/product/manchester-united-matchday-experience-in-manchester/,high,Manchester,United Kingdom,Europe,3,2026-04-07,3,5.882192,Fulham Matchday Experience,https://homefans.com/product/watch-live-fulham-at-craven-cottage/?utm_source=klaviyo&utm_medium=email&utm_campaign=post_purchase_upsell&utm_content=upsell_suggestion_1,2.594,0.972,high,London,United Kingdom,Europe,1,0,0.0,0.0,0,0.0,0.0,0.57721,1376.0,31.298557,low,https://homefans.com/product/watch-live-fulham-at-craven-cottage/
1,Pumas UNAM Matchday: Local Roa…,Club América Match Day Experie…,later_lifecycle,approved_same_city,0,same_city,3,51.903859,1,2,2026-02-04,2,Pumas UNAM Matchday: Local Roar at Olímpico Universitario,https://homefans.com/product/pumas-unam-matchday-local-roar-at-olimpico-universitario/,high,Mexico City,Mexico,North America,21,2026-03-19,22,32.652056,"Club América Match Day Experience, México City",https://homefans.com/product/club-america-match-day-experience-mexico-city/?utm_source=klaviyo&utm_medium=email&utm_campaign=post_purchase_upsell&utm_content=upsell_suggestion_1,2.21,0.421,high,Mexico City,Mexico,North America,1,1,1.816438,1.0,0,0.0,0.0,0.217688,196.571429,51.903859,medium,https://homefans.com/product/club-america-match-day-experience-mexico-city/
1,The Ultimate Bilbao Groundhopp…,The Basque Derby: Athletic Bil…,lifetime_overlap,approved_same_city,0,same_city,4,31.098842,1,1,2026-01-22,1,The Ultimate Bilbao Groundhopping Experience: 5 Stadiums + 1 Hidden Gem,https://homefans.com/product/where-football-was-forged-a-journey-through-bilbaos-historic-grounds/,high,Bilbao,Spain,Europe,2,2026-01-12,2,3.372603,The Basque Derby: Athletic Bilbao vs Real Sociedad,https://homefans.com/product/the-basque-derby-athletic-bilbao-vs-real-sociedad/?utm_source=klaviyo&utm_medium=email&utm_campaign=post_purchase_upsell&utm_content=upsell_suggestion_1,2.412,1.563,high,Bilbao,Spain,Europe,1,0,0.0,0.0,0,0.0,0.0,0.707021,2064.0,31.098842,low,https://homefans.com/product/the-basque-derby-athletic-bilbao-vs-real-sociedad/
3,Flamengo Matchday Experience (…,Watch Flamengo at Maracanã: Ticket + Matchday Experience with a Local!,geo_destination_fill_same_city,approved_geo_fill_same_city,0,same_city,98,689.797273,152,153,2026-04-10,153,Flamengo Matchday Experience (Short Side seats),https://homefans.com/product/flamengo-matchday-experience/,high,Rio de Janeiro,Brazil,South America,,2026-04-12,437,689.797273,Watch Flamengo at Maracanã: Ticket + Matchday Experience with a Local!,https://homefans.com/product/flamengo-live-at-maracana-stadium/?utm_source=klaviyo&utm_medium=email&utm_campaign=post_purchase_upsell&utm_content=upsell_suggestion_3,,,high,Rio de Janeiro,Brazil,South America,,,,,,,,,,689.797273,low,https://homefans.com/product/flamengo-live-at-maracana-stadium/
2,Experience San Siro like a tru…,Internazionale matchday experience: Live a game of Inter with locals,geo_destination_fill_same_city,approved_geo_fill_same_city,0,same_city,98,36.358904,51,51,2026-04-07,51,Experience San Siro like a true Local: AC Milan matchday experience,https://homefans.com/product/experience-ac-milan-live-at-san-siro/,high,Milan,Italy,Europe,,2026-03-25,22,36.358904,Internazionale matchday experience: Live a game of Inter with locals,https://homefans.com/product/inter-milan-matchday-experience/?utm_source=klaviyo&utm_medium=email&utm_campaign=post_purchase_upsell&utm_content=upsell_suggestion_2,,,high,Milan,Italy,Europe,,,,,,,,,,36.358904,low,https://homefans.com/product/inter-milan-matchday-experience/
3,Experience San Siro like a tru…,Derby Della Madonnina: AC Milan v Internazionale,geo_destination_fill_same_city,approved_geo_fill_same_city,0,same_city,98,5.90411,51,51,2026-04-07,51,Experience San Siro like a true Local: AC Milan matchday experience,https://homefans.com/product/experience-ac-milan-live-at-san-siro/,high,Milan,Italy,Europe,,2025-12-04,4,5.90411,Derby Della Madonnina: AC Milan v Internazionale,https://homefans.com/product/derby-della-madonnina-ac-milan-v-internazionale/?utm_source=klaviyo&utm_medium=email&utm_campaign=post_purchase_upsell&utm_content=upsell_suggestion_3,,,high,Milan,Italy,Europe,,,,,,,,,,5.90411,low,https://homefans.com/product/derby-della-madonnina-ac-milan-v-internazionale/
3,Fluminense FC Matchday Experie…,Watch Flamengo at Maracanã: Ticket + Matchday Experience with a Local!,geo_destination_fill_same_city,approved_geo_fill_same_city,0,same_city,98,689.797273,44,44,2026-03-19,44,Fluminense FC Matchday Experience – Short Side seats & Local Guide,https://homefans.com/product/fluminense-fc-matchday-experience/,high,Rio de Janeiro,Brazil,South America,,2026-04-12,437,689.797273,Watch Flamengo at Maracanã: Ticket + Matchday Experience with a Local!,https://homefans.com/product/flamengo-live-at-maracana-stadium/?utm_source=klaviyo&utm_medium=email&utm_campaign=post_purchase_upsell&utm_content=upsell_suggestion_3,,,high,Rio de Janeiro,Brazil,South America,,,,,,,,,,689.797273,low,https://homefans.com/product/flamengo-live-at-maracana-stadium/
1,Wisla Krakow Matchday Experien…,KS Cracovia Matchday Experience,geo_destination_fill_same_city,approved_geo_fill_same_city,0,same_city,98,27.528766,39,41,2026-04-09,41,Wisla Krakow Matchday Experience,https://homefans.com/product/wisla-krakow-matchday-experience/,high,Kraków,Poland,Europe,,2026-03-11,17,27.528766,KS Cracovia Matchday Experience,https://homefans.com/product/cracovia-matchday/?utm_source=klaviyo&utm_medium=email&utm_campaign=post_purchase_upsell&utm_content=upsell_suggestion_1,,,high,Kraków,Poland,Europe,,,,,,,,,,27.528766,low,https://homefans.com/product/cracovia-matchday/
2,Wisla Krakow Matchday Experien…,Legia Warszawa Matchday Experience,geo_destination_fill_same_country,approved_geo_fill_same_country,1,same_country,99,5.778082,39,41,2026-04-09,41,Wisla Krakow Matchday Experience,https://homefans.com/product/wisla-krakow-matchday-experience/,high,Kraków,Poland,Europe,,2026-04-05,3,5.778082,Legia Warszawa Matchday Experience,https://homefans.com/product/legia-warszawa-matchday-expierience/?utm_source=klaviyo&utm_medium=email&utm_campaign=post_purchase_upsell&utm_content=upsell_suggestion_2,,,high,Warsaw,Poland,Europe,,,,,,,,,,5.778082,low,https://homefans.com/product/legia-warszawa-matchday-expierience/
3,Wisla Krakow Matchday Experien…,Experience San Siro like a true Local: AC Milan matchday experience,geo_destination_fill_same_continent,approved_geo_fill_same_continent,3,same_continent,101,82.632875,39,41,2026-04-09,41,Wisla Krakow Matchday Experience,https://homefans.com/product/wisla-krakow-matchday-experience/,high,Kraków,Poland,Europe,,2026-04-07,51,82.632875,Experience San Siro like a true Local: AC Milan matchday experience,https://homefans.com/product/experience-ac-milan-live-at-san-siro/?utm_source=klaviyo&utm_medium=email&utm_campaign=post_purchase_upsell&utm_content=upsell_suggestion_3,,,high,Milan,Italy,Europe,,,,,,,,,,82.632875,low,https://homefans.com/product/experience-ac-milan-live-at-san-siro/
2,Atletico Nacional Matchday Exp…,"Colombian Football Experience – Passion, Culture & Matchday Energy with Atletico Nacional",geo_destination_fill_same_city,approved_geo_fill_same_city,0,same_city,98,1.827397,32,33,2026-03-29,33,Atletico Nacional Matchday Experience (Medellin),https://homefans.com/product/atleticonacional-football-tour/,high,Medellín,Colombia,South America,,2026-02-09,1,1.827397,"Colombian Football Experience – Passion, Culture & Matchday Energy with Atletico Nacional",https://homefans.com/product/colombian-football-experience-passion-culture-matchday-energy-with-atletico-nacional/?utm_source=klaviyo&utm_medium=email&utm_campaign=post_purchase_upsell&utm_content=upsell_suggestion_2,,,high,Medellín,Colombia,South America,,,,,,,,,,1.827397,low,https://homefans.com/product/colombian-football-experience-passion-culture-matchday-energy-with-atletico-nacional/
3,Atletico Nacional Matchday Exp…,Millonarios Football Tour Matchday Experience,geo_destination_fill_same_country,approved_geo_fill_same_country,1,same_country,99,8.38904,32,33,2026-03-29,33,Atletico Nacional Matchday Experience (Medellin),https://homefans.com/product/atleticonacional-football-tour/,high,Medellín,Colombia,South America,,2026-02-28,6,8.38904,Millonarios Football Tour Matchday Experience,https://homefans.com/product/millonarios-matchday-experience/?utm_source=klaviyo&utm_medium=email&utm_campaign=post_purchase_upsell&utm_content=upsell_suggestion_3,,,high,Bogotá,Colombia,South America,,,,,,,,,,8.38904,low,https://homefans.com/product/millonarios-matchday-experience/
2,Experience Boca Juniors at La…,Boca Juniors Matchday Like a Local at La Bombonera – Long Side Seats with Transport,geo_destination_fill_same_city,approved_geo_fill_same_city,0,same_city,98,297.326031,30,30,2026-04-05,30,Experience Boca Juniors at La Bombonera – Long Side with Transport,https://homefans.com/product/boca-juniors-matchday-experience-1/,high,Buenos Aires,Argentina,South America,,2026-04-13,185,297.326031,Boca Juniors Matchday Like a Local at La Bombonera – Long Side Seats with Transport,https://homefans.com/product/boca-juniors-matchday-experience-4/?utm_source=klaviyo&utm_medium=email&utm_campaign=post_purchase_upsell&utm_content=upsell_suggestion_2,,,high,Buenos Aires,Argentina,South America,,,,,,,,,,297.326031,low,https://homefans.com/product/boca-juniors-matchday-experience-4/
3,Experience Boca Juniors at La…,Boca Juniors Popular Matchday Experience (Standing Section),geo_destination_fill_same_city,approved_geo_fill_same_city,0,same_city,98,137.657534,30,30,2026-04-05,30,Experience Boca Juniors at La Bombonera – Long Side with Transport,https://homefans.com/product/boca-juniors-matchday-experience-1/,high,Buenos Aires,Argentina,South America,,2026-04-05,86,137.657534,Boca Juniors Popular Matchday Experience (Standing Section),https://homefans.com/product/boca-juniors-matchday-experience/?utm_source=klaviyo&utm_medium=email&utm_campaign=post_purchase_upsell&utm_content=upsell_suggestion_3,,,high,Buenos Aires,Argentina,South America,,,,,,,,,,137.657534,low,https://homefans.com/product/boca-juniors-matchday-experience/
3,Match Day Experience - Argenti…,Boca Juniors Matchday Like a Local at La Bombonera – Long Side Seats with Transport,geo_destination_fill_same_city,approved_geo_fill_same_city,0,same_city,98,297.326031,24,25,2026-04-12,25,,,,Buenos Aires,Argentina,South America,,2026-04-13,185,297.326031,Boca Juniors Matchday Like a Local at La Bombonera – Long Side Seats with Transport,https://homefans.com/product/boca-juniors-matchday-experience-4/?utm_source=klaviyo&utm_medium=email&utm_campaign=post_purchase_upsell&utm_content=upsell_suggestion_3,,,high,Buenos Aires,Argentina,South America,,,,,,,,,,297.326031,low,https://homefans.com/product/boca-juniors-matchday-experience-4/
1,Watch Napoli live at the Stadi…,SSC Napoli Matchday Experience with Maradona Tour,geo_destination_fill_same_city,approved_geo_fill_same_city,0,same_city,98,71.131504,24,25,2026-03-18,25,Watch Napoli live at the Stadio Diego Armando Maradona,https://homefans.com/product/watch-napoli-live-at-the-stadio-diego-armando-maradona/,high,Naples,Italy,Europe,,2026-03-25,49,71.131504,SSC Napoli Matchday Experience with Maradona Tour,https://homefans.com/product/ssc-napoli-football-and-maradona-experience/?utm_source=klaviyo&utm_medium=email&utm_campaign=post_purchase_upsell&utm_content=upsell_suggestion_1,,,high,Naples,Italy,Europe,,,,,,,,,,71.131504,low,https://homefans.com/product/ssc-napoli-football-and-maradona-experience/
2,Watch Napoli live at the Stadi…,"Diego Maradona Legacy Tour: Football, Culture, and Pizza in Naples",geo_destination_fill_same_city,approved_geo_fill_same_city,0,same_city,98,34.728769,24,25,2026-03-18,25,Watch Napoli live at the Stadio Diego Armando Maradona,https://homefans.com/product/watch-napoli-live-at-the-stadio-diego-armando-maradona/,high,Naples,Italy,Europe,,2026-04-07,22,34.728769,"Diego Maradona Legacy Tour: Football, Culture, and Pizza in Naples",https://homefans.com/product/napoli-murals-and-maradona-city-tour/?utm_source=klaviyo&utm_medium=email&utm_campaign=post_purchase_upsell&utm_content=upsell_suggestion_2,,,high,Naples,Italy,Europe,,,,,,,,,,34.728769,low,https://homefans.com/product/napoli-murals-and-maradona-city-tour/
3,Watch Napoli live at the Stadi…,Live Napoli: A 3-Day journey through Football and Culture,geo_destination_fill_same_city,approved_geo_fill_same_city,0,same_city,98,1.591781,24,25,2026-03-18,25,Watch Napoli live at the Stadio Diego Armando Maradona,https://homefans.com/product/watch-napoli-live-at-the-stadio-diego-armando-maradona/,high,Naples,Italy,Europe,,2025-11-15,1,1.591781,Live Napoli: A 3-Day journey through Football and Culture,https://homefans.com/product/ss-napoli-match-break/?utm_source=klaviyo&utm_medium=email&utm_campaign=post_purchase_upsell&utm_content=upsell_suggestion_3,,,high,Naples,Italy,Europe,,,,,,,,,,1.591781,low,https://homefans.com/product/ss-napoli-match-break/
1,Diego Maradona Legacy Tour: Fo…,SSC Napoli Matchday Experience with Maradona Tour,geo_destination_fill_same_city,approved_geo_fill_same_city,0,same_city,98,71.131504,22,22,2026-04-07,22,"Diego Maradona Legacy Tour: Football, Culture, and Pizza in Naples",https://homefans.com/product/napoli-murals-and-maradona-city-tour/,high,Naples,Italy,Europe,,2026-03-25,49,71.131504,SSC Napoli Matchday Experience with Maradona Tour,https://homefans.com/product/ssc-napoli-football-and-maradona-experience/?utm_source=klaviyo&utm_medium=email&utm_campaign=post_purchase_upsell&utm_content=upsell_suggestion_1,,,high,Naples,Italy,Europe,,,,,,,,,,71.131504,low,https://homefans.com/product/ssc-napoli-football-and-maradona-experience/
2,Diego Maradona Legacy Tour: Fo…,Watch Napoli live at the Stadio Diego Armando Maradona,geo_destination_fill_same_city,approved_geo_fill_same_city,0,same_city,98,37.413698,22,22,2026-04-07,22,"Diego Maradona Legacy Tour: Football, Culture, and Pizza in Naples",https://homefans.com/product/napoli-murals-and-maradona-city-tour/,high,Naples,Italy,Europe,,2026-03-18,25,37.413698,Watch Napoli live at the Stadio Diego Armando Maradona,https://homefans.com/product/watch-napoli-live-at-the-stadio-diego-armando-maradona/?utm_source=klaviyo&utm_medium=email&utm_campaign=post_purchase_upsell&utm_content=upsell_suggestion_2,,,high,Naples,Italy,Europe,,,,,,,,,,37.413698,low,https://homefans.com/product/watch-napoli-live-at-the-stadio-diego-armando-maradona/
3,Diego Maradona Legacy Tour: Fo…,Live Napoli: A 3-Day journey through Football and Culture,geo_destination_fill_same_city,approved_geo_fill_same_city,0,same_city,98,1.591781,22,22,2026-04-07,22,"Diego Maradona Legacy Tour: Football, Culture, and Pizza in Naples",https://homefans.com/product/napoli-murals-and-maradona-city-tour/,high,Naples,Italy,Europe,,2025-11-15,1,1.591781,Live Napoli: A 3-Day journey through Football and Culture,https://homefans.com/product/ss-napoli-match-break/?utm_source=klaviyo&utm_medium=email&utm_campaign=post_purchase_upsell&utm_content=upsell_suggestion_3,,,high,Naples,Italy,Europe,,,,,,,,,,1.591781,low,https://homefans.com/product/ss-napoli-match-break/
3,Club América Match Day Experie…,Experience Teotihuacán from the Skies & Lunch at a Unique Football Spot,geo_destination_fill_same_city,approved_geo_fill_same_city,0,same_city,98,1.871233,21,22,2026-03-19,22,"Club América Match Day Experience, México City",https://homefans.com/product/club-america-match-day-experience-mexico-city/,high,Mexico City,Mexico,North America,,2026-02-25,1,1.871233,Experience Teotihuacán from the Skies & Lunch at a Unique Football Spot,https://homefans.com/product/experience-teotihuacan-from-the-skies-lunch-at-a-unique-football-spot/?utm_source=klaviyo&utm_medium=email&utm_campaign=post_purchase_upsell&utm_content=upsell_suggestion_3,,,high,Mexico City,Mexico,North America,,,,,,,,,,1.871233,low,https://homefans.com/product/experience-teotihuacan-from-the-skies-lunch-at-a-unique-football-spot/
2,Internazionale matchday experi…,Experience San Siro like a true Local: AC Milan matchday experience,geo_destination_fill_same_city,approved_geo_fill_same_city,0,same_city,98,82.632875,21,22,2026-03-25,22,Internazionale matchday experience: Live a game of Inter with locals,https://homefans.com/product/inter-milan-matchday-experience/,high,Milan,Italy,Europe,,2026-04-07,51,82.632875,Experience San Siro like a true Local: AC Milan matchday experience,https://homefans.com/product/experience-ac-milan-live-at-san-siro/?utm_source=klaviyo&utm_medium=email&utm_campaign=post_purchase_upsell&utm_content=upsell_suggestion_2,,,high,Milan,Italy,Europe,,,,,,,,,,82.632875,low,https://homefans.com/product/experience-ac-milan-live-at-san-siro/
3,Internazionale matchday experi…,Derby Della Madonnina: AC Milan v Internazionale,geo_destination_fill_same_city,approved_geo_fill_same_city,0,same_city,98,5.90411,21,22,2026-03-25,22,Internazionale matchday experience: Live a game of Inter with locals,https://homefans.com/product/inter-milan-matchday-experience/,high,Milan,Italy,Europe,,2025-12-04,4,5.90411,Derby Della Madonnina: AC Milan v Internazionale,https://homefans.com/product/derby-della-madonnina-ac-milan-v-internazionale/?utm_source=klaviyo&utm_medium=email&utm_campaign=post_purchase_upsell&utm_content=upsell_suggestion_3,,,high,Milan,Italy,Europe,,,,,,,,,,5.90411,low,https://homefans.com/product/derby-della-madonnina-ac-milan-v-internazionale/
2,The Eternal Derby: Red Star Be…,Partizan Matchday Experience with Local Host,geo_destination_fill_same_city,approved_geo_fill_same_city,0,same_city,98,16.389041,21,22,2026-01-16,22,The Eternal Derby: Red Star Belgrade v Partizan,https://homefans.com/product/belgrade-derby/,high,Belgrade,Serbia,Europe,,2025-10-21,12,16.389041,Partizan Matchday Experience with Local Host,https://homefans.com/product/partizan-matchday-experience-with-local-host/?utm_source=klaviyo&utm_medium=email&utm_campaign=post_purchase_upsell&utm_content=upsell_suggestion_2,,,high,Belgrade,Serbia,Europe,,,,,,,,,,16.389041,low,https://homefans.com/product/partizan-matchday-experience-with-local-host/
3,The Eternal Derby: Red Star Be…,Red Star Matchday Experience with a local,geo_destination_fill_same_city,approved_geo_fill_same_city,0,same_city,98,15.715069,21,22,2026-01-16,22,The Eternal Derby: Red Star Belgrade v Partizan,https://homefans.com/product/belgrade-derby/,high,Belgrade,Serbia,Europe,,2026-04-10,10,15.715069,Red Star Matchday Experience with a local,https://homefans.com/product/red-star-matchday-experience/?utm_source=klaviyo&utm_medium=email&utm_campaign=post_purchase_upsell&utm_content=upsell_suggestion_3,,,high,Belgrade,Serbia,Europe,,,,,,,,,,15.715069,low,https://homefans.com/product/red-star-matchday-experience/
1,Madrid: Real Madrid Bernabeu S…,Real Madrid Matchday Experience – Football & Tapas,geo_destination_fill_same_city,approved_geo_fill_same_city,0,same_city,98,15.539727,18,18,2026-04-13,18,Madrid: Real Madrid Bernabeu Stadium Tour with Tapas,https://homefans.com/product/madrid-real-madrid-bernabeu-stadium-tour-with-tapas/,high,Madrid,Spain,Europe,,2026-02-16,10,15.539727,Real Madrid Matchday Experience – Football & Tapas,https://homefans.com/product/real-madrid-matchday-experience-football-tapas-city-tour/?utm_source=klaviyo&utm_medium=email&utm_campaign=post_purchase_upsell&utm_content=upsell_suggestion_1,,,high,Madrid,Spain,Europe,,,,,,,,,,15.539727,low,https://homefans.com/product/real-madrid-matchday-experience-football-tapas-city-tour/
2,Madrid: Real Madrid Bernabeu S…,Atletico Madrid Matchday Experience,geo_destination_fill_same_city,approved_geo_fill_same_city,0,same_city,98,6.983562,18,18,2026-04-13,18,Madrid: Real Madrid Bernabeu Stadium Tour with Tapas,https://homefans.com/product/madrid-real-madrid-bernabeu-stadium-tour-with-tapas/,high,Madrid,Spain,Europe,,2026-03-28,4,6.983562,Atletico Madrid Matchday Experience,https://homefans.com/product/atletico-madrid-matchday-experience-2/?utm_source=klaviyo&utm_medium=email&utm_campaign=post_purchase_upsell&utm_content=upsell_suggestion_2,,,high,Madrid,Spain,Europe,,,,,,,,,,6.983562,low,https://homefans.com/product/atletico-madrid-matchday-experience-2/
3,Madrid: Real Madrid Bernabeu S…,⚽ Enjoy a Barça game like a local fan: Prematch+Best Fan Seats,geo_destination_fill_same_country,approved_geo_fill_same_country,1,same_country,99,23.742466,18,18,2026-04-13,18,Madrid: Real Madrid Bernabeu Stadium Tour with Tapas,https://homefans.com/product/madrid-real-madrid-bernabeu-stadium-tour-with-tapas/,high,Madrid,Spain,Europe,,2026-02-12,15,23.742466,⚽ Enjoy a Barça game like a local fan: Prematch+Best Fan Seats,https://homefans.com/product/enjoy-barca-football-like-a-real-cule/?utm_source=klaviyo&utm_medium=email&utm_campaign=post_purchase_upsell&utm_content=upsell_suggestion_3,,,high,Barcelona,Spain,Europe,,,,,,,,,,23.742466,low,https://homefans.com/product/enjoy-barca-football-like-a-real-cule/
1,Colo Colo Matchday Experience,Universidad de Chile Matchday Experience,geo_destination_fill_same_city,approved_geo_fill_same_city,0,same_city,98,1.890411,17,17,2026-04-04,17,Colo Colo Matchday Experience,https://homefans.com/product/colo-colo-matchday-experience/,high,Santiago,Chile,South America,,2026-03-04,1,1.890411,Universidad de Chile Matchday Experience,https://homefans.com/product/universidad-de-chile-matchday-experience/?utm_source=klaviyo&utm_medium=email&utm_campaign=post_purchase_upsell&utm_content=upsell_suggestion_1,,,high,Santiago,Chile,South America,,,,,,,,,,1.890411,low,https://homefans.com/product/universidad-de-chile-matchday-experience/
2,Colo Colo Matchday Experience,Watch Flamengo at Maracanã: Ticket + Matchday Experience with a Local!,geo_destination_fill_same_continent,approved_geo_fill_same_continent,3,same_continent,101,689.797273,17,17,2026-04-04,17,Colo Colo Matchday Experience,https://homefans.com/product/colo-colo-matchday-experience/,high,Santiago,Chile,South America,,2026-04-12,437,689.797273,Watch Flamengo at Maracanã: Ticket + Matchday Experience with a Local!,https://homefans.com/product/flamengo-live-at-maracana-stadium/?utm_source=klaviyo&utm_medium=email&utm_campaign=post_purchase_upsell&utm_content=upsell_suggestion_2,,,high,Rio de Janeiro,Brazil,South America,,,,,,,,,,689.797273,low,https://homefans.com/product/flamengo-live-at-maracana-stadium/
3,Colo Colo Matchday Experience,See Fluminense like a local at Maracanã Stadium,geo_destination_fill_same_continent,approved_geo_fill_same_continent,3,same_continent,101,695.83289,17,17,2026-04-04,17,Colo Colo Matchday Experience,https://homefans.com/product/colo-colo-matchday-experience/,high,Santiago,Chile,South America,,2026-04-13,427,695.83289,See Fluminense like a local at Maracanã Stadium,https://homefans.com/product/watch-fluminense-live-at-maracana-stadium/?utm_source=klaviyo&utm_medium=email&utm_campaign=post_purchase_upsell&utm_content=upsell_suggestion_3,,,high,Rio de Janeiro,Brazil,South America,,,,,,,,,,695.83289,low,https://homefans.com/product/watch-fluminense-live-at-maracana-stadium/
2,Experience Rome Like a True Ro…,Rome Matchday: The Romanisti Experience with AS Roma,geo_destination_fill_same_city,approved_geo_fill_same_city,0,same_city,98,19.394521,17,17,2026-04-12,17,Experience Rome Like a True Romanista: An Authentic Matchday with AS Roma,https://homefans.com/product/a-s-roma-matchday-experience/,high,Rome,Italy,Europe,,2026-04-13,12,19.394521,Rome Matchday: The Romanisti Experience with AS Roma,https://homefans.com/product/rome-matchday-the-romanisti-experience-with-as-roma/?utm_source=klaviyo&utm_medium=email&utm_campaign=post_purchase_upsell&utm_content=upsell_suggestion_2,,,high,Rome,Italy,Europe,,,,,,,,,,19.394521,low,https://homefans.com/product/rome-matchday-the-romanisti-experience-with-as-roma/
3,Experience Rome Like a True Ro…,Live the Lazio Matchday Experience with a Local Host in Rome,geo_destination_fill_same_city,approved_geo_fill_same_city,0,same_city,98,16.342465,17,17,2026-04-12,17,Experience Rome Like a True Romanista: An Authentic Matchday with AS Roma,https://homefans.com/product/a-s-roma-matchday-experience/,high,Rome,Italy,Europe,,2026-02-27,11,16.342465,Live the Lazio Matchday Experience with a Local Host in Rome,https://homefans.com/product/ss-lazio-matchday-experience-2/?utm_source=klaviyo&utm_medium=email&utm_campaign=post_purchase_upsell&utm_content=upsell_suggestion_3,,,high,Rome,Italy,Europe,,,,,,,,,,16.342465,low,https://homefans.com/product/ss-lazio-matchday-experience-2/
2,Flamengo Game Experience - Tra…,Watch Flamengo at Maracanã: Ticket + Matchday Experience with a Local!,geo_destination_fill_same_city,approved_geo_fill_same_city,0,same_city,98,689.797273,17,17,2026-04-07,17,"Flamengo Game Experience – Transfer, Tickets and Local Guide Included!",https://homefans.com/product/flamengo-game-experience-red-black-passion/,high,Rio de Janeiro,Brazil,South America,,2026-04-12,437,689.797273,Watch Flamengo at Maracanã: Ticket + Matchday Experience with a Local!,https://homefans.com/product/flamengo-live-at-maracana-stadium/?utm_source=klaviyo&utm_medium=email&utm_campaign=post_purchase_upsell&utm_content=upsell_suggestion_2,,,high,Rio de Janeiro,Brazil,South America,,,,,,,,,,689.797273,low,https://homefans.com/product/flamengo-live-at-maracana-stadium/
3,Flamengo Game Experience - Tra…,See Fluminense like a local at Maracanã Stadium,geo_destination_fill_same_city,approved_geo_fill_same_city,0,same_city,98,695.83289,17,17,2026-04-07,17,"Flamengo Game Experience – Transfer, Tickets and Local Guide Included!",https://homefans.com/product/flamengo-game-experience-red-black-passion/,high,Rio de Janeiro,Brazil,South America,,2026-04-13,427,695.83289,See Fluminense like a local at Maracanã Stadium,https://homefans.com/product/watch-fluminense-live-at-maracana-stadium/?utm_source=klaviyo&utm_medium=email&utm_campaign=post_purchase_upsell&utm_content=upsell_suggestion_3,,,high,Rio de Janeiro,Brazil,South America,,,,,,,,,,695.83289,low,https://homefans.com/product/watch-fluminense-live-at-maracana-stadium/
1,Flamengo at Maracanã – Officia…,Watch Flamengo at Maracanã: Ticket + Matchday Experience with a Local!,geo_destination_fill_same_city,approved_geo_fill_same_city,0,same_city,98,689.797273,17,17,2026-04-12,17,"Flamengo at Maracanã – Official Ticket, Free Beer & Local Guide",https://homefans.com/product/authentic-flamengo-matchday-experience-hosted-by-a-local/,high,Rio de Janeiro,Brazil,South America,,2026-04-12,437,689.797273,Watch Flamengo at Maracanã: Ticket + Matchday Experience with a Local!,https://homefans.com/product/flamengo-live-at-maracana-stadium/?utm_source=klaviyo&utm_medium=email&utm_campaign=post_purchase_upsell&utm_content=upsell_suggestion_1,,,high,Rio de Janeiro,Brazil,South America,,,,,,,,,,689.797273,low,https://homefans.com/product/flamengo-live-at-maracana-stadium/
2,Flamengo at Maracanã – Officia…,See Fluminense like a local at Maracanã Stadium,geo_destination_fill_same_city,approved_geo_fill_same_city,0,same_city,98,695.83289,17,17,2026-04-12,17,"Flamengo at Maracanã – Official Ticket, Free Beer & Local Guide",https://homefans.com/product/authentic-flamengo-matchday-experience-hosted-by-a-local/,high,Rio de Janeiro,Brazil,South America,,2026-04-13,427,695.83289,See Fluminense like a local at Maracanã Stadium,https://homefans.com/product/watch-fluminense-live-at-maracana-stadium/?utm_source=klaviyo&utm_medium=email&utm_campaign=post_purchase_upsell&utm_content=upsell_suggestion_2,,,high,Rio de Janeiro,Brazil,South America,,,,,,,,,,695.83289,low,https://homefans.com/product/watch-fluminense-live-at-maracana-stadium/
3,Flamengo at Maracanã – Officia…,"⭐ Best Rated | Flamengo Matchday at Maracanã – Tickets, Pre Match Experience & Local Host",geo_destination_fill_same_city,approved_geo_fill_same_city,0,same_city,98,308.391772,17,17,2026-04-12,17,"Flamengo at Maracanã – Official Ticket, Free Beer & Local Guide",https://homefans.com/product/authentic-flamengo-matchday-experience-hosted-by-a-local/,high,Rio de Janeiro,Brazil,South America,,2026-04-13,187,308.391772,"⭐ Best Rated | Flamengo Matchday at Maracanã – Tickets, Pre Match Experience & Local Host",https://homefans.com/product/flamengo-match-day-experience-tour/?utm_source=klaviyo&utm_medium=email&utm_campaign=post_purchase_upsell&utm_content=upsell_suggestion_3,,,high,Rio de Janeiro,Brazil,South America,,,,,,,,,,308.391772,low,https://homefans.com/product/flamengo-match-day-experience-tour/
1,KS Cracovia Matchday Experienc…,Wisla Krakow Matchday Experience,geo_destination_fill_same_city,approved_geo_fill_same_city,0,same_city,98,67.205479,17,17,2026-03-11,17,KS Cracovia Matchday Experience,https://homefans.com/product/cracovia-matchday/,high,Kraków,Poland,Europe,,2026-04-09,41,67.205479,Wisla Krakow Matchday Experience,https://homefans.com/product/wisla-krakow-matchday-experience/?utm_source=klaviyo&utm_medium=email&utm_campaign=post_purchase_upsell&utm_content=upsell_suggestion_1,,,high,Kraków,Poland,Europe,,,,,,,,,,67.205479,low,https://homefans.com/product/wisla-krakow-matchday-experience/
2,KS Cracovia Matchday Experienc…,Legia Warszawa Matchday Experience,geo_destination_fill_same_country,approved_geo_fill_same_country,1,same_country,99,5.778082,17,17,2026-03-11,17,KS Cracovia Matchday Experience,https://homefans.com/product/cracovia-matchday/,high,Kraków,Poland,Europe,,2026-04-05,3,5.778082,Legia Warszawa Matchday Experience,https://homefans.com/product/legia-warszawa-matchday-expierience/?utm_source=klaviyo&utm_medium=email&utm_campaign=post_purchase_upsell&utm_content=upsell_suggestion_2,,,high,Warsaw,Poland,Europe,,,,,,,,,,5.778082,low,https://homefans.com/product/legia-warszawa-matchday-expierience/
3,KS Cracovia Matchday Experienc…,Experience San Siro like a true Local: AC Milan matchday experience,geo_destination_fill_same_continent,approved_geo_fill_same_continent,3,same_continent,101,82.632875,17,17,2026-03-11,17,KS Cracovia Matchday Experience,https://homefans.com/product/cracovia-matchday/,high,Kraków,Poland,Europe,,2026-04-07,51,82.632875,Experience San Siro like a true Local: AC Milan matchday experience,https://homefans.com/product/experience-ac-milan-live-at-san-siro/?utm_source=klaviyo&utm_medium=email&utm_campaign=post_purchase_upsell&utm_content=upsell_suggestion_3,,,high,Milan,Italy,Europe,,,,,,,,,,82.632875,low,https://homefans.com/product/experience-ac-milan-live-at-san-siro/
2,Flamengo VIP Matchday Experien…,Watch Flamengo at Maracanã: Ticket + Matchday Experience with a Local!,geo_destination_fill_same_city,approved_geo_fill_same_city,0,same_city,98,689.797273,16,17,2026-03-31,17,Flamengo VIP Matchday Experience – Exclusive Box Seats,https://homefans.com/product/flamengo-vip-matchday-experience-exclusive-box-seats/,high,Rio de Janeiro,Brazil,South America,,2026-04-12,437,689.797273,Watch Flamengo at Maracanã: Ticket + Matchday Experience with a Local!,https://homefans.com/product/flamengo-live-at-maracana-stadium/?utm_source=klaviyo&utm_medium=email&utm_campaign=post_purchase_upsell&utm_content=upsell_suggestion_2,,,high,Rio de Janeiro,Brazil,South America,,,,,,,,,,689.797273,low,https://homefans.com/product/flamengo-live-at-maracana-stadium/
3,Flamengo VIP Matchday Experien…,See Fluminense like a local at Maracanã Stadium,geo_destination_fill_same_city,approved_geo_fill_same_city,0,same_city,98,695.83289,16,17,2026-03-31,17,Flamengo VIP Matchday Experience – Exclusive Box Seats,https://homefans.com/product/flamengo-vip-matchday-experience-exclusive-box-seats/,high,Rio de Janeiro,Brazil,South America,,2026-04-13,427,695.83289,See Fluminense like a local at Maracanã Stadium,https://homefans.com/product/watch-fluminense-live-at-maracana-stadium/?utm_source=klaviyo&utm_medium=email&utm_campaign=post_purchase_upsell&utm_content=upsell_suggestion_3,,,high,Rio de Janeiro,Brazil,South America,,,,,,,,,,695.83289,low,https://homefans.com/product/watch-fluminense-live-at-maracana-stadium/
1,⚽ Enjoy a Barça game like a lo…,FC Barcelona Matchday Experience,geo_destination_fill_same_city,approved_geo_fill_same_city,0,same_city,98,23.438354,15,15,2026-02-12,15,⚽ Enjoy a Barça game like a local fan: Prematch+Best Fan Seats,https://homefans.com/product/enjoy-barca-football-like-a-real-cule/,high,Barcelona,Spain,Europe,,2026-04-10,14,23.438354,FC Barcelona Matchday Experience,https://homefans.com/product/%f0%9f%94%b4%f0%9f%94%b5fc-barcelona-matchday-experience-%f0%9f%94%b4%f0%9f%94%b5/?utm_source=klaviyo&utm_medium=email&utm_campaign=post_purchase_upsell&utm_content=upsell_suggestion_1,,,high,Barcelona,Spain,Europe,,,,,,,,,,23.438354,low,https://homefans.com/product/%f0%9f%94%b4%f0%9f%94%b5fc-barcelona-matchday-experience-%f0%9f%94%b4%f0%9f%94%b5/
2,⚽ Enjoy a Barça game like a lo…,El Clásico: FC Barcelona v Real Madrid,geo_destination_fill_same_city,approved_geo_fill_same_city,0,same_city,98,1.613699,15,15,2026-02-12,15,⚽ Enjoy a Barça game like a local fan: Prematch+Best Fan Seats,https://homefans.com/product/enjoy-barca-football-like-a-real-cule/,high,Barcelona,Spain,Europe,,2025-11-23,1,1.613699,El Clásico: FC Barcelona v Real Madrid,https://homefans.com/product/el-clasico-fc-barcelona-v-real-madrid/?utm_source=klaviyo&utm_medium=email&utm_campaign=post_purchase_upsell&utm_content=upsell_suggestion_2,,,high,Barcelona,Spain,Europe,,,,,,,,,,1.613699,low,https://homefans.com/product/el-clasico-fc-barcelona-v-real-madrid/
3,⚽ Enjoy a Barça game like a lo…,FC Barcelona Museum Tour with Tapas,geo_destination_fill_same_city,approved_geo_fill_same_city,0,same_city,98,1.589041,15,15,2026-02-12,15,⚽ Enjoy a Barça game like a local fan: Prematch+Best Fan Seats,https://homefans.com/product/enjoy-barca-football-like-a-real-cule/,high,Barcelona,Spain,Europe,,2025-11-14,1,1.589041,FC Barcelona Museum Tour with Tapas,https://homefans.com/product/fc-barcelona-museum-tour-with-tapas/?utm_source=klaviyo&utm_medium=email&utm_campaign=post_purchase_upsell&utm_content=upsell_suggestion_3,,,high,Barcelona,Spain,Europe,,,,,,,,,,1.589041,low,https://homefans.com/product/fc-barcelona-museum-tour-with-tapas/
2,Ajax Amsterdam Matchday Experi…,Experience San Siro like a true Local: AC Milan matchday experience,geo_destination_fill_same_continent,approved_geo_fill_same_continent,3,same_continent,101,82.632875,13,13,2026-02-01,13,Ajax Amsterdam Matchday Experience,https://homefans.com/product/ajax-amsterdam-matchday-experience/,high,Amsterdam,Netherlands,Europe,,2026-04-07,51,82.632875,Experience San Siro like a true Local: AC Milan matchday experience,https://homefans.com/product/experience-ac-milan-live-at-san-siro/?utm_source=klaviyo&utm_medium=email&utm_campaign=post_purchase_upsell&utm_content=upsell_suggestion_2,,,high,Milan,Italy,Europe,,,,,,,,,,82.632875,low,https://homefans.com/product/experience-ac-milan-live-at-san-siro/
3,Ajax Amsterdam Matchday Experi…,SSC Napoli Matchday Experience with Maradona Tour,geo_destination_fill_same_continent,approved_geo_fill_same_continent,3,same_continent,101,71.131504,13,13,2026-02-01,13,Ajax Amsterdam Matchday Experience,https://homefans.com/product/ajax-amsterdam-matchday-experience/,high,Amsterdam,Netherlands,Europe,,2026-03-25,49,71.131504,SSC Napoli Matchday Experience with Maradona Tour,https://homefans.com/product/ssc-napoli-football-and-maradona-experience/?utm_source=klaviyo&utm_medium=email&utm_campaign=post_purchase_upsell&utm_content=upsell_suggestion_3,,,high,Naples,Italy,Europe,,,,,,,,,,71.131504,low,https://homefans.com/product/ssc-napoli-football-and-maradona-experience/
2,FC Barcelona Matchday Experien…,⚽ Enjoy a Barça game like a local fan: Prematch+Best Fan Seats,geo_destination_fill_same_city,approved_geo_fill_same_city,0,same_city,98,23.742466,13,14,2026-04-10,14,FC Barcelona Matchday Experience,https://homefans.com/product/%f0%9f%94%b4%f0%9f%94%b5fc-barcelona-matchday-experience-%f0%9f%94%b4%f0%9f%94%b5/,high,Barcelona,Spain,Europe,,2026-02-12,15,23.742466,⚽ Enjoy a Barça game like a local fan: Prematch+Best Fan Seats,https://homefans.com/product/enjoy-barca-football-like-a-real-cule/?utm_source=klaviyo&utm_medium=email&utm_campaign=post_purchase_upsell&utm_content=upsell_suggestion_2,,,high,Barcelona,Spain,Europe,,,,,,,,,,23.742466,low,https://homefans.com/product/enjoy-barca-football-like-a-real-cule/
3,FC Barcelona Matchday Experien…,El Clásico: FC Barcelona v Real Madrid,geo_destination_fill_same_city,approved_geo_fill_same_city,0,same_city,98,1.613699,13,14,2026-04-10,14,FC Barcelona Matchday Experience,https://homefans.com/product/%f0%9f%94%b4%f0%9f%94%b5fc-barcelona-matchday-experience-%f0%9f%94%b4%f0%9f%94%b5/,high,Barcelona,Spain,Europe,,2025-11-23,1,1.613699,El Clásico: FC Barcelona v Real Madrid,https://homefans.com/product/el-clasico-fc-barcelona-v-real-madrid/?utm_source=klaviyo&utm_medium=email&utm_campaign=post_purchase_upsell&utm_content=upsell_suggestion_3,,,high,Barcelona,Spain,Europe,,,,,,,,,,1.613699,low,https://homefans.com/product/el-clasico-fc-barcelona-v-real-madrid/
1,Fluminense VIP Matchday Experi…,Watch Flamengo at Maracanã: Ticket + Matchday Experience with a Local!,geo_destination_fill_same_city,approved_geo_fill_same_city,0,same_city,98,689.797273,12,13,2026-03-23,13,Fluminense VIP Matchday Experience – Exclusive Box Seats,https://homefans.com/product/fluminense-vip-matchday-experience-exclusive-box-seats/,high,Rio de Janeiro,Brazil,South America,,2026-04-12,437,689.797273,Watch Flamengo at Maracanã: Ticket + Matchday Experience with a Local!,https://homefans.com/product/flamengo-live-at-maracana-stadium/?utm_source=klaviyo&utm_medium=email&utm_campaign=post_purchase_upsell&utm_content=upsell_suggestion_1,,,high,Rio de Janeiro,Brazil,South America,,,,,,,,,,689.797273,low,https://homefans.com/product/flamengo-live-at-maracana-stadium/
2,Fluminense VIP Matchday Experi…,See Fluminense like a local at Maracanã Stadium,geo_destination_fill_same_city,approved_geo_fill_same_city,0,same_city,98,695.83289,12,13,2026-03-23,13,Fluminense VIP Matchday Experience – Exclusive Box Seats,https://homefans.com/product/fluminense-vip-matchday-experience-exclusive-box-seats/,high,Rio de Janeiro,Brazil,South America,,2026-04-13,427,695.83289,See Fluminense like a local at Maracanã Stadium,https://homefans.com/product/watch-fluminense-live-at-maracana-stadium/?utm_source=klaviyo&utm_medium=email&utm_campaign=post_purchase_upsell&utm_content=upsell_suggestion_2,,,high,Rio de Janeiro,Brazil,South America,,,,,,,,,,695.83289,low,https://homefans.com/product/watch-fluminense-live-at-maracana-stadium/
3,Fluminense VIP Matchday Experi…,"⭐ Best Rated | Flamengo Matchday at Maracanã – Tickets, Pre Match Experience & Local Host",geo_destination_fill_same_city,approved_geo_fill_same_city,0,same_city,98,308.391772,12,13,2026-03-23,13,Fluminense VIP Matchday Experience – Exclusive Box Seats,https://homefans.com/product/fluminense-vip-matchday-experience-exclusive-box-seats/,high,Rio de Janeiro,Brazil,South America,,2026-04-13,187,308.391772,"⭐ Best Rated | Flamengo Matchday at Maracanã – Tickets, Pre Match Experience & Local Host",https://homefans.com/product/flamengo-match-day-experience-tour/?utm_source=klaviyo&utm_medium=email&utm_campaign=post_purchase_upsell&utm_content=upsell_suggestion_3,,,high,Rio de Janeiro,Brazil,South America,,,,,,,,,,308.391772,low,https://homefans.com/product/flamengo-match-day-experience-tour/
2,Independiente Medellin Matchda…,"Colombian Football Experience – Passion, Culture & Matchday Energy with Atletico Nacional",geo_destination_fill_same_city,approved_geo_fill_same_city,0,same_city,98,1.827397,12,12,2026-04-08,12,Independiente Medellin Matchday Experience,https://homefans.com/product/independiente-medellin-matchday-experience-2/,high,Medellín,Colombia,South America,,2026-02-09,1,1.827397,"Colombian Football Experience – Passion, Culture & Matchday Energy with Atletico Nacional",https://homefans.com/product/colombian-football-experience-passion-culture-matchday-energy-with-atletico-nacional/?utm_source=klaviyo&utm_medium=email&utm_campaign=post_purchase_upsell&utm_content=upsell_suggestion_2,,,high,Medellín,Colombia,South America,,,,,,,,,,1.827397,low,https://homefans.com/product/colombian-football-experience-passion-culture-matchday-energy-with-atletico-nacional/
3,Independiente Medellin Matchda…,Millonarios Football Tour Matchday Experience,geo_destination_fill_same_country,approved_geo_fill_same_country,1,same_country,99,8.38904,12,12,2026-04-08,12,Independiente Medellin Matchday Experience,https://homefans.com/product/independiente-medellin-matchday-experience-2/,high,Medellín,Colombia,South America,,2026-02-28,6,8.38904,Millonarios Football Tour Matchday Experience,https://homefans.com/product/millonarios-matchday-experience/?utm_source=klaviyo&utm_medium=email&utm_campaign=post_purchase_upsell&utm_content=upsell_suggestion_3,,,high,Bogotá,Colombia,South America,,,,,,,,,,8.38904,low,https://homefans.com/product/millonarios-matchday-experience/
1,Partizan Matchday Experience w…,The Eternal Derby: Red Star Belgrade v Partizan,geo_destination_fill_same_city,approved_geo_fill_same_city,0,same_city,98,33.663014,12,12,2025-10-21,12,Partizan Matchday Experience with Local Host,https://homefans.com/product/partizan-matchday-experience-with-local-host/,high,Belgrade,Serbia,Europe,,2026-01-16,22,33.663014,The Eternal Derby: Red Star Belgrade v Partizan,https://homefans.com/product/belgrade-derby/?utm_source=klaviyo&utm_medium=email&utm_campaign=post_purchase_upsell&utm_content=upsell_suggestion_1,,,high,Belgrade,Serbia,Europe,,,,,,,,,,33.663014,low,https://homefans.com/product/belgrade-derby/
2,Partizan Matchday Experience w…,Red Star Matchday Experience with a local,geo_destination_fill_same_city,approved_geo_fill_same_city,0,same_city,98,15.715069,12,12,2025-10-21,12,Partizan Matchday Experience with Local Host,https://homefans.com/product/partizan-matchday-experience-with-local-host/,high,Belgrade,Serbia,Europe,,2026-04-10,10,15.715069,Red Star Matchday Experience with a local,https://homefans.com/product/red-star-matchday-experience/?utm_source=klaviyo&utm_medium=email&utm_campaign=post_purchase_upsell&utm_content=upsell_suggestion_2,,,high,Belgrade,Serbia,Europe,,,,,,,,,,15.715069,low,https://homefans.com/product/red-star-matchday-experience/
3,Partizan Matchday Experience w…,Belgrade EuroLeague basketball matchday experience,geo_destination_fill_same_city,approved_geo_fill_same_city,0,same_city,98,8.131507,12,12,2025-10-21,12,Partizan Matchday Experience with Local Host,https://homefans.com/product/partizan-matchday-experience-with-local-host/,high,Belgrade,Serbia,Europe,,2025-12-13,5,8.131507,Belgrade EuroLeague basketball matchday experience,https://homefans.com/product/belgrade-euroleague-experience/?utm_source=klaviyo&utm_medium=email&utm_campaign=post_purchase_upsell&utm_content=upsell_suggestion_3,,,high,Belgrade,Serbia,Europe,,,,,,,,,,8.131507,low,https://homefans.com/product/belgrade-euroleague-experience/
2,Rome Matchday: The Romanisti E…,Experience Rome Like a True Romanista: An Authentic Matchday with AS Roma,geo_destination_fill_same_city,approved_geo_fill_same_city,0,same_city,98,27.021917,12,12,2026-04-13,12,Rome Matchday: The Romanisti Experience with AS Roma,https://homefans.com/product/rome-matchday-the-romanisti-experience-with-as-roma/,high,Rome,Italy,Europe,,2026-04-12,17,27.021917,Experience Rome Like a True Romanista: An Authentic Matchday with AS Roma,https://homefans.com/product/a-s-roma-matchday-experience/?utm_source=klaviyo&utm_medium=email&utm_campaign=post_purchase_upsell&utm_content=upsell_suggestion_2,,,high,Rome,Italy,Europe,,,,,,,,,,27.021917,low,https://homefans.com/product/a-s-roma-matchday-experience/
3,Rome Matchday: The Romanisti E…,Live the Lazio Matchday Experience with a Local Host in Rome,geo_destination_fill_same_city,approved_geo_fill_same_city,0,same_city,98,16.342465,12,12,2026-04-13,12,Rome Matchday: The Romanisti Experience with AS Roma,https://homefans.com/product/rome-matchday-the-romanisti-experience-with-as-roma/,high,Rome,Italy,Europe,,2026-02-27,11,16.342465,Live the Lazio Matchday Experience with a Local Host in Rome,https://homefans.com/product/ss-lazio-matchday-experience-2/?utm_source=klaviyo&utm_medium=email&utm_campaign=post_purchase_upsell&utm_content=upsell_suggestion_3,,,high,Rome,Italy,Europe,,,,,,,,,,16.342465,low,https://homefans.com/product/ss-lazio-matchday-experience-2/
1,Ajax Matchday Experience with…,Madrid: Real Madrid Bernabeu Stadium Tour with Tapas,geo_destination_fill_same_country,approved_geo_fill_same_country,1,same_country,99,27.079452,11,11,2026-01-26,11,,,,,Spain,Europe,,2026-04-13,18,27.079452,Madrid: Real Madrid Bernabeu Stadium Tour with Tapas,https://homefans.com/product/madrid-real-madrid-bernabeu-stadium-tour-with-tapas/?utm_source=klaviyo&utm_medium=email&utm_campaign=post_purchase_upsell&utm_content=upsell_suggestion_1,,,high,Madrid,Spain,Europe,,,,,,,,,,27.079452,low,https://homefans.com/product/madrid-real-madrid-bernabeu-stadium-tour-with-tapas/
2,Ajax Matchday Experience with…,⚽ Enjoy a Barça game like a local fan: Prematch+Best Fan Seats,geo_destination_fill_same_country,approved_geo_fill_same_country,1,same_country,99,23.742466,11,11,2026-01-26,11,,,,,Spain,Europe,,2026-02-12,15,23.742466,⚽ Enjoy a Barça game like a local fan: Prematch+Best Fan Seats,https://homefans.com/product/enjoy-barca-football-like-a-real-cule/?utm_source=klaviyo&utm_medium=email&utm_campaign=post_purchase_upsell&utm_content=upsell_suggestion_2,,,high,Barcelona,Spain,Europe,,,,,,,,,,23.742466,low,https://homefans.com/product/enjoy-barca-football-like-a-real-cule/
3,Ajax Matchday Experience with…,FC Barcelona Matchday Experience,geo_destination_fill_same_country,approved_geo_fill_same_country,1,same_country,99,23.438354,11,11,2026-01-26,11,,,,,Spain,Europe,,2026-04-10,14,23.438354,FC Barcelona Matchday Experience,https://homefans.com/product/%f0%9f%94%b4%f0%9f%94%b5fc-barcelona-matchday-experience-%f0%9f%94%b4%f0%9f%94%b5/?utm_source=klaviyo&utm_medium=email&utm_campaign=post_purchase_upsell&utm_content=upsell_suggestion_3,,,high,Barcelona,Spain,Europe,,,,,,,,,,23.438354,low,https://homefans.com/product/%f0%9f%94%b4%f0%9f%94%b5fc-barcelona-matchday-experience-%f0%9f%94%b4%f0%9f%94%b5/
1,C.A. Tigre Matchday Experience,Boca Juniors Matchday Like a Local at La Bombonera – Long Side Seats with Transport,geo_destination_fill_same_city,approved_geo_fill_same_city,0,same_city,98,297.326031,11,11,2025-11-01,11,,,,Buenos Aires,Argentina,South America,,2026-04-13,185,297.326031,Boca Juniors Matchday Like a Local at La Bombonera – Long Side Seats with Transport,https://homefans.com/product/boca-juniors-matchday-experience-4/?utm_source=klaviyo&utm_medium=email&utm_campaign=post_purchase_upsell&utm_content=upsell_suggestion_1,,,high,Buenos Aires,Argentina,South America,,,,,,,,,,297.326031,low,https://homefans.com/product/boca-juniors-matchday-experience-4/
2,C.A. Tigre Matchday Experience,Experience River Plate Matchday like a local at El Monumental – Shortside Seats,geo_destination_fill_same_city,approved_geo_fill_same_city,0,same_city,98,200.791785,11,11,2025-11-01,11,,,,Buenos Aires,Argentina,South America,,2026-04-13,128,200.791785,Experience River Plate Matchday like a local at El Monumental – Shortside Seats,https://homefans.com/product/river-plate-matchday-experience/?utm_source=klaviyo&utm_medium=email&utm_campaign=post_purchase_upsell&utm_content=upsell_suggestion_2,,,high,Buenos Aires,Argentina,South America,,,,,,,,,,200.791785,low,https://homefans.com/product/river-plate-matchday-experience/
3,C.A. Tigre Matchday Experience,Boca Juniors Popular Matchday Experience (Standing Section),geo_destination_fill_same_city,approved_geo_fill_same_city,0,same_city,98,137.657534,11,11,2025-11-01,11,,,,Buenos Aires,Argentina,South America,,2026-04-05,86,137.657534,Boca Juniors Popular Matchday Experience (Standing Section),https://homefans.com/product/boca-juniors-matchday-experience/?utm_source=klaviyo&utm_medium=email&utm_campaign=post_purchase_upsell&utm_content=upsell_suggestion_3,,,high,Buenos Aires,Argentina,South America,,,,,,,,,,137.657534,low,https://homefans.com/product/boca-juniors-matchday-experience/
1,Live the Lazio Matchday Experi…,Experience Rome Like a True Romanista: An Authentic Matchday with AS Roma,geo_destination_fill_same_city,approved_geo_fill_same_city,0,same_city,98,27.021917,11,11,2026-02-27,11,Live the Lazio Matchday Experience with a Local Host in Rome,https://homefans.com/product/ss-lazio-matchday-experience-2/,high,Rome,Italy,Europe,,2026-04-12,17,27.021917,Experience Rome Like a True Romanista: An Authentic Matchday with AS Roma,https://homefans.com/product/a-s-roma-matchday-experience/?utm_source=klaviyo&utm_medium=email&utm_campaign=post_purchase_upsell&utm_content=upsell_suggestion_1,,,high,Rome,Italy,Europe,,,,,,,,,,27.021917,low,https://homefans.com/product/a-s-roma-matchday-experience/
2,Live the Lazio Matchday Experi…,Rome Matchday: The Romanisti Experience with AS Roma,geo_destination_fill_same_city,approved_geo_fill_same_city,0,same_city,98,19.394521,11,11,2026-02-27,11,Live the Lazio Matchday Experience with a Local Host in Rome,https://homefans.com/product/ss-lazio-matchday-experience-2/,high,Rome,Italy,Europe,,2026-04-13,12,19.394521,Rome Matchday: The Romanisti Experience with AS Roma,https://homefans.com/product/rome-matchday-the-romanisti-experience-with-as-roma/?utm_source=klaviyo&utm_medium=email&utm_campaign=post_purchase_upsell&utm_content=upsell_suggestion_2,,,high,Rome,Italy,Europe,,,,,,,,,,19.394521,low,https://homefans.com/product/rome-matchday-the-romanisti-experience-with-as-roma/
3,Live the Lazio Matchday Experi…,Derby Della Capitale: AS Roma v SS Lazio,geo_destination_fill_same_city,approved_geo_fill_same_city,0,same_city,98,1.726027,11,11,2026-02-27,11,Live the Lazio Matchday Experience with a Local Host in Rome,https://homefans.com/product/ss-lazio-matchday-experience-2/,high,Rome,Italy,Europe,,2026-01-03,1,1.726027,Derby Della Capitale: AS Roma v SS Lazio,https://homefans.com/product/derby-capitale-as-roma-v-ss-lazio/?utm_source=klaviyo&utm_medium=email&utm_campaign=post_purchase_upsell&utm_content=upsell_suggestion_3,,,high,Rome,Italy,Europe,,,,,,,,,,1.726027,low,https://homefans.com/product/derby-capitale-as-roma-v-ss-lazio/
1,Watch “Joga Bonito” Live – Bra…,Watch Flamengo at Maracanã: Ticket + Matchday Experience with a Local!,geo_destination_fill_same_country,approved_geo_fill_same_country,1,same_country,99,689.797273,11,11,2025-09-02,11,Watch “Joga Bonito” Live – Brazil Matchday Experience,https://homefans.com/product/watch-joga-bonito-live-brazil-matchday-experience-the-magic-of-brazilian-football/,high,,Brazil,South America,,2026-04-12,437,689.797273,Watch Flamengo at Maracanã: Ticket + Matchday Experience with a Local!,https://homefans.com/product/flamengo-live-at-maracana-stadium/?utm_source=klaviyo&utm_medium=email&utm_campaign=post_purchase_upsell&utm_content=upsell_suggestion_1,,,high,Rio de Janeiro,Brazil,South America,,,,,,,,,,689.797273,low,https://homefans.com/product/flamengo-live-at-maracana-stadium/
2,Watch “Joga Bonito” Live – Bra…,See Fluminense like a local at Maracanã Stadium,geo_destination_fill_same_country,approved_geo_fill_same_country,1,same_country,99,695.83289,11,11,2025-09-02,11,Watch “Joga Bonito” Live – Brazil Matchday Experience,https://homefans.com/product/watch-joga-bonito-live-brazil-matchday-experience-the-magic-of-brazilian-football/,high,,Brazil,South America,,2026-04-13,427,695.83289,See Fluminense like a local at Maracanã Stadium,https://homefans.com/product/watch-fluminense-live-at-maracana-stadium/?utm_source=klaviyo&utm_medium=email&utm_campaign=post_purchase_upsell&utm_content=upsell_suggestion_2,,,high,Rio de Janeiro,Brazil,South America,,,,,,,,,,695.83289,low,https://homefans.com/product/watch-fluminense-live-at-maracana-stadium/
3,Watch “Joga Bonito” Live – Bra…,"⭐ Best Rated | Flamengo Matchday at Maracanã – Tickets, Pre Match Experience & Local Host",geo_destination_fill_same_country,approved_geo_fill_same_country,1,same_country,99,308.391772,11,11,2025-09-02,11,Watch “Joga Bonito” Live – Brazil Matchday Experience,https://homefans.com/product/watch-joga-bonito-live-brazil-matchday-experience-the-magic-of-brazilian-football/,high,,Brazil,South America,,2026-04-13,187,308.391772,"⭐ Best Rated | Flamengo Matchday at Maracanã – Tickets, Pre Match Experience & Local Host",https://homefans.com/product/flamengo-match-day-experience-tour/?utm_source=klaviyo&utm_medium=email&utm_campaign=post_purchase_upsell&utm_content=upsell_suggestion_3,,,high,Rio de Janeiro,Brazil,South America,,,,,,,,,,308.391772,low,https://homefans.com/product/flamengo-match-day-experience-tour/
1,Airport Transfers,Boca Juniors Matchday Like a Local at La Bombonera – Long Side Seats with Transport,geo_destination_fill_same_city,approved_geo_fill_same_city,0,same_city,98,297.326031,10,10,2025-12-30,10,Airport transfer,https://homefans.com/product/airport-transfer/,high,Buenos Aires,Argentina,South America,,2026-04-13,185,297.326031,Boca Juniors Matchday Like a Local at La Bombonera – Long Side Seats with Transport,https://homefans.com/product/boca-juniors-matchday-experience-4/?utm_source=klaviyo&utm_medium=email&utm_campaign=post_purchase_upsell&utm_content=upsell_suggestion_1,,,high,Buenos Aires,Argentina,South America,,,,,,,,,,297.326031,low,https://homefans.com/product/boca-juniors-matchday-experience-4/
2,Airport Transfers,Experience River Plate Matchday like a local at El Monumental – Shortside Seats,geo_destination_fill_same_city,approved_geo_fill_same_city,0,same_city,98,200.791785,10,10,2025-12-30,10,Airport transfer,https://homefans.com/product/airport-transfer/,high,Buenos Aires,Argentina,South America,,2026-04-13,128,200.791785,Experience River Plate Matchday like a local at El Monumental – Shortside Seats,https://homefans.com/product/river-plate-matchday-experience/?utm_source=klaviyo&utm_medium=email&utm_campaign=post_purchase_upsell&utm_content=upsell_suggestion_2,,,high,Buenos Aires,Argentina,South America,,,,,,,,,,200.791785,low,https://homefans.com/product/river-plate-matchday-experience/
3,Airport Transfers,Boca Juniors Popular Matchday Experience (Standing Section),geo_destination_fill_same_city,approved_geo_fill_same_city,0,same_city,98,137.657534,10,10,2025-12-30,10,Airport transfer,https://homefans.com/product/airport-transfer/,high,Buenos Aires,Argentina,South America,,2026-04-05,86,137.657534,Boca Juniors Popular Matchday Experience (Standing Section),https://homefans.com/product/boca-juniors-matchday-experience/?utm_source=klaviyo&utm_medium=email&utm_campaign=post_purchase_upsell&utm_content=upsell_suggestion_3,,,high,Buenos Aires,Argentina,South America,,,,,,,,,,137.657534,low,https://homefans.com/product/boca-juniors-matchday-experience/
1,Fluminense Game Experience - T…,Watch Flamengo at Maracanã: Ticket + Matchday Experience with a Local!,geo_destination_fill_same_city,approved_geo_fill_same_city,0,same_city,98,689.797273,10,10,2026-03-27,10,"Fluminense Game Experience – Transfer, Tickets and Local Guide Included!",https://homefans.com/product/fluminense-game-experience-transfer-tickets-and-local-guide-included/,medium,Rio de Janeiro,Brazil,South America,,2026-04-12,437,689.797273,Watch Flamengo at Maracanã: Ticket + Matchday Experience with a Local!,https://homefans.com/product/flamengo-live-at-maracana-stadium/?utm_source=klaviyo&utm_medium=email&utm_campaign=post_purchase_upsell&utm_content=upsell_suggestion_1,,,high,Rio de Janeiro,Brazil,South America,,,,,,,,,,689.797273,low,https://homefans.com/product/flamengo-live-at-maracana-stadium/
2,Fluminense Game Experience - T…,See Fluminense like a local at Maracanã Stadium,geo_destination_fill_same_city,approved_geo_fill_same_city,0,same_city,98,695.83289,10,10,2026-03-27,10,"Fluminense Game Experience – Transfer, Tickets and Local Guide Included!",https://homefans.com/product/fluminense-game-experience-transfer-tickets-and-local-guide-included/,medium,Rio de Janeiro,Brazil,South America,,2026-04-13,427,695.83289,See Fluminense like a local at Maracanã Stadium,https://homefans.com/product/watch-fluminense-live-at-maracana-stadium/?utm_source=klaviyo&utm_medium=email&utm_campaign=post_purchase_upsell&utm_content=upsell_suggestion_2,,,high,Rio de Janeiro,Brazil,South America,,,,,,,,,,695.83289,low,https://homefans.com/product/watch-fluminense-live-at-maracana-stadium/
3,Fluminense Game Experience - T…,"⭐ Best Rated | Flamengo Matchday at Maracanã – Tickets, Pre Match Experience & Local Host",geo_destination_fill_same_city,approved_geo_fill_same_city,0,same_city,98,308.391772,10,10,2026-03-27,10,"Fluminense Game Experience – Transfer, Tickets and Local Guide Included!",https://homefans.com/product/fluminense-game-experience-transfer-tickets-and-local-guide-included/,medium,Rio de Janeiro,Brazil,South America,,2026-04-13,187,308.391772,"⭐ Best Rated | Flamengo Matchday at Maracanã – Tickets, Pre Match Experience & Local Host",https://homefans.com/product/flamengo-match-day-experience-tour/?utm_source=klaviyo&utm_medium=email&utm_campaign=post_purchase_upsell&utm_content=upsell_suggestion_3,,,high,Rio de Janeiro,Brazil,South America,,,,,,,,,,308.391772,low,https://homefans.com/product/flamengo-match-day-experience-tour/
1,Real Madrid Matchday Experienc…,Madrid: Real Madrid Bernabeu Stadium Tour with Tapas,geo_destination_fill_same_city,approved_geo_fill_same_city,0,same_city,98,27.079452,10,10,2026-02-16,10,Real Madrid Matchday Experience – Football & Tapas,https://homefans.com/product/real-madrid-matchday-experience-football-tapas-city-tour/,high,Madrid,Spain,Europe,,2026-04-13,18,27.079452,Madrid: Real Madrid Bernabeu Stadium Tour with Tapas,https://homefans.com/product/madrid-real-madrid-bernabeu-stadium-tour-with-tapas/?utm_source=klaviyo&utm_medium=email&utm_campaign=post_purchase_upsell&utm_content=upsell_suggestion_1,,,high,Madrid,Spain,Europe,,,,,,,,,,27.079452,low,https://homefans.com/product/madrid-real-madrid-bernabeu-stadium-tour-with-tapas/
2,Real Madrid Matchday Experienc…,Atletico Madrid Matchday Experience,geo_destination_fill_same_city,approved_geo_fill_same_city,0,same_city,98,6.983562,10,10,2026-02-16,10,Real Madrid Matchday Experience – Football & Tapas,https://homefans.com/product/real-madrid-matchday-experience-football-tapas-city-tour/,high,Madrid,Spain,Europe,,2026-03-28,4,6.983562,Atletico Madrid Matchday Experience,https://homefans.com/product/atletico-madrid-matchday-experience-2/?utm_source=klaviyo&utm_medium=email&utm_campaign=post_purchase_upsell&utm_content=upsell_suggestion_2,,,high,Madrid,Spain,Europe,,,,,,,,,,6.983562,low,https://homefans.com/product/atletico-madrid-matchday-experience-2/
3,Real Madrid Matchday Experienc…,⚽ Enjoy a Barça game like a local fan: Prematch+Best Fan Seats,geo_destination_fill_same_country,approved_geo_fill_same_country,1,same_country,99,23.742466,10,10,2026-02-16,10,Real Madrid Matchday Experience – Football & Tapas,https://homefans.com/product/real-madrid-matchday-experience-football-tapas-city-tour/,high,Madrid,Spain,Europe,,2026-02-12,15,23.742466,⚽ Enjoy a Barça game like a local fan: Prematch+Best Fan Seats,https://homefans.com/product/enjoy-barca-football-like-a-real-cule/?utm_source=klaviyo&utm_medium=email&utm_campaign=post_purchase_upsell&utm_content=upsell_suggestion_3,,,high,Barcelona,Spain,Europe,,,,,,,,,,23.742466,low,https://homefans.com/product/enjoy-barca-football-like-a-real-cule/
1,FC Köln Matchday experience wi…,Cologne Football & Carnival Walk: A Cultural Tour for Real Fans,geo_destination_fill_same_city,approved_geo_fill_same_city,0,same_city,98,1.356164,9,9,2026-01-09,9,FC Köln Matchday experience with a local,https://homefans.com/product/1-fc-koln-matchday-experience-with-a-local/,high,Cologne,Germany,Europe,,2025-08-21,1,1.356164,Cologne Football & Carnival Walk: A Cultural Tour for Real Fans,https://homefans.com/product/cologne-football-carnival-walk-a-cultural-tour-for-real-fans/?utm_source=klaviyo&utm_medium=email&utm_campaign=post_purchase_upsell&utm_content=upsell_suggestion_1,,,high,Cologne,Germany,Europe,,,,,,,,,,1.356164,low,https://homefans.com/product/cologne-football-carnival-walk-a-cultural-tour-for-real-fans/
2,FC Köln Matchday experience wi…,Fortuna Düsseldorf Match & Beer Tour Experience,geo_destination_fill_same_country,approved_geo_fill_same_country,1,same_country,99,7.928768,9,9,2026-01-09,9,FC Köln Matchday experience with a local,https://homefans.com/product/1-fc-koln-matchday-experience-with-a-local/,high,Cologne,Germany,Europe,,2026-02-13,5,7.928768,Fortuna Düsseldorf Match & Beer Tour Experience,https://homefans.com/product/fortuna-dusseldorf-match-beer-tour-experience/?utm_source=klaviyo&utm_medium=email&utm_campaign=post_purchase_upsell&utm_content=upsell_suggestion_2,,,high,Dusseldorf,Germany,Europe,,,,,,,,,,7.928768,low,https://homefans.com/product/fortuna-dusseldorf-match-beer-tour-experience/
3,FC Köln Matchday experience wi…,Eintracht Frankfurt Matchday – Experience the City’s Culture with a Local Fan,geo_destination_fill_same_country,approved_geo_fill_same_country,1,same_country,99,3.79178,9,9,2026-01-09,9,FC Köln Matchday experience with a local,https://homefans.com/product/1-fc-koln-matchday-experience-with-a-local/,high,Cologne,Germany,Europe,,2026-03-17,2,3.79178,Eintracht Frankfurt Matchday – Experience the City’s Culture with a Local Fan,https://homefans.com/product/eintracht-frankfurt-matchday-experience-the-citys-culture-with-a-local-fan/?utm_source=klaviyo&utm_medium=email&utm_campaign=post_purchase_upsell&utm_content=upsell_suggestion_3,,,high,Frankfurt,Germany,Europe,,,,,,,,,,3.79178,low,https://homefans.com/product/eintracht-frankfurt-matchday-experience-the-citys-culture-with-a-local-fan/
2,Fluminense Game Experience at…,Watch Flamengo at Maracanã: Ticket + Matchday Experience with a Local!,geo_destination_fill_same_city,approved_geo_fill_same_city,0,same_city,98,689.797273,9,9,2026-03-09,9,Fluminense Game Experience at Maracanã Stadium,https://homefans.com/product/fluminense-game-experience-at-maracana-stadium/,high,Rio de Janeiro,Brazil,South America,,2026-04-12,437,689.797273,Watch Flamengo at Maracanã: Ticket + Matchday Experience with a Local!,https://homefans.com/product/flamengo-live-at-maracana-stadium/?utm_source=klaviyo&utm_medium=email&utm_campaign=post_purchase_upsell&utm_content=upsell_suggestion_2,,,high,Rio de Janeiro,Brazil,South America,,,,,,,,,,689.797273,low,https://homefans.com/product/flamengo-live-at-maracana-stadium/
3,Fluminense Game Experience at…,See Fluminense like a local at Maracanã Stadium,geo_destination_fill_same_city,approved_geo_fill_same_city,0,same_city,98,695.83289,9,9,2026-03-09,9,Fluminense Game Experience at Maracanã Stadium,https://homefans.com/product/fluminense-game-experience-at-maracana-stadium/,high,Rio de Janeiro,Brazil,South America,,2026-04-13,427,695.83289,See Fluminense like a local at Maracanã Stadium,https://homefans.com/product/watch-fluminense-live-at-maracana-stadium/?utm_source=klaviyo&utm_medium=email&utm_campaign=post_purchase_upsell&utm_content=upsell_suggestion_3,,,high,Rio de Janeiro,Brazil,South America,,,,,,,,,,695.83289,low,https://homefans.com/product/watch-fluminense-live-at-maracana-stadium/
1,Hotel Extra Nights (Twin),Boca Juniors Matchday Like a Local at La Bombonera – Long Side Seats with Transport,geo_destination_fill_same_city,approved_geo_fill_same_city,0,same_city,98,297.326031,9,9,2026-02-11,9,Extra Night (Twin Room),https://homefans.com/product/extra-night-twin-room/,manual,Buenos Aires,Argentina,South America,,2026-04-13,185,297.326031,Boca Juniors Matchday Like a Local at La Bombonera – Long Side Seats with Transport,https://homefans.com/product/boca-juniors-matchday-experience-4/?utm_source=klaviyo&utm_medium=email&utm_campaign=post_purchase_upsell&utm_content=upsell_suggestion_1,,,high,Buenos Aires,Argentina,South America,,,,,,,,,,297.326031,low,https://homefans.com/product/boca-juniors-matchday-experience-4/
2,Hotel Extra Nights (Twin),Experience River Plate Matchday like a local at El Monumental – Shortside Seats,geo_destination_fill_same_city,approved_geo_fill_same_city,0,same_city,98,200.791785,9,9,2026-02-11,9,Extra Night (Twin Room),https://homefans.com/product/extra-night-twin-room/,manual,Buenos Aires,Argentina,South America,,2026-04-13,128,200.791785,Experience River Plate Matchday like a local at El Monumental – Shortside Seats,https://homefans.com/product/river-plate-matchday-experience/?utm_source=klaviyo&utm_medium=email&utm_campaign=post_purchase_upsell&utm_content=upsell_suggestion_2,,,high,Buenos Aires,Argentina,South America,,,,,,,,,,200.791785,low,https://homefans.com/product/river-plate-matchday-experience/
3,Hotel Extra Nights (Twin),Boca Juniors Popular Matchday Experience (Standing Section),geo_destination_fill_same_city,approved_geo_fill_same_city,0,same_city,98,137.657534,9,9,2026-02-11,9,Extra Night (Twin Room),https://homefans.com/product/extra-night-twin-room/,manual,Buenos Aires,Argentina,South America,,2026-04-05,86,137.657534,Boca Juniors Popular Matchday Experience (Standing Section),https://homefans.com/product/boca-juniors-matchday-experience/?utm_source=klaviyo&utm_medium=email&utm_campaign=post_purchase_upsell&utm_content=upsell_suggestion_3,,,high,Buenos Aires,Argentina,South America,,,,,,,,,,137.657534,low,https://homefans.com/product/boca-juniors-matchday-experience/
2,Match Day Experience - Huracán…,Experience River Plate Matchday like a local at El Monumental – Shortside Seats,geo_destination_fill_same_city,approved_geo_fill_same_city,0,same_city,98,200.791785,9,9,2025-11-05,9,"Match Day Experience – Huracán, with an emblematic stadium",https://homefans.com/product/huracan-match-day-experience/,high,Buenos Aires,Argentina,South America,,2026-04-13,128,200.791785,Experience River Plate Matchday like a local at El Monumental – Shortside Seats,https://homefans.com/product/river-plate-matchday-experience/?utm_source=klaviyo&utm_medium=email&utm_campaign=post_purchase_upsell&utm_content=upsell_suggestion_2,,,high,Buenos Aires,Argentina,South America,,,,,,,,,,200.791785,low,https://homefans.com/product/river-plate-matchday-experience/
3,Match Day Experience - Huracán…,Boca Juniors Popular Matchday Experience (Standing Section),geo_destination_fill_same_city,approved_geo_fill_same_city,0,same_city,98,137.657534,9,9,2025-11-05,9,"Match Day Experience – Huracán, with an emblematic stadium",https://homefans.com/product/huracan-match-day-experience/,high,Buenos Aires,Argentina,South America,,2026-04-05,86,137.657534,Boca Juniors Popular Matchday Experience (Standing Section),https://homefans.com/product/boca-juniors-matchday-experience/?utm_source=klaviyo&utm_medium=email&utm_campaign=post_purchase_upsell&utm_content=upsell_suggestion_3,,,high,Buenos Aires,Argentina,South America,,,,,,,,,,137.657534,low,https://homefans.com/product/boca-juniors-matchday-experience/
3,Red Star Matchday Experience w…,The Eternal Derby: Red Star Belgrade v Partizan,geo_destination_fill_same_city,approved_geo_fill_same_city,0,same_city,98,33.663014,9,10,2026-04-10,10,Red Star Matchday Experience with a local,https://homefans.com/product/red-star-matchday-experience/,high,Belgrade,Serbia,Europe,,2026-01-16,22,33.663014,The Eternal Derby: Red Star Belgrade v Partizan,https://homefans.com/product/belgrade-derby/?utm_source=klaviyo&utm_medium=email&utm_campaign=post_purchase_upsell&utm_content=upsell_suggestion_3,,,high,Belgrade,Serbia,Europe,,,,,,,,,,33.663014,low,https://homefans.com/product/belgrade-derby/
1,Cruz Azul FC Match Day Experie…,"Club América Match Day Experience, México City",geo_destination_fill_same_country,approved_geo_fill_same_country,1,same_country,99,32.652056,8,8,2025-10-04,8,"Cruz Azul FC Match Day Experience, PUEBLA CITY (Travelling from México City)",https://homefans.com/product/matchday-mexico-city/,high,Puebla,Mexico,North America,,2026-03-19,22,32.652056,"Club América Match Day Experience, México City",https://homefans.com/product/club-america-match-day-experience-mexico-city/?utm_source=klaviyo&utm_medium=email&utm_campaign=post_purchase_upsell&utm_content=upsell_suggestion_1,,,high,Mexico City,Mexico,North America,,,,,,,,,,32.652056,low,https://homefans.com/product/club-america-match-day-experience-mexico-city/
2,Cruz Azul FC Match Day Experie…,"Pumas UNAM Match Day Experience, Mexico City",geo_destination_fill_same_country,approved_geo_fill_same_country,1,same_country,99,9.120548,8,8,2025-10-04,8,"Cruz Azul FC Match Day Experience, PUEBLA CITY (Travelling from México City)",https://homefans.com/product/matchday-mexico-city/,high,Puebla,Mexico,North America,,2026-03-10,5,9.120548,"Pumas UNAM Match Day Experience, Mexico City",https://homefans.com/product/pumas-unam-match-day-experience-mexico-city/?utm_source=klaviyo&utm_medium=email&utm_campaign=post_purchase_upsell&utm_content=upsell_suggestion_2,,,high,Mexico City,Mexico,North America,,,,,,,,,,9.120548,low,https://homefans.com/product/pumas-unam-match-day-experience-mexico-city/
3,Cruz Azul FC Match Day Experie…,"C.D. Guadalajara: Las Chivas Matchday experience (@Guadalajara, Mexico)",geo_destination_fill_same_country,approved_geo_fill_same_country,1,same_country,99,6.649315,8,8,2025-10-04,8,"Cruz Azul FC Match Day Experience, PUEBLA CITY (Travelling from México City)",https://homefans.com/product/matchday-mexico-city/,high,Puebla,Mexico,North America,,2026-02-14,4,6.649315,"C.D. Guadalajara: Las Chivas Matchday experience (@Guadalajara, Mexico)",https://homefans.com/product/c-d-guadalajara-las-chivas-matchday-experience/?utm_source=klaviyo&utm_medium=email&utm_campaign=post_purchase_upsell&utm_content=upsell_suggestion_3,,,high,Guadalajara,Mexico,North America,,,,,,,,,,6.649315,low,https://homefans.com/product/c-d-guadalajara-las-chivas-matchday-experience/
1,Match Day Experience - Deporti…,Boca Juniors Matchday Like a Local at La Bombonera – Long Side Seats with Transport,geo_destination_fill_same_country,approved_geo_fill_same_country,1,same_country,99,297.326031,8,8,2026-03-12,8,,,,,Argentina,South America,,2026-04-13,185,297.326031,Boca Juniors Matchday Like a Local at La Bombonera – Long Side Seats with Transport,https://homefans.com/product/boca-juniors-matchday-experience-4/?utm_source=klaviyo&utm_medium=email&utm_campaign=post_purchase_upsell&utm_content=upsell_suggestion_1,,,high,Buenos Aires,Argentina,South America,,,,,,,,,,297.326031,low,https://homefans.com/product/boca-juniors-matchday-experience-4/
2,Match Day Experience - Deporti…,Experience River Plate Matchday like a local at El Monumental – Shortside Seats,geo_destination_fill_same_country,approved_geo_fill_same_country,1,same_country,99,200.791785,8,8,2026-03-12,8,,,,,Argentina,South America,,2026-04-13,128,200.791785,Experience River Plate Matchday like a local at El Monumental – Shortside Seats,https://homefans.com/product/river-plate-matchday-experience/?utm_source=klaviyo&utm_medium=email&utm_campaign=post_purchase_upsell&utm_content=upsell_suggestion_2,,,high,Buenos Aires,Argentina,South America,,,,,,,,,,200.791785,low,https://homefans.com/product/river-plate-matchday-experience/
3,Match Day Experience - Deporti…,Boca Juniors Popular Matchday Experience (Standing Section),geo_destination_fill_same_country,approved_geo_fill_same_country,1,same_country,99,137.657534,8,8,2026-03-12,8,,,,,Argentina,South America,,2026-04-05,86,137.657534,Boca Juniors Popular Matchday Experience (Standing Section),https://homefans.com/product/boca-juniors-matchday-experience/?utm_source=klaviyo&utm_medium=email&utm_campaign=post_purchase_upsell&utm_content=upsell_suggestion_3,,,high,Buenos Aires,Argentina,South America,,,,,,,,,,137.657534,low,https://homefans.com/product/boca-juniors-matchday-experience/
1,Paris Saint Germain Matchday E…,Le Classique: Paris Saint Germain v Olympique Marseille,geo_destination_fill_same_city,approved_geo_fill_same_city,0,same_city,98,1.643836,8,8,2026-04-08,8,Paris Saint Germain Matchday Experience (Long Side Upper),https://homefans.com/product/ultimate-paris-matchday-experience-psg/,high,Paris,France,Europe,,2025-12-04,1,1.643836,Le Classique: Paris Saint Germain v Olympique Marseille,https://homefans.com/product/le-classique/?utm_source=klaviyo&utm_medium=email&utm_campaign=post_purchase_upsell&utm_content=upsell_suggestion_1,,,high,Paris,France,Europe,,,,,,,,,,1.643836,low,https://homefans.com/product/le-classique/
2,Paris Saint Germain Matchday E…,Olympique Marseille Matchday Experience,geo_destination_fill_same_country,approved_geo_fill_same_country,1,same_country,99,3.545206,8,8,2026-04-08,8,Paris Saint Germain Matchday Experience (Long Side Upper),https://homefans.com/product/ultimate-paris-matchday-experience-psg/,high,Paris,France,Europe,,2026-02-11,2,3.545206,Olympique Marseille Matchday Experience,https://homefans.com/product/olympique-marseille-matchday-experience/?utm_source=klaviyo&utm_medium=email&utm_campaign=post_purchase_upsell&utm_content=upsell_suggestion_2,,,high,Marseille,France,Europe,,,,,,,,,,3.545206,low,https://homefans.com/product/olympique-marseille-matchday-experience/
3,Paris Saint Germain Matchday E…,Experience San Siro like a true Local: AC Milan matchday experience,geo_destination_fill_same_continent,approved_geo_fill_same_continent,3,same_continent,101,82.632875,8,8,2026-04-08,8,Paris Saint Germain Matchday Experience (Long Side Upper),https://homefans.com/product/ultimate-paris-matchday-experience-psg/,high,Paris,France,Europe,,2026-04-07,51,82.632875,Experience San Siro like a true Local: AC Milan matchday experience,https://homefans.com/product/experience-ac-milan-live-at-san-siro/?utm_source=klaviyo&utm_medium=email&utm_campaign=post_purchase_upsell&utm_content=upsell_suggestion_3,,,high,Milan,Italy,Europe,,,,,,,,,,82.632875,low,https://homefans.com/product/experience-ac-milan-live-at-san-siro/
1,Flamengo Replica Shirt,Watch Flamengo at Maracanã: Ticket + Matchday Experience with a Local!,geo_destination_fill_same_city,approved_geo_fill_same_city,0,same_city,98,689.797273,7,7,2026-04-04,7,Flamengo Replica Shirt,https://homefans.com/product/flamengo-replica-shirt/,high,Rio de Janeiro,Brazil,South America,,2026-04-12,437,689.797273,Watch Flamengo at Maracanã: Ticket + Matchday Experience with a Local!,https://homefans.com/product/flamengo-live-at-maracana-stadium/?utm_source=klaviyo&utm_medium=email&utm_campaign=post_purchase_upsell&utm_content=upsell_suggestion_1,,,high,Rio de Janeiro,Brazil,South America,,,,,,,,,,689.797273,low,https://homefans.com/product/flamengo-live-at-maracana-stadium/
2,Flamengo Replica Shirt,See Fluminense like a local at Maracanã Stadium,geo_destination_fill_same_city,approved_geo_fill_same_city,0,same_city,98,695.83289,7,7,2026-04-04,7,Flamengo Replica Shirt,https://homefans.com/product/flamengo-replica-shirt/,high,Rio de Janeiro,Brazil,South America,,2026-04-13,427,695.83289,See Fluminense like a local at Maracanã Stadium,https://homefans.com/product/watch-fluminense-live-at-maracana-stadium/?utm_source=klaviyo&utm_medium=email&utm_campaign=post_purchase_upsell&utm_content=upsell_suggestion_2,,,high,Rio de Janeiro,Brazil,South America,,,,,,,,,,695.83289,low,https://homefans.com/product/watch-fluminense-live-at-maracana-stadium/
3,Flamengo Replica Shirt,"⭐ Best Rated | Flamengo Matchday at Maracanã – Tickets, Pre Match Experience & Local Host",geo_destination_fill_same_city,approved_geo_fill_same_city,0,same_city,98,308.391772,7,7,2026-04-04,7,Flamengo Replica Shirt,https://homefans.com/product/flamengo-replica-shirt/,high,Rio de Janeiro,Brazil,South America,,2026-04-13,187,308.391772,"⭐ Best Rated | Flamengo Matchday at Maracanã – Tickets, Pre Match Experience & Local Host",https://homefans.com/product/flamengo-match-day-experience-tour/?utm_source=klaviyo&utm_medium=email&utm_campaign=post_purchase_upsell&utm_content=upsell_suggestion_3,,,high,Rio de Janeiro,Brazil,South America,,,,,,,,,,308.391772,low,https://homefans.com/product/flamengo-match-day-experience-tour/
1,Medellin Matchday Experience w…,Atletico Nacional Matchday Experience (Medellin),geo_destination_fill_same_city,approved_geo_fill_same_city,0,same_city,98,50.336985,7,7,2025-10-14,7,Independiente Medellin Matchday Experience,https://homefans.com/product/independiente-medellin-matchday-experience-2/,high,Medellín,Colombia,South America,,2026-03-29,33,50.336985,Atletico Nacional Matchday Experience (Medellin),https://homefans.com/product/atleticonacional-football-tour/?utm_source=klaviyo&utm_medium=email&utm_campaign=post_purchase_upsell&utm_content=upsell_suggestion_1,,,high,Medellín,Colombia,South America,,,,,,,,,,50.336985,low,https://homefans.com/product/atleticonacional-football-tour/
2,Medellin Matchday Experience w…,"Colombian Football Experience – Passion, Culture & Matchday Energy with Atletico Nacional",geo_destination_fill_same_city,approved_geo_fill_same_city,0,same_city,98,1.827397,7,7,2025-10-14,7,Independiente Medellin Matchday Experience,https://homefans.com/product/independiente-medellin-matchday-experience-2/,high,Medellín,Colombia,South America,,2026-02-09,1,1.827397,"Colombian Football Experience – Passion, Culture & Matchday Energy with Atletico Nacional",https://homefans.com/product/colombian-football-experience-passion-culture-matchday-energy-with-atletico-nacional/?utm_source=klaviyo&utm_medium=email&utm_campaign=post_purchase_upsell&utm_content=upsell_suggestion_2,,,high,Medellín,Colombia,South America,,,,,,,,,,1.827397,low,https://homefans.com/product/colombian-football-experience-passion-culture-matchday-energy-with-atletico-nacional/
3,Medellin Matchday Experience w…,Millonarios Football Tour Matchday Experience,geo_destination_fill_same_country,approved_geo_fill_same_country,1,same_country,99,8.38904,7,7,2025-10-14,7,Independiente Medellin Matchday Experience,https://homefans.com/product/independiente-medellin-matchday-experience-2/,high,Medellín,Colombia,South America,,2026-02-28,6,8.38904,Millonarios Football Tour Matchday Experience,https://homefans.com/product/millonarios-matchday-experience/?utm_source=klaviyo&utm_medium=email&utm_campaign=post_purchase_upsell&utm_content=upsell_suggestion_3,,,high,Bogotá,Colombia,South America,,,,,,,,,,8.38904,low,https://homefans.com/product/millonarios-matchday-experience/
1,Private Tour Add-on,Boca Juniors Matchday Like a Local at La Bombonera – Long Side Seats with Transport,geo_destination_fill_same_country,approved_geo_fill_same_country,1,same_country,99,297.326031,7,8,2026-02-03,8,,,,,Argentina,South America,,2026-04-13,185,297.326031,Boca Juniors Matchday Like a Local at La Bombonera – Long Side Seats with Transport,https://homefans.com/product/boca-juniors-matchday-experience-4/?utm_source=klaviyo&utm_medium=email&utm_campaign=post_purchase_upsell&utm_content=upsell_suggestion_1,,,high,Buenos Aires,Argentina,South America,,,,,,,,,,297.326031,low,https://homefans.com/product/boca-juniors-matchday-experience-4/
2,Private Tour Add-on,Experience River Plate Matchday like a local at El Monumental – Shortside Seats,geo_destination_fill_same_country,approved_geo_fill_same_country,1,same_country,99,200.791785,7,8,2026-02-03,8,,,,,Argentina,South America,,2026-04-13,128,200.791785,Experience River Plate Matchday like a local at El Monumental – Shortside Seats,https://homefans.com/product/river-plate-matchday-experience/?utm_source=klaviyo&utm_medium=email&utm_campaign=post_purchase_upsell&utm_content=upsell_suggestion_2,,,high,Buenos Aires,Argentina,South America,,,,,,,,,,200.791785,low,https://homefans.com/product/river-plate-matchday-experience/
3,Private Tour Add-on,Boca Juniors Popular Matchday Experience (Standing Section),geo_destination_fill_same_country,approved_geo_fill_same_country,1,same_country,99,137.657534,7,8,2026-02-03,8,,,,,Argentina,South America,,2026-04-05,86,137.657534,Boca Juniors Popular Matchday Experience (Standing Section),https://homefans.com/product/boca-juniors-matchday-experience/?utm_source=klaviyo&utm_medium=email&utm_campaign=post_purchase_upsell&utm_content=upsell_suggestion_3,,,high,Buenos Aires,Argentina,South America,,,,,,,,,,137.657534,low,https://homefans.com/product/boca-juniors-matchday-experience/
3,Queens Park Rangers (QPR) Matc…,Fulham Matchday Experience,geo_destination_fill_same_city,approved_geo_fill_same_city,0,same_city,98,5.882192,7,7,2026-03-29,7,Queens Park Rangers (QPR) Matchday Experience,https://homefans.com/product/queens-park-rangers-qpr-matchday-experience/,high,London,United Kingdom,Europe,,2026-04-07,3,5.882192,Fulham Matchday Experience,https://homefans.com/product/watch-live-fulham-at-craven-cottage/?utm_source=klaviyo&utm_medium=email&utm_campaign=post_purchase_upsell&utm_content=upsell_suggestion_3,,,high,London,United Kingdom,Europe,,,,,,,,,,5.882192,low,https://homefans.com/product/watch-live-fulham-at-craven-cottage/
2,River Plate – Hospitality VIP…,Boca Juniors Matchday Like a Local at La Bombonera – Long Side Seats with Transport,geo_destination_fill_same_city,approved_geo_fill_same_city,0,same_city,98,297.326031,7,7,2026-04-13,7,River Plate – Hospitality VIP Experience,https://homefans.com/product/river-plate-hospitality-vip-experience/,high,Buenos Aires,Argentina,South America,,2026-04-13,185,297.326031,Boca Juniors Matchday Like a Local at La Bombonera – Long Side Seats with Transport,https://homefans.com/product/boca-juniors-matchday-experience-4/?utm_source=klaviyo&utm_medium=email&utm_campaign=post_purchase_upsell&utm_content=upsell_suggestion_2,,,high,Buenos Aires,Argentina,South America,,,,,,,,,,297.326031,low,https://homefans.com/product/boca-juniors-matchday-experience-4/
3,River Plate – Hospitality VIP…,Experience River Plate Matchday like a local at El Monumental – Shortside Seats,geo_destination_fill_same_city,approved_geo_fill_same_city,0,same_city,98,200.791785,7,7,2026-04-13,7,River Plate – Hospitality VIP Experience,https://homefans.com/product/river-plate-hospitality-vip-experience/,high,Buenos Aires,Argentina,South America,,2026-04-13,128,200.791785,Experience River Plate Matchday like a local at El Monumental – Shortside Seats,https://homefans.com/product/river-plate-matchday-experience/?utm_source=klaviyo&utm_medium=email&utm_campaign=post_purchase_upsell&utm_content=upsell_suggestion_3,,,high,Buenos Aires,Argentina,South America,,,,,,,,,,200.791785,low,https://homefans.com/product/river-plate-matchday-experience/
3,River Plate – Matchday experie…,Boca Juniors Matchday Like a Local at La Bombonera – Long Side Seats with Transport,geo_destination_fill_same_city,approved_geo_fill_same_city,0,same_city,98,297.326031,7,7,2026-04-11,7,River Plate Matchday Experience – short side,https://homefans.com/product/see-river-plate-live-in-el-monumental/,high,Buenos Aires,Argentina,South America,,2026-04-13,185,297.326031,Boca Juniors Matchday Like a Local at La Bombonera – Long Side Seats with Transport,https://homefans.com/product/boca-juniors-matchday-experience-4/?utm_source=klaviyo&utm_medium=email&utm_campaign=post_purchase_upsell&utm_content=upsell_suggestion_3,,,high,Buenos Aires,Argentina,South America,,,,,,,,,,297.326031,low,https://homefans.com/product/boca-juniors-matchday-experience-4/
2,São Paulo FC Match Day Experie…,São Paulo FC Matchday Experience,geo_destination_fill_same_city,approved_geo_fill_same_city,0,same_city,98,111.56439,7,7,2026-04-11,7,São Paulo FC Match Day Experience with Guilherme,https://homefans.com/product/match-day-experience-with-guilherme/,high,São Paulo,Brazil,South America,,2026-04-10,69,111.56439,São Paulo FC Matchday Experience,https://homefans.com/product/sao-paulo-fc-matchday-experience/?utm_source=klaviyo&utm_medium=email&utm_campaign=post_purchase_upsell&utm_content=upsell_suggestion_2,,,high,São Paulo,Brazil,South America,,,,,,,,,,111.56439,low,https://homefans.com/product/sao-paulo-fc-matchday-experience/
3,São Paulo FC Match Day Experie…,Corinthians Paulista Matchday Experience with local,geo_destination_fill_same_city,approved_geo_fill_same_city,0,same_city,98,101.421921,7,7,2026-04-11,7,São Paulo FC Match Day Experience with Guilherme,https://homefans.com/product/match-day-experience-with-guilherme/,high,São Paulo,Brazil,South America,,2026-04-11,63,101.421921,Corinthians Paulista Matchday Experience with local,https://homefans.com/product/sport-club-corinthians-matchday-experience/?utm_source=klaviyo&utm_medium=email&utm_campaign=post_purchase_upsell&utm_content=upsell_suggestion_3,,,high,São Paulo,Brazil,South America,,,,,,,,,,101.421921,low,https://homefans.com/product/sport-club-corinthians-matchday-experience/
1,The Croatian Derby Matchday Ex…,Budapest Derby: Ferencvárosi v Újpest,geo_destination_fill_same_country,approved_geo_fill_same_country,1,same_country,99,3.394521,7,7,2025-12-19,7,,,,,Hungary,Europe,,2025-12-26,2,3.394521,Budapest Derby: Ferencvárosi v Újpest,https://homefans.com/product/budapest-derby-ferencvarosi-v-ujpest-2/?utm_source=klaviyo&utm_medium=email&utm_campaign=post_purchase_upsell&utm_content=upsell_suggestion_1,,,high,Budapest,Hungary,Europe,,,,,,,,,,3.394521,low,https://homefans.com/product/budapest-derby-ferencvarosi-v-ujpest-2/
2,The Croatian Derby Matchday Ex…,Experience San Siro like a true Local: AC Milan matchday experience,geo_destination_fill_same_continent,approved_geo_fill_same_continent,3,same_continent,101,82.632875,7,7,2025-12-19,7,,,,,Hungary,Europe,,2026-04-07,51,82.632875,Experience San Siro like a true Local: AC Milan matchday experience,https://homefans.com/product/experience-ac-milan-live-at-san-siro/?utm_source=klaviyo&utm_medium=email&utm_campaign=post_purchase_upsell&utm_content=upsell_suggestion_2,,,high,Milan,Italy,Europe,,,,,,,,,,82.632875,low,https://homefans.com/product/experience-ac-milan-live-at-san-siro/
3,The Croatian Derby Matchday Ex…,SSC Napoli Matchday Experience with Maradona Tour,geo_destination_fill_same_continent,approved_geo_fill_same_continent,3,same_continent,101,71.131504,7,7,2025-12-19,7,,,,,Hungary,Europe,,2026-03-25,49,71.131504,SSC Napoli Matchday Experience with Maradona Tour,https://homefans.com/product/ssc-napoli-football-and-maradona-experience/?utm_source=klaviyo&utm_medium=email&utm_campaign=post_purchase_upsell&utm_content=upsell_suggestion_3,,,high,Naples,Italy,Europe,,,,,,,,,,71.131504,low,https://homefans.com/product/ssc-napoli-football-and-maradona-experience/
1,VIP Box Matchday Experience at…,Lima 42K Marathon and Half Marathon 21K – Run the Pacific Coast of Peru,geo_destination_fill_same_city,approved_geo_fill_same_city,0,same_city,98,5.830137,7,8,2026-04-05,8,,,,Lima,Peru,South America,,2026-03-31,3,5.830137,Lima 42K Marathon and Half Marathon 21K – Run the Pacific Coast of Peru,https://homefans.com/product/lima-42k-marathon-run-the-pacific-coast-of-peru/?utm_source=klaviyo&utm_medium=email&utm_campaign=post_purchase_upsell&utm_content=upsell_suggestion_1,,,high,Lima,Peru,South America,,,,,,,,,,5.830137,low,https://homefans.com/product/lima-42k-marathon-run-the-pacific-coast-of-peru/
2,VIP Box Matchday Experience at…,Sport Boys Matchday Experience at Estadio Miguel Grau,geo_destination_fill_same_city,approved_geo_fill_same_city,0,same_city,98,3.915069,7,8,2026-04-05,8,,,,Lima,Peru,South America,,2026-03-30,2,3.915069,Sport Boys Matchday Experience at Estadio Miguel Grau,https://homefans.com/product/sport-boys-matchday-experience-at-estadio-miguel-grau/?utm_source=klaviyo&utm_medium=email&utm_campaign=post_purchase_upsell&utm_content=upsell_suggestion_2,,,high,Lima,Peru,South America,,,,,,,,,,3.915069,low,https://homefans.com/product/sport-boys-matchday-experience-at-estadio-miguel-grau/
3,VIP Box Matchday Experience at…,Alianza Lima Matchday Experience at Estadio Matute,geo_destination_fill_same_city,approved_geo_fill_same_city,0,same_city,98,3.613699,7,8,2026-04-05,8,,,,Lima,Peru,South America,,2026-03-31,2,3.613699,Alianza Lima Matchday Experience at Estadio Matute,https://homefans.com/product/alianza-lima-immersive-tour-experience-at-estadio-matute/?utm_source=klaviyo&utm_medium=email&utm_campaign=post_purchase_upsell&utm_content=upsell_suggestion_3,,,high,Lima,Peru,South America,,,,,,,,,,3.613699,low,https://homefans.com/product/alianza-lima-immersive-tour-experience-at-estadio-matute/
1,Bucharest Derby Matchday Exper…,Dinamo Bucharest Matchday Experience – Step Into One of Romania’s Most Passionate Football Atmospheres!,geo_destination_fill_same_city,approved_geo_fill_same_city,0,same_city,98,1.627397,6,6,2025-12-02,6,Bucharest Derby Matchday Experience,https://homefans.com/product/bucharest-derby-matchday-experience/,high,Bucharest,Romania,Europe,,2025-11-28,1,1.627397,Dinamo Bucharest Matchday Experience – Step Into One of Romania’s Most Passionate Football Atmospheres!,https://homefans.com/product/dinamo-bucharest-matchday-experience-step-into-one-of-romanias-most-passionate-football-atmospheres/?utm_source=klaviyo&utm_medium=email&utm_campaign=post_purchase_upsell&utm_content=upsell_suggestion_1,,,manual,Bucharest,Romania,Europe,,,,,,,,,,1.627397,low,https://homefans.com/product/dinamo-bucharest-matchday-experience-step-into-one-of-romanias-most-passionate-football-atmospheres/
2,Bucharest Derby Matchday Exper…,Experience San Siro like a true Local: AC Milan matchday experience,geo_destination_fill_same_continent,approved_geo_fill_same_continent,3,same_continent,101,82.632875,6,6,2025-12-02,6,Bucharest Derby Matchday Experience,https://homefans.com/product/bucharest-derby-matchday-experience/,high,Bucharest,Romania,Europe,,2026-04-07,51,82.632875,Experience San Siro like a true Local: AC Milan matchday experience,https://homefans.com/product/experience-ac-milan-live-at-san-siro/?utm_source=klaviyo&utm_medium=email&utm_campaign=post_purchase_upsell&utm_content=upsell_suggestion_2,,,high,Milan,Italy,Europe,,,,,,,,,,82.632875,low,https://homefans.com/product/experience-ac-milan-live-at-san-siro/
3,Bucharest Derby Matchday Exper…,SSC Napoli Matchday Experience with Maradona Tour,geo_destination_fill_same_continent,approved_geo_fill_same_continent,3,same_continent,101,71.131504,6,6,2025-12-02,6,Bucharest Derby Matchday Experience,https://homefans.com/product/bucharest-derby-matchday-experience/,high,Bucharest,Romania,Europe,,2026-03-25,49,71.131504,SSC Napoli Matchday Experience with Maradona Tour,https://homefans.com/product/ssc-napoli-football-and-maradona-experience/?utm_source=klaviyo&utm_medium=email&utm_campaign=post_purchase_upsell&utm_content=upsell_suggestion_3,,,high,Naples,Italy,Europe,,,,,,,,,,71.131504,low,https://homefans.com/product/ssc-napoli-football-and-maradona-experience/
1,Club Nacional de Football – Of…,Club Atlético Peñarol: Matchday Experience,geo_destination_fill_same_city,approved_geo_fill_same_city,0,same_city,98,2.832877,6,6,2025-11-23,6,Club Nacional de Football – Official Matchday Experience,https://homefans.com/product/club-nacional-de-football-official-matchday-experience/,high,Montevideo,Uruguay,South America,,2025-11-18,2,2.832877,Club Atlético Peñarol: Matchday Experience,https://homefans.com/product/club-atletico-penarol-matchday-experience/?utm_source=klaviyo&utm_medium=email&utm_campaign=post_purchase_upsell&utm_content=upsell_suggestion_1,,,high,Montevideo,Uruguay,South America,,,,,,,,,,2.832877,low,https://homefans.com/product/club-atletico-penarol-matchday-experience/
2,Club Nacional de Football – Of…,Watch Flamengo at Maracanã: Ticket + Matchday Experience with a Local!,geo_destination_fill_same_continent,approved_geo_fill_same_continent,3,same_continent,101,689.797273,6,6,2025-11-23,6,Club Nacional de Football – Official Matchday Experience,https://homefans.com/product/club-nacional-de-football-official-matchday-experience/,high,Montevideo,Uruguay,South America,,2026-04-12,437,689.797273,Watch Flamengo at Maracanã: Ticket + Matchday Experience with a Local!,https://homefans.com/product/flamengo-live-at-maracana-stadium/?utm_source=klaviyo&utm_medium=email&utm_campaign=post_purchase_upsell&utm_content=upsell_suggestion_2,,,high,Rio de Janeiro,Brazil,South America,,,,,,,,,,689.797273,low,https://homefans.com/product/flamengo-live-at-maracana-stadium/
3,Club Nacional de Football – Of…,See Fluminense like a local at Maracanã Stadium,geo_destination_fill_same_continent,approved_geo_fill_same_continent,3,same_continent,101,695.83289,6,6,2025-11-23,6,Club Nacional de Football – Official Matchday Experience,https://homefans.com/product/club-nacional-de-football-official-matchday-experience/,high,Montevideo,Uruguay,South America,,2026-04-13,427,695.83289,See Fluminense like a local at Maracanã Stadium,https://homefans.com/product/watch-fluminense-live-at-maracana-stadium/?utm_source=klaviyo&utm_medium=email&utm_campaign=post_purchase_upsell&utm_content=upsell_suggestion_3,,,high,Rio de Janeiro,Brazil,South America,,,,,,,,,,695.83289,low,https://homefans.com/product/watch-fluminense-live-at-maracana-stadium/
1,Extra Night (Single Room),Boca Juniors Matchday Like a Local at La Bombonera – Long Side Seats with Transport,geo_destination_fill_same_city,approved_geo_fill_same_city,0,same_city,98,297.326031,6,6,2026-04-08,6,Extra night (Single),https://homefans.com/product/extra-night-single/,high,Buenos Aires,Argentina,South America,,2026-04-13,185,297.326031,Boca Juniors Matchday Like a Local at La Bombonera – Long Side Seats with Transport,https://homefans.com/product/boca-juniors-matchday-experience-4/?utm_source=klaviyo&utm_medium=email&utm_campaign=post_purchase_upsell&utm_content=upsell_suggestion_1,,,high,Buenos Aires,Argentina,South America,,,,,,,,,,297.326031,low,https://homefans.com/product/boca-juniors-matchday-experience-4/
2,Extra Night (Single Room),Experience River Plate Matchday like a local at El Monumental – Shortside Seats,geo_destination_fill_same_city,approved_geo_fill_same_city,0,same_city,98,200.791785,6,6,2026-04-08,6,Extra night (Single),https://homefans.com/product/extra-night-single/,high,Buenos Aires,Argentina,South America,,2026-04-13,128,200.791785,Experience River Plate Matchday like a local at El Monumental – Shortside Seats,https://homefans.com/product/river-plate-matchday-experience/?utm_source=klaviyo&utm_medium=email&utm_campaign=post_purchase_upsell&utm_content=upsell_suggestion_2,,,high,Buenos Aires,Argentina,South America,,,,,,,,,,200.791785,low,https://homefans.com/product/river-plate-matchday-experience/
3,Extra Night (Single Room),Boca Juniors Popular Matchday Experience (Standing Section),geo_destination_fill_same_city,approved_geo_fill_same_city,0,same_city,98,137.657534,6,6,2026-04-08,6,Extra night (Single),https://homefans.com/product/extra-night-single/,high,Buenos Aires,Argentina,South America,,2026-04-05,86,137.657534,Boca Juniors Popular Matchday Experience (Standing Section),https://homefans.com/product/boca-juniors-matchday-experience/?utm_source=klaviyo&utm_medium=email&utm_campaign=post_purchase_upsell&utm_content=upsell_suggestion_3,,,high,Buenos Aires,Argentina,South America,,,,,,,,,,137.657534,low,https://homefans.com/product/boca-juniors-matchday-experience/
3,Huracán Matchday Experience,Boca Juniors Matchday Like a Local at La Bombonera – Long Side Seats with Transport,geo_destination_fill_same_city,approved_geo_fill_same_city,0,same_city,98,297.326031,6,6,2026-02-24,6,Huracán Matchday Experience,https://homefans.com/product/huracan-matchday-experience/,high,Buenos Aires,Argentina,South America,,2026-04-13,185,297.326031,Boca Juniors Matchday Like a Local at La Bombonera – Long Side Seats with Transport,https://homefans.com/product/boca-juniors-matchday-experience-4/?utm_source=klaviyo&utm_medium=email&utm_campaign=post_purchase_upsell&utm_content=upsell_suggestion_3,,,high,Buenos Aires,Argentina,South America,,,,,,,,,,297.326031,low,https://homefans.com/product/boca-juniors-matchday-experience-4/
1,Millonarios Football Tour Matc…,Santa Fe Football Tour Matchday Experience,geo_destination_fill_same_city,approved_geo_fill_same_city,0,same_city,98,6.80274,6,6,2026-02-28,6,Millonarios Football Tour Matchday Experience,https://homefans.com/product/millonarios-matchday-experience/,high,Bogotá,Colombia,South America,,2026-03-18,4,6.80274,Santa Fe Football Tour Matchday Experience,https://homefans.com/product/santa-fe-football-tour-matchday-experience/?utm_source=klaviyo&utm_medium=email&utm_campaign=post_purchase_upsell&utm_content=upsell_suggestion_1,,,high,Bogotá,Colombia,South America,,,,,,,,,,6.80274,low,https://homefans.com/product/santa-fe-football-tour-matchday-experience/
2,Millonarios Football Tour Matc…,Atletico Nacional Matchday Experience (Medellin),geo_destination_fill_same_country,approved_geo_fill_same_country,1,same_country,99,50.336985,6,6,2026-02-28,6,Millonarios Football Tour Matchday Experience,https://homefans.com/product/millonarios-matchday-experience/,high,Bogotá,Colombia,South America,,2026-03-29,33,50.336985,Atletico Nacional Matchday Experience (Medellin),https://homefans.com/product/atleticonacional-football-tour/?utm_source=klaviyo&utm_medium=email&utm_campaign=post_purchase_upsell&utm_content=upsell_suggestion_2,,,high,Medellín,Colombia,South America,,,,,,,,,,50.336985,low,https://homefans.com/product/atleticonacional-football-tour/
3,Millonarios Football Tour Matc…,Independiente Medellin Matchday Experience,geo_destination_fill_same_country,approved_geo_fill_same_country,1,same_country,99,17.312329,6,6,2026-02-28,6,Millonarios Football Tour Matchday Experience,https://homefans.com/product/millonarios-matchday-experience/,high,Bogotá,Colombia,South America,,2026-04-08,12,17.312329,Independiente Medellin Matchday Experience,https://homefans.com/product/independiente-medellin-matchday-experience-2/?utm_source=klaviyo&utm_medium=email&utm_campaign=post_purchase_upsell&utm_content=upsell_suggestion_3,,,high,Medellín,Colombia,South America,,,,,,,,,,17.312329,low,https://homefans.com/product/independiente-medellin-matchday-experience-2/
1,Superclásico Matchday Experien…,Boca Juniors Matchday Like a Local at La Bombonera – Long Side Seats with Transport,geo_destination_fill_same_city,approved_geo_fill_same_city,0,same_city,98,297.326031,6,6,2025-11-03,6,,,,Buenos Aires,Argentina,South America,,2026-04-13,185,297.326031,Boca Juniors Matchday Like a Local at La Bombonera – Long Side Seats with Transport,https://homefans.com/product/boca-juniors-matchday-experience-4/?utm_source=klaviyo&utm_medium=email&utm_campaign=post_purchase_upsell&utm_content=upsell_suggestion_1,,,high,Buenos Aires,Argentina,South America,,,,,,,,,,297.326031,low,https://homefans.com/product/boca-juniors-matchday-experience-4/
2,Superclásico Matchday Experien…,Experience River Plate Matchday like a local at El Monumental – Shortside Seats,geo_destination_fill_same_city,approved_geo_fill_same_city,0,same_city,98,200.791785,6,6,2025-11-03,6,,,,Buenos Aires,Argentina,South America,,2026-04-13,128,200.791785,Experience River Plate Matchday like a local at El Monumental – Shortside Seats,https://homefans.com/product/river-plate-matchday-experience/?utm_source=klaviyo&utm_medium=email&utm_campaign=post_purchase_upsell&utm_content=upsell_suggestion_2,,,high,Buenos Aires,Argentina,South America,,,,,,,,,,200.791785,low,https://homefans.com/product/river-plate-matchday-experience/
3,Superclásico Matchday Experien…,Boca Juniors Popular Matchday Experience (Standing Section),geo_destination_fill_same_city,approved_geo_fill_same_city,0,same_city,98,137.657534,6,6,2025-11-03,6,,,,Buenos Aires,Argentina,South America,,2026-04-05,86,137.657534,Boca Juniors Popular Matchday Experience (Standing Section),https://homefans.com/product/boca-juniors-matchday-experience/?utm_source=klaviyo&utm_medium=email&utm_campaign=post_purchase_upsell&utm_content=upsell_suggestion_3,,,high,Buenos Aires,Argentina,South America,,,,,,,,,,137.657534,low,https://homefans.com/product/boca-juniors-matchday-experience/
1,São Paulo FC Matchday at Morum…,São Paulo FC Matchday Experience,geo_destination_fill_same_city,approved_geo_fill_same_city,0,same_city,98,111.56439,6,6,2026-03-08,6,São Paulo FC Matchday at Morumbi Stadium,https://homefans.com/product/sao-paulo-fc-matchday-at-morumbi-stadium/,high,São Paulo,Brazil,South America,,2026-04-10,69,111.56439,São Paulo FC Matchday Experience,https://homefans.com/product/sao-paulo-fc-matchday-experience/?utm_source=klaviyo&utm_medium=email&utm_campaign=post_purchase_upsell&utm_content=upsell_suggestion_1,,,high,São Paulo,Brazil,South America,,,,,,,,,,111.56439,low,https://homefans.com/product/sao-paulo-fc-matchday-experience/
2,São Paulo FC Matchday at Morum…,Corinthians Paulista Matchday Experience with local,geo_destination_fill_same_city,approved_geo_fill_same_city,0,same_city,98,101.421921,6,6,2026-03-08,6,São Paulo FC Matchday at Morumbi Stadium,https://homefans.com/product/sao-paulo-fc-matchday-at-morumbi-stadium/,high,São Paulo,Brazil,South America,,2026-04-11,63,101.421921,Corinthians Paulista Matchday Experience with local,https://homefans.com/product/sport-club-corinthians-matchday-experience/?utm_source=klaviyo&utm_medium=email&utm_campaign=post_purchase_upsell&utm_content=upsell_suggestion_2,,,high,São Paulo,Brazil,South America,,,,,,,,,,101.421921,low,https://homefans.com/product/sport-club-corinthians-matchday-experience/
3,São Paulo FC Matchday at Morum…,SE Palmeiras Matchday Experience with local fan,geo_destination_fill_same_city,approved_geo_fill_same_city,0,same_city,98,87.380826,6,6,2026-03-08,6,São Paulo FC Matchday at Morumbi Stadium,https://homefans.com/product/sao-paulo-fc-matchday-at-morumbi-stadium/,high,São Paulo,Brazil,South America,,2026-04-13,57,87.380826,SE Palmeiras Matchday Experience with local fan,https://homefans.com/product/se-palmeiras-matchday-experience/?utm_source=klaviyo&utm_medium=email&utm_campaign=post_purchase_upsell&utm_content=upsell_suggestion_3,,,high,São Paulo,Brazil,South America,,,,,,,,,,87.380826,low,https://homefans.com/product/se-palmeiras-matchday-experience/
1,The Old Firm: Rangers vs Celti…,The Old Firm: Celtic v Rangers,geo_destination_fill_same_city,approved_geo_fill_same_city,0,same_city,98,5.457535,6,6,2025-11-13,6,The Old Firm: Rangers vs Celtic,https://homefans.com/product/the-old-firm-rangers-vs-celtic/,high,Glasgow,United Kingdom,Europe,,2025-09-26,4,5.457535,The Old Firm: Celtic v Rangers,https://homefans.com/product/the-old-firm-celtic-rangers/?utm_source=klaviyo&utm_medium=email&utm_campaign=post_purchase_upsell&utm_content=upsell_suggestion_1,,,high,Glasgow,United Kingdom,Europe,,,,,,,,,,5.457535,low,https://homefans.com/product/the-old-firm-celtic-rangers/
2,The Old Firm: Rangers vs Celti…,Celtic – Glasgow Matchday Experience,geo_destination_fill_same_city,approved_geo_fill_same_city,0,same_city,98,4.865754,6,6,2025-11-13,6,The Old Firm: Rangers vs Celtic,https://homefans.com/product/the-old-firm-rangers-vs-celtic/,high,Glasgow,United Kingdom,Europe,,2026-01-18,3,4.865754,Celtic – Glasgow Matchday Experience,https://homefans.com/product/celtic-glasgow-matchday-experience/?utm_source=klaviyo&utm_medium=email&utm_campaign=post_purchase_upsell&utm_content=upsell_suggestion_2,,,high,Glasgow,United Kingdom,Europe,,,,,,,,,,4.865754,low,https://homefans.com/product/celtic-glasgow-matchday-experience/
3,The Old Firm: Rangers vs Celti…,Celtic Matchday Experience,geo_destination_fill_same_city,approved_geo_fill_same_city,0,same_city,98,1.375342,6,6,2025-11-13,6,The Old Firm: Rangers vs Celtic,https://homefans.com/product/the-old-firm-rangers-vs-celtic/,high,Glasgow,United Kingdom,Europe,,2025-08-28,1,1.375342,Celtic Matchday Experience,https://homefans.com/product/experience-celtic-live-at-celtic-park-paradise/?utm_source=klaviyo&utm_medium=email&utm_campaign=post_purchase_upsell&utm_content=upsell_suggestion_3,,,high,Glasgow,United Kingdom,Europe,,,,,,,,,,1.375342,low,https://homefans.com/product/experience-celtic-live-at-celtic-park-paradise/
1,Flexibility Upgrade,Watch Flamengo at Maracanã: Ticket + Matchday Experience with a Local!,geo_destination_fill_same_city,approved_geo_fill_same_city,0,same_city,98,689.797273,5,5,2026-03-28,5,Flexibility Upgrade,https://homefans.com/product/flexibility-upgrade/,high,Rio de Janeiro,Brazil,South America,,2026-04-12,437,689.797273,Watch Flamengo at Maracanã: Ticket + Matchday Experience with a Local!,https://homefans.com/product/flamengo-live-at-maracana-stadium/?utm_source=klaviyo&utm_medium=email&utm_campaign=post_purchase_upsell&utm_content=upsell_suggestion_1,,,high,Rio de Janeiro,Brazil,South America,,,,,,,,,,689.797273,low,https://homefans.com/product/flamengo-live-at-maracana-stadium/
2,Flexibility Upgrade,See Fluminense like a local at Maracanã Stadium,geo_destination_fill_same_city,approved_geo_fill_same_city,0,same_city,98,695.83289,5,5,2026-03-28,5,Flexibility Upgrade,https://homefans.com/product/flexibility-upgrade/,high,Rio de Janeiro,Brazil,South America,,2026-04-13,427,695.83289,See Fluminense like a local at Maracanã Stadium,https://homefans.com/product/watch-fluminense-live-at-maracana-stadium/?utm_source=klaviyo&utm_medium=email&utm_campaign=post_purchase_upsell&utm_content=upsell_suggestion_2,,,high,Rio de Janeiro,Brazil,South America,,,,,,,,,,695.83289,low,https://homefans.com/product/watch-fluminense-live-at-maracana-stadium/
3,Flexibility Upgrade,"⭐ Best Rated | Flamengo Matchday at Maracanã – Tickets, Pre Match Experience & Local Host",geo_destination_fill_same_city,approved_geo_fill_same_city,0,same_city,98,308.391772,5,5,2026-03-28,5,Flexibility Upgrade,https://homefans.com/product/flexibility-upgrade/,high,Rio de Janeiro,Brazil,South America,,2026-04-13,187,308.391772,"⭐ Best Rated | Flamengo Matchday at Maracanã – Tickets, Pre Match Experience & Local Host",https://homefans.com/product/flamengo-match-day-experience-tour/?utm_source=klaviyo&utm_medium=email&utm_campaign=post_purchase_upsell&utm_content=upsell_suggestion_3,,,high,Rio de Janeiro,Brazil,South America,,,,,,,,,,308.391772,low,https://homefans.com/product/flamengo-match-day-experience-tour/
1,Footb…,Watch Flamengo at Maracanã: Ticket + Matchday Experience with a Local!,geo_destination_fill_same_city,approved_geo_fill_same_city,0,same_city,98,689.797273,5,5,2026-02-11,5,,,,Rio de Janeiro,Brazil,South America,,2026-04-12,437,689.797273,Watch Flamengo at Maracanã: Ticket + Matchday Experience with a Local!,https://homefans.com/product/flamengo-live-at-maracana-stadium/?utm_source=klaviyo&utm_medium=email&utm_campaign=post_purchase_upsell&utm_content=upsell_suggestion_1,,,high,Rio de Janeiro,Brazil,South America,,,,,,,,,,689.797273,low,https://homefans.com/product/flamengo-live-at-maracana-stadium/
2,Footb…,See Fluminense like a local at Maracanã Stadium,geo_destination_fill_same_city,approved_geo_fill_same_city,0,same_city,98,695.83289,5,5,2026-02-11,5,,,,Rio de Janeiro,Brazil,South America,,2026-04-13,427,695.83289,See Fluminense like a local at Maracanã Stadium,https://homefans.com/product/watch-fluminense-live-at-maracana-stadium/?utm_source=klaviyo&utm_medium=email&utm_campaign=post_purchase_upsell&utm_content=upsell_suggestion_2,,,high,Rio de Janeiro,Brazil,South America,,,,,,,,,,695.83289,low,https://homefans.com/product/watch-fluminense-live-at-maracana-stadium/
3,Footb…,"⭐ Best Rated | Flamengo Matchday at Maracanã – Tickets, Pre Match Experience & Local Host",geo_destination_fill_same_city,approved_geo_fill_same_city,0,same_city,98,308.391772,5,5,2026-02-11,5,,,,Rio de Janeiro,Brazil,South America,,2026-04-13,187,308.391772,"⭐ Best Rated | Flamengo Matchday at Maracanã – Tickets, Pre Match Experience & Local Host",https://homefans.com/product/flamengo-match-day-experience-tour/?utm_source=klaviyo&utm_medium=email&utm_campaign=post_purchase_upsell&utm_content=upsell_suggestion_3,,,high,Rio de Janeiro,Brazil,South America,,,,,,,,,,308.391772,low,https://homefans.com/product/flamengo-match-day-experience-tour/
1,Fortuna Düsseldorf Match &…,FC Köln Matchday experience with a local,geo_destination_fill_same_country,approved_geo_fill_same_country,1,same_country,99,13.638358,5,5,2026-02-13,5,Fortuna Düsseldorf Match & Beer Tour Experience,https://homefans.com/product/fortuna-dusseldorf-match-beer-tour-experience/,high,Dusseldorf,Germany,Europe,,2026-01-09,9,13.638358,FC Köln Matchday experience with a local,https://homefans.com/product/1-fc-koln-matchday-experience-with-a-local/?utm_source=klaviyo&utm_medium=email&utm_campaign=post_purchase_upsell&utm_content=upsell_suggestion_1,,,high,Cologne,Germany,Europe,,,,,,,,,,13.638358,low,https://homefans.com/product/1-fc-koln-matchday-experience-with-a-local/
2,Fortuna Düsseldorf Match &…,Eintracht Frankfurt Matchday – Experience the City’s Culture with a Local Fan,geo_destination_fill_same_country,approved_geo_fill_same_country,1,same_country,99,3.79178,5,5,2026-02-13,5,Fortuna Düsseldorf Match & Beer Tour Experience,https://homefans.com/product/fortuna-dusseldorf-match-beer-tour-experience/,high,Dusseldorf,Germany,Europe,,2026-03-17,2,3.79178,Eintracht Frankfurt Matchday – Experience the City’s Culture with a Local Fan,https://homefans.com/product/eintracht-frankfurt-matchday-experience-the-citys-culture-with-a-local-fan/?utm_source=klaviyo&utm_medium=email&utm_campaign=post_purchase_upsell&utm_content=upsell_suggestion_2,,,high,Frankfurt,Germany,Europe,,,,,,,,,,3.79178,low,https://homefans.com/product/eintracht-frankfurt-matchday-experience-the-citys-culture-with-a-local-fan/
3,Fortuna Düsseldorf Match &…,Union Berlin Pre-Matchday – Feel the Bundesliga Spirit at Alten Försterei,geo_destination_fill_same_country,approved_geo_fill_same_country,1,same_country,99,2.791781,5,5,2026-02-13,5,Fortuna Düsseldorf Match & Beer Tour Experience,https://homefans.com/product/fortuna-dusseldorf-match-beer-tour-experience/,high,Dusseldorf,Germany,Europe,,2025-09-07,2,2.791781,Union Berlin Pre-Matchday – Feel the Bundesliga Spirit at Alten Försterei,https://homefans.com/product/union-berlin-pre-matchday-feel-the-bundesliga-spirit-at-alten-forsterei/?utm_source=klaviyo&utm_medium=email&utm_campaign=post_purchase_upsell&utm_content=upsell_suggestion_3,,,high,Berlin,Germany,Europe,,,,,,,,,,2.791781,low,https://homefans.com/product/union-berlin-pre-matchday-feel-the-bundesliga-spirit-at-alten-forsterei/
1,Prague Derby Matchday Experien…,Slavia Prague Matchday Experience,geo_destination_fill_same_city,approved_geo_fill_same_city,0,same_city,98,8.857535,5,5,2025-10-03,5,Prague Derby Matchday Experience,https://homefans.com/product/slavia-prague-match-day-experience-with-a-local/,high,Prague,Czech Republic,Europe,,2026-03-31,5,8.857535,Slavia Prague Matchday Experience,https://homefans.com/product/slavia-prague-matchday-experience/?utm_source=klaviyo&utm_medium=email&utm_campaign=post_purchase_upsell&utm_content=upsell_suggestion_1,,,high,Prague,Czech Republic,Europe,,,,,,,,,,8.857535,low,https://homefans.com/product/slavia-prague-matchday-experience/
2,Prague Derby Matchday Experien…,Sparta Prague Matchday Experience,geo_destination_fill_same_city,approved_geo_fill_same_city,0,same_city,98,7.99726,5,5,2025-10-03,5,Prague Derby Matchday Experience,https://homefans.com/product/slavia-prague-match-day-experience-with-a-local/,high,Prague,Czech Republic,Europe,,2026-03-29,5,7.99726,Sparta Prague Matchday Experience,https://homefans.com/product/local-sparta-praha-slavia-prague-match-day-experience/?utm_source=klaviyo&utm_medium=email&utm_campaign=post_purchase_upsell&utm_content=upsell_suggestion_2,,,high,Prague,Czech Republic,Europe,,,,,,,,,,7.99726,low,https://homefans.com/product/local-sparta-praha-slavia-prague-match-day-experience/
3,Prague Derby Matchday Experien…,Prague Derby: Slavia Prague v Sparta Prague,geo_destination_fill_same_city,approved_geo_fill_same_city,0,same_city,98,3.912329,5,5,2025-10-03,5,Prague Derby Matchday Experience,https://homefans.com/product/slavia-prague-match-day-experience-with-a-local/,high,Prague,Czech Republic,Europe,,2025-09-25,3,3.912329,Prague Derby: Slavia Prague v Sparta Prague,https://homefans.com/product/prague-derby-slavia-prague-vs-sparta-prague/?utm_source=klaviyo&utm_medium=email&utm_campaign=post_purchase_upsell&utm_content=upsell_suggestion_3,,,high,Prague,Czech Republic,Europe,,,,,,,,,,3.912329,low,https://homefans.com/product/prague-derby-slavia-prague-vs-sparta-prague/
1,Pumas UNAM Match Day Experienc…,"Club América Match Day Experience, México City",geo_destination_fill_same_city,approved_geo_fill_same_city,0,same_city,98,32.652056,5,5,2026-03-10,5,"Pumas UNAM Match Day Experience, Mexico City",https://homefans.com/product/pumas-unam-match-day-experience-mexico-city/,high,Mexico City,Mexico,North America,,2026-03-19,22,32.652056,"Club América Match Day Experience, México City",https://homefans.com/product/club-america-match-day-experience-mexico-city/?utm_source=klaviyo&utm_medium=email&utm_campaign=post_purchase_upsell&utm_content=upsell_suggestion_1,,,high,Mexico City,Mexico,North America,,,,,,,,,,32.652056,low,https://homefans.com/product/club-america-match-day-experience-mexico-city/
2,Pumas UNAM Match Day Experienc…,Pumas UNAM Matchday: Local Roar at Olímpico Universitario,geo_destination_fill_same_city,approved_geo_fill_same_city,0,same_city,98,3.569863,5,5,2026-03-10,5,"Pumas UNAM Match Day Experience, Mexico City",https://homefans.com/product/pumas-unam-match-day-experience-mexico-city/,high,Mexico City,Mexico,North America,,2026-02-04,2,3.569863,Pumas UNAM Matchday: Local Roar at Olímpico Universitario,https://homefans.com/product/pumas-unam-matchday-local-roar-at-olimpico-universitario/?utm_source=klaviyo&utm_medium=email&utm_campaign=post_purchase_upsell&utm_content=upsell_suggestion_2,,,high,Mexico City,Mexico,North America,,,,,,,,,,3.569863,low,https://homefans.com/product/pumas-unam-matchday-local-roar-at-olimpico-universitario/
3,Pumas UNAM Match Day Experienc…,Experience Teotihuacán from the Skies & Lunch at a Unique Football Spot,geo_destination_fill_same_city,approved_geo_fill_same_city,0,same_city,98,1.871233,5,5,2026-03-10,5,"Pumas UNAM Match Day Experience, Mexico City",https://homefans.com/product/pumas-unam-match-day-experience-mexico-city/,high,Mexico City,Mexico,North America,,2026-02-25,1,1.871233,Experience Teotihuacán from the Skies & Lunch at a Unique Football Spot,https://homefans.com/product/experience-teotihuacan-from-the-skies-lunch-at-a-unique-football-spot/?utm_source=klaviyo&utm_medium=email&utm_campaign=post_purchase_upsell&utm_content=upsell_suggestion_3,,,high,Mexico City,Mexico,North America,,,,,,,,,,1.871233,low,https://homefans.com/product/experience-teotihuacan-from-the-skies-lunch-at-a-unique-football-spot/
1,Single Room Surcharge,Boca Juniors Matchday Like a Local at La Bombonera – Long Side Seats with Transport,geo_destination_fill_same_city,approved_geo_fill_same_city,0,same_city,98,297.326031,5,5,2026-01-26,5,Single Room Supplement,https://homefans.com/product/single-room-supplement/,manual,Buenos Aires,Argentina,South America,,2026-04-13,185,297.326031,Boca Juniors Matchday Like a Local at La Bombonera – Long Side Seats with Transport,https://homefans.com/product/boca-juniors-matchday-experience-4/?utm_source=klaviyo&utm_medium=email&utm_campaign=post_purchase_upsell&utm_content=upsell_suggestion_1,,,high,Buenos Aires,Argentina,South America,,,,,,,,,,297.326031,low,https://homefans.com/product/boca-juniors-matchday-experience-4/
2,Single Room Surcharge,Experience River Plate Matchday like a local at El Monumental – Shortside Seats,geo_destination_fill_same_city,approved_geo_fill_same_city,0,same_city,98,200.791785,5,5,2026-01-26,5,Single Room Supplement,https://homefans.com/product/single-room-supplement/,manual,Buenos Aires,Argentina,South America,,2026-04-13,128,200.791785,Experience River Plate Matchday like a local at El Monumental – Shortside Seats,https://homefans.com/product/river-plate-matchday-experience/?utm_source=klaviyo&utm_medium=email&utm_campaign=post_purchase_upsell&utm_content=upsell_suggestion_2,,,high,Buenos Aires,Argentina,South America,,,,,,,,,,200.791785,low,https://homefans.com/product/river-plate-matchday-experience/
3,Single Room Surcharge,Boca Juniors Popular Matchday Experience (Standing Section),geo_destination_fill_same_city,approved_geo_fill_same_city,0,same_city,98,137.657534,5,5,2026-01-26,5,Single Room Supplement,https://homefans.com/product/single-room-supplement/,manual,Buenos Aires,Argentina,South America,,2026-04-05,86,137.657534,Boca Juniors Popular Matchday Experience (Standing Section),https://homefans.com/product/boca-juniors-matchday-experience/?utm_source=klaviyo&utm_medium=email&utm_campaign=post_purchase_upsell&utm_content=upsell_suggestion_3,,,high,Buenos Aires,Argentina,South America,,,,,,,,,,137.657534,low,https://homefans.com/product/boca-juniors-matchday-experience/
2,Slavia Prague Matchday Experie…,Prague Derby Matchday Experience,geo_destination_fill_same_city,approved_geo_fill_same_city,0,same_city,98,6.936988,5,5,2026-03-31,5,Slavia Prague Matchday Experience,https://homefans.com/product/slavia-prague-matchday-experience/,high,Prague,Czech Republic,Europe,,2025-10-03,5,6.936988,Prague Derby Matchday Experience,https://homefans.com/product/slavia-prague-match-day-experience-with-a-local/?utm_source=klaviyo&utm_medium=email&utm_campaign=post_purchase_upsell&utm_content=upsell_suggestion_2,,,high,Prague,Czech Republic,Europe,,,,,,,,,,6.936988,low,https://homefans.com/product/slavia-prague-match-day-experience-with-a-local/
3,Slavia Prague Matchday Experie…,Prague Derby: Slavia Prague v Sparta Prague,geo_destination_fill_same_city,approved_geo_fill_same_city,0,same_city,98,3.912329,5,5,2026-03-31,5,Slavia Prague Matchday Experience,https://homefans.com/product/slavia-prague-matchday-experience/,high,Prague,Czech Republic,Europe,,2025-09-25,3,3.912329,Prague Derby: Slavia Prague v Sparta Prague,https://homefans.com/product/prague-derby-slavia-prague-vs-sparta-prague/?utm_source=klaviyo&utm_medium=email&utm_campaign=post_purchase_upsell&utm_content=upsell_suggestion_3,,,high,Prague,Czech Republic,Europe,,,,,,,,,,3.912329,low,https://homefans.com/product/prague-derby-slavia-prague-vs-sparta-prague/
1,Atletico Madrid Matchday Exper…,Madrid: Real Madrid Bernabeu Stadium Tour with Tapas,geo_destination_fill_same_city,approved_geo_fill_same_city,0,same_city,98,27.079452,4,4,2026-03-28,4,Atletico Madrid Matchday Experience,https://homefans.com/product/atletico-madrid-matchday-experience-2/,high,Madrid,Spain,Europe,,2026-04-13,18,27.079452,Madrid: Real Madrid Bernabeu Stadium Tour with Tapas,https://homefans.com/product/madrid-real-madrid-bernabeu-stadium-tour-with-tapas/?utm_source=klaviyo&utm_medium=email&utm_campaign=post_purchase_upsell&utm_content=upsell_suggestion_1,,,high,Madrid,Spain,Europe,,,,,,,,,,27.079452,low,https://homefans.com/product/madrid-real-madrid-bernabeu-stadium-tour-with-tapas/
2,Atletico Madrid Matchday Exper…,Real Madrid Matchday Experience – Football & Tapas,geo_destination_fill_same_city,approved_geo_fill_same_city,0,same_city,98,15.539727,4,4,2026-03-28,4,Atletico Madrid Matchday Experience,https://homefans.com/product/atletico-madrid-matchday-experience-2/,high,Madrid,Spain,Europe,,2026-02-16,10,15.539727,Real Madrid Matchday Experience – Football & Tapas,https://homefans.com/product/real-madrid-matchday-experience-football-tapas-city-tour/?utm_source=klaviyo&utm_medium=email&utm_campaign=post_purchase_upsell&utm_content=upsell_suggestion_2,,,high,Madrid,Spain,Europe,,,,,,,,,,15.539727,low,https://homefans.com/product/real-madrid-matchday-experience-football-tapas-city-tour/
3,Atletico Madrid Matchday Exper…,⚽ Enjoy a Barça game like a local fan: Prematch+Best Fan Seats,geo_destination_fill_same_country,approved_geo_fill_same_country,1,same_country,99,23.742466,4,4,2026-03-28,4,Atletico Madrid Matchday Experience,https://homefans.com/product/atletico-madrid-matchday-experience-2/,high,Madrid,Spain,Europe,,2026-02-12,15,23.742466,⚽ Enjoy a Barça game like a local fan: Prematch+Best Fan Seats,https://homefans.com/product/enjoy-barca-football-like-a-real-cule/?utm_source=klaviyo&utm_medium=email&utm_campaign=post_purchase_upsell&utm_content=upsell_suggestion_3,,,high,Barcelona,Spain,Europe,,,,,,,,,,23.742466,low,https://homefans.com/product/enjoy-barca-football-like-a-real-cule/
1,Benfica Matchday Experience wi…,A night at Alvalade: Sporting CP Matchday Experience,geo_destination_fill_same_city,approved_geo_fill_same_city,0,same_city,98,1.956164,4,4,2025-11-30,4,Benfica Matchday Experience with Locals,https://homefans.com/product/benfica-matchday-experience-with-local-fans/,high,Lisbon,Portugal,Europe,,2026-03-28,1,1.956164,A night at Alvalade: Sporting CP Matchday Experience,https://homefans.com/product/a-night-at-alvalade-sporting-cp-matchday-experience/?utm_source=klaviyo&utm_medium=email&utm_campaign=post_purchase_upsell&utm_content=upsell_suggestion_1,,,high,Lisbon,Portugal,Europe,,,,,,,,,,1.956164,low,https://homefans.com/product/a-night-at-alvalade-sporting-cp-matchday-experience/
2,Benfica Matchday Experience wi…,Experience San Siro like a true Local: AC Milan matchday experience,geo_destination_fill_same_continent,approved_geo_fill_same_continent,3,same_continent,101,82.632875,4,4,2025-11-30,4,Benfica Matchday Experience with Locals,https://homefans.com/product/benfica-matchday-experience-with-local-fans/,high,Lisbon,Portugal,Europe,,2026-04-07,51,82.632875,Experience San Siro like a true Local: AC Milan matchday experience,https://homefans.com/product/experience-ac-milan-live-at-san-siro/?utm_source=klaviyo&utm_medium=email&utm_campaign=post_purchase_upsell&utm_content=upsell_suggestion_2,,,high,Milan,Italy,Europe,,,,,,,,,,82.632875,low,https://homefans.com/product/experience-ac-milan-live-at-san-siro/
3,Benfica Matchday Experience wi…,SSC Napoli Matchday Experience with Maradona Tour,geo_destination_fill_same_continent,approved_geo_fill_same_continent,3,same_continent,101,71.131504,4,4,2025-11-30,4,Benfica Matchday Experience with Locals,https://homefans.com/product/benfica-matchday-experience-with-local-fans/,high,Lisbon,Portugal,Europe,,2026-03-25,49,71.131504,SSC Napoli Matchday Experience with Maradona Tour,https://homefans.com/product/ssc-napoli-football-and-maradona-experience/?utm_source=klaviyo&utm_medium=email&utm_campaign=post_purchase_upsell&utm_content=upsell_suggestion_3,,,high,Naples,Italy,Europe,,,,,,,,,,71.131504,low,https://homefans.com/product/ssc-napoli-football-and-maradona-experience/
3,Boca Juniors Football Match Ex…,Boca Juniors Matchday Like a Local at La Bombonera – Long Side Seats with Transport,geo_destination_fill_same_city,approved_geo_fill_same_city,0,same_city,98,297.326031,4,4,2025-10-16,4,Boca Juniors Popular Matchday Experience (Standing Section),https://homefans.com/product/boca-juniors-matchday-experience/,high,Buenos Aires,Argentina,South America,,2026-04-13,185,297.326031,Boca Juniors Matchday Like a Local at La Bombonera – Long Side Seats with Transport,https://homefans.com/product/boca-juniors-matchday-experience-4/?utm_source=klaviyo&utm_medium=email&utm_campaign=post_purchase_upsell&utm_content=upsell_suggestion_3,,,high,Buenos Aires,Argentina,South America,,,,,,,,,,297.326031,low,https://homefans.com/product/boca-juniors-matchday-experience-4/
2,C.D. Guadalajara: Las Chivas M…,"Lucha Libre in Guadalajara, CMLL the best wrestling in the world!",geo_destination_fill_same_city,approved_geo_fill_same_city,0,same_city,98,1.194521,4,4,2026-02-14,4,"C.D. Guadalajara: Las Chivas Matchday experience (@Guadalajara, Mexico)",https://homefans.com/product/c-d-guadalajara-las-chivas-matchday-experience/,high,Guadalajara,Mexico,North America,,2025-06-23,1,1.194521,"Lucha Libre in Guadalajara, CMLL the best wrestling in the world!",https://homefans.com/product/lucha-libre-in-guadalajara-cmll-the-best-wrestling-in-the-world/?utm_source=klaviyo&utm_medium=email&utm_campaign=post_purchase_upsell&utm_content=upsell_suggestion_2,,,high,Guadalajara,Mexico,North America,,,,,,,,,,1.194521,low,https://homefans.com/product/lucha-libre-in-guadalajara-cmll-the-best-wrestling-in-the-world/
3,C.D. Guadalajara: Las Chivas M…,"Cruz Azul FC Match Day Experience, PUEBLA CITY (Travelling from México City)",geo_destination_fill_same_country,approved_geo_fill_same_country,1,same_country,99,10.684932,4,4,2026-02-14,4,"C.D. Guadalajara: Las Chivas Matchday experience (@Guadalajara, Mexico)",https://homefans.com/product/c-d-guadalajara-las-chivas-matchday-experience/,high,Guadalajara,Mexico,North America,,2025-10-04,8,10.684932,"Cruz Azul FC Match Day Experience, PUEBLA CITY (Travelling from México City)",https://homefans.com/product/matchday-mexico-city/?utm_source=klaviyo&utm_medium=email&utm_campaign=post_purchase_upsell&utm_content=upsell_suggestion_3,,,high,Puebla,Mexico,North America,,,,,,,,,,10.684932,low,https://homefans.com/product/matchday-mexico-city/
2,Derby Della Madonnina: AC Mila…,Experience San Siro like a true Local: AC Milan matchday experience,geo_destination_fill_same_city,approved_geo_fill_same_city,0,same_city,98,82.632875,4,4,2025-12-04,4,Derby Della Madonnina: AC Milan v Internazionale,https://homefans.com/product/derby-della-madonnina-ac-milan-v-internazionale/,high,Milan,Italy,Europe,,2026-04-07,51,82.632875,Experience San Siro like a true Local: AC Milan matchday experience,https://homefans.com/product/experience-ac-milan-live-at-san-siro/?utm_source=klaviyo&utm_medium=email&utm_campaign=post_purchase_upsell&utm_content=upsell_suggestion_2,,,high,Milan,Italy,Europe,,,,,,,,,,82.632875,low,https://homefans.com/product/experience-ac-milan-live-at-san-siro/
3,Derby Della Madonnina: AC Mila…,Internazionale matchday experience: Live a game of Inter with locals,geo_destination_fill_same_city,approved_geo_fill_same_city,0,same_city,98,36.358904,4,4,2025-12-04,4,Derby Della Madonnina: AC Milan v Internazionale,https://homefans.com/product/derby-della-madonnina-ac-milan-v-internazionale/,high,Milan,Italy,Europe,,2026-03-25,22,36.358904,Internazionale matchday experience: Live a game of Inter with locals,https://homefans.com/product/inter-milan-matchday-experience/?utm_source=klaviyo&utm_medium=email&utm_campaign=post_purchase_upsell&utm_content=upsell_suggestion_3,,,high,Milan,Italy,Europe,,,,,,,,,,36.358904,low,https://homefans.com/product/inter-milan-matchday-experience/
2,Longside Middle / Lower upgrad…,Experience River Plate Matchday like a local at El Monumental – Shortside Seats,geo_destination_fill_same_city,approved_geo_fill_same_city,0,same_city,98,200.791785,4,4,2026-04-07,4,Longside Middle / Lower upgrade,https://homefans.com/product/longside-middle-lower-upgrade/,high,Buenos Aires,Argentina,South America,,2026-04-13,128,200.791785,Experience River Plate Matchday like a local at El Monumental – Shortside Seats,https://homefans.com/product/river-plate-matchday-experience/?utm_source=klaviyo&utm_medium=email&utm_campaign=post_purchase_upsell&utm_content=upsell_suggestion_2,,,high,Buenos Aires,Argentina,South America,,,,,,,,,,200.791785,low,https://homefans.com/product/river-plate-matchday-experience/
3,Longside Middle / Lower upgrad…,Boca Juniors Popular Matchday Experience (Standing Section),geo_destination_fill_same_city,approved_geo_fill_same_city,0,same_city,98,137.657534,4,4,2026-04-07,4,Longside Middle / Lower upgrade,https://homefans.com/product/longside-middle-lower-upgrade/,high,Buenos Aires,Argentina,South America,,2026-04-05,86,137.657534,Boca Juniors Popular Matchday Experience (Standing Section),https://homefans.com/product/boca-juniors-matchday-experience/?utm_source=klaviyo&utm_medium=email&utm_campaign=post_purchase_upsell&utm_content=upsell_suggestion_3,,,high,Buenos Aires,Argentina,South America,,,,,,,,,,137.657534,low,https://homefans.com/product/boca-juniors-matchday-experience/
2,Manchester United Matchday Exp…,Manchester United Pre-Match Experience – Old Trafford Build-Up with a Local Fan (No Match Ticket Included),geo_destination_fill_same_city,approved_geo_fill_same_city,0,same_city,98,1.989041,4,4,2025-12-13,4,Manchester United Matchday Experience,https://homefans.com/product/manchester-united-matchday-experience/,high,Manchester,United Kingdom,Europe,,2026-04-09,1,1.989041,Manchester United Pre-Match Experience – Old Trafford Build-Up with a Local Fan (No Match Ticket Included),https://homefans.com/product/manchester-united-matchday-experience-in-manchester/?utm_source=klaviyo&utm_medium=email&utm_campaign=post_purchase_upsell&utm_content=upsell_suggestion_2,,,high,Manchester,United Kingdom,Europe,,,,,,,,,,1.989041,low,https://homefans.com/product/manchester-united-matchday-experience-in-manchester/
3,Manchester United Matchday Exp…,The Old Firm: Rangers vs Celtic,geo_destination_fill_same_country,approved_geo_fill_same_country,1,same_country,99,8.117808,4,4,2025-12-13,4,Manchester United Matchday Experience,https://homefans.com/product/manchester-united-matchday-experience/,high,Manchester,United Kingdom,Europe,,2025-11-13,6,8.117808,The Old Firm: Rangers vs Celtic,https://homefans.com/product/the-old-firm-rangers-vs-celtic/?utm_source=klaviyo&utm_medium=email&utm_campaign=post_purchase_upsell&utm_content=upsell_suggestion_3,,,high,Glasgow,United Kingdom,Europe,,,,,,,,,,8.117808,low,https://homefans.com/product/the-old-firm-rangers-vs-celtic/
1,Real Betis: Enjoy a Matchday E…,El Gran Derbi: Real Betis v Sevilla,geo_destination_fill_same_city,approved_geo_fill_same_city,0,same_city,98,4.742466,4,4,2025-12-29,4,Real Betis: Enjoy a Matchday Experience in Sevilla with a local,https://homefans.com/product/sevilla-join-a-matchday-in-sevilla-with-a-local/,high,Sevilla,Spain,Europe,,2025-12-04,3,4.742466,El Gran Derbi: Real Betis v Sevilla,https://homefans.com/product/betis-sevilla/?utm_source=klaviyo&utm_medium=email&utm_campaign=post_purchase_upsell&utm_content=upsell_suggestion_1,,,high,Sevilla,Spain,Europe,,,,,,,,,,4.742466,low,https://homefans.com/product/betis-sevilla/
2,Real Betis: Enjoy a Matchday E…,Seville Football Experience –  Sevilla FC or Real Betis,geo_destination_fill_same_city,approved_geo_fill_same_city,0,same_city,98,3.720548,4,4,2025-12-29,4,Real Betis: Enjoy a Matchday Experience in Sevilla with a local,https://homefans.com/product/sevilla-join-a-matchday-in-sevilla-with-a-local/,high,Sevilla,Spain,Europe,,2026-02-23,2,3.720548,Seville Football Experience –  Sevilla FC or Real Betis,https://homefans.com/product/seville-football-experience-sevilla-fc-or-real-betis/?utm_source=klaviyo&utm_medium=email&utm_campaign=post_purchase_upsell&utm_content=upsell_suggestion_2,,,high,Sevilla,Spain,Europe,,,,,,,,,,3.720548,low,https://homefans.com/product/seville-football-experience-sevilla-fc-or-real-betis/
3,Real Betis: Enjoy a Matchday E…,Madrid: Real Madrid Bernabeu Stadium Tour with Tapas,geo_destination_fill_same_country,approved_geo_fill_same_country,1,same_country,99,27.079452,4,4,2025-12-29,4,Real Betis: Enjoy a Matchday Experience in Sevilla with a local,https://homefans.com/product/sevilla-join-a-matchday-in-sevilla-with-a-local/,high,Sevilla,Spain,Europe,,2026-04-13,18,27.079452,Madrid: Real Madrid Bernabeu Stadium Tour with Tapas,https://homefans.com/product/madrid-real-madrid-bernabeu-stadium-tour-with-tapas/?utm_source=klaviyo&utm_medium=email&utm_campaign=post_purchase_upsell&utm_content=upsell_suggestion_3,,,high,Madrid,Spain,Europe,,,,,,,,,,27.079452,low,https://homefans.com/product/madrid-real-madrid-bernabeu-stadium-tour-with-tapas/
1,River Plate Matchday at Monume…,Boca Juniors Matchday Like a Local at La Bombonera – Long Side Seats with Transport,geo_destination_fill_same_city,approved_geo_fill_same_city,0,same_city,98,297.326031,4,4,2025-09-15,4,River Plate Matchday Experience – short side,https://homefans.com/product/see-river-plate-live-in-el-monumental/,high,Buenos Aires,Argentina,South America,,2026-04-13,185,297.326031,Boca Juniors Matchday Like a Local at La Bombonera – Long Side Seats with Transport,https://homefans.com/product/boca-juniors-matchday-experience-4/?utm_source=klaviyo&utm_medium=email&utm_campaign=post_purchase_upsell&utm_content=upsell_suggestion_1,,,high,Buenos Aires,Argentina,South America,,,,,,,,,,297.326031,low,https://homefans.com/product/boca-juniors-matchday-experience-4/
2,River Plate Matchday at Monume…,Experience River Plate Matchday like a local at El Monumental – Shortside Seats,geo_destination_fill_same_city,approved_geo_fill_same_city,0,same_city,98,200.791785,4,4,2025-09-15,4,River Plate Matchday Experience – short side,https://homefans.com/product/see-river-plate-live-in-el-monumental/,high,Buenos Aires,Argentina,South America,,2026-04-13,128,200.791785,Experience River Plate Matchday like a local at El Monumental – Shortside Seats,https://homefans.com/product/river-plate-matchday-experience/?utm_source=klaviyo&utm_medium=email&utm_campaign=post_purchase_upsell&utm_content=upsell_suggestion_2,,,high,Buenos Aires,Argentina,South America,,,,,,,,,,200.791785,low,https://homefans.com/product/river-plate-matchday-experience/
3,River Plate Matchday at Monume…,Boca Juniors Popular Matchday Experience (Standing Section),geo_destination_fill_same_city,approved_geo_fill_same_city,0,same_city,98,137.657534,4,4,2025-09-15,4,River Plate Matchday Experience – short side,https://homefans.com/product/see-river-plate-live-in-el-monumental/,high,Buenos Aires,Argentina,South America,,2026-04-05,86,137.657534,Boca Juniors Popular Matchday Experience (Standing Section),https://homefans.com/product/boca-juniors-matchday-experience/?utm_source=klaviyo&utm_medium=email&utm_campaign=post_purchase_upsell&utm_content=upsell_suggestion_3,,,high,Buenos Aires,Argentina,South America,,,,,,,,,,137.657534,low,https://homefans.com/product/boca-juniors-matchday-experience/
1,Santa Fe Football Tour Matchda…,Millonarios Football Tour Matchday Experience,geo_destination_fill_same_city,approved_geo_fill_same_city,0,same_city,98,8.38904,4,4,2026-03-18,4,Santa Fe Football Tour Matchday Experience,https://homefans.com/product/santa-fe-football-tour-matchday-experience/,high,Bogotá,Colombia,South America,,2026-02-28,6,8.38904,Millonarios Football Tour Matchday Experience,https://homefans.com/product/millonarios-matchday-experience/?utm_source=klaviyo&utm_medium=email&utm_campaign=post_purchase_upsell&utm_content=upsell_suggestion_1,,,high,Bogotá,Colombia,South America,,,,,,,,,,8.38904,low,https://homefans.com/product/millonarios-matchday-experience/
2,Santa Fe Football Tour Matchda…,Atletico Nacional Matchday Experience (Medellin),geo_destination_fill_same_country,approved_geo_fill_same_country,1,same_country,99,50.336985,4,4,2026-03-18,4,Santa Fe Football Tour Matchday Experience,https://homefans.com/product/santa-fe-football-tour-matchday-experience/,high,Bogotá,Colombia,South America,,2026-03-29,33,50.336985,Atletico Nacional Matchday Experience (Medellin),https://homefans.com/product/atleticonacional-football-tour/?utm_source=klaviyo&utm_medium=email&utm_campaign=post_purchase_upsell&utm_content=upsell_suggestion_2,,,high,Medellín,Colombia,South America,,,,,,,,,,50.336985,low,https://homefans.com/product/atleticonacional-football-tour/
3,Santa Fe Football Tour Matchda…,Independiente Medellin Matchday Experience,geo_destination_fill_same_country,approved_geo_fill_same_country,1,same_country,99,17.312329,4,4,2026-03-18,4,Santa Fe Football Tour Matchday Experience,https://homefans.com/product/santa-fe-football-tour-matchday-experience/,high,Bogotá,Colombia,South America,,2026-04-08,12,17.312329,Independiente Medellin Matchday Experience,https://homefans.com/product/independiente-medellin-matchday-experience-2/?utm_source=klaviyo&utm_medium=email&utm_campaign=post_purchase_upsell&utm_content=upsell_suggestion_3,,,high,Medellín,Colombia,South America,,,,,,,,,,17.312329,low,https://homefans.com/product/independiente-medellin-matchday-experience-2/
2,Sparta Prague Matchday Experie…,Prague Derby Matchday Experience,geo_destination_fill_same_city,approved_geo_fill_same_city,0,same_city,98,6.936988,4,5,2026-03-29,5,Sparta Prague Matchday Experience,https://homefans.com/product/local-sparta-praha-slavia-prague-match-day-experience/,high,Prague,Czech Republic,Europe,,2025-10-03,5,6.936988,Prague Derby Matchday Experience,https://homefans.com/product/slavia-prague-match-day-experience-with-a-local/?utm_source=klaviyo&utm_medium=email&utm_campaign=post_purchase_upsell&utm_content=upsell_suggestion_2,,,high,Prague,Czech Republic,Europe,,,,,,,,,,6.936988,low,https://homefans.com/product/slavia-prague-match-day-experience-with-a-local/
3,Sparta Prague Matchday Experie…,Prague Derby: Slavia Prague v Sparta Prague,geo_destination_fill_same_city,approved_geo_fill_same_city,0,same_city,98,3.912329,4,5,2026-03-29,5,Sparta Prague Matchday Experience,https://homefans.com/product/local-sparta-praha-slavia-prague-match-day-experience/,high,Prague,Czech Republic,Europe,,2025-09-25,3,3.912329,Prague Derby: Slavia Prague v Sparta Prague,https://homefans.com/product/prague-derby-slavia-prague-vs-sparta-prague/?utm_source=klaviyo&utm_medium=email&utm_campaign=post_purchase_upsell&utm_content=upsell_suggestion_3,,,high,Prague,Czech Republic,Europe,,,,,,,,,,3.912329,low,https://homefans.com/product/prague-derby-slavia-prague-vs-sparta-prague/
1,The Old Firm: Celtic v Rangers,The Old Firm: Rangers vs Celtic,geo_destination_fill_same_city,approved_geo_fill_same_city,0,same_city,98,8.117808,4,4,2025-09-26,4,The Old Firm: Celtic v Rangers,https://homefans.com/product/the-old-firm-celtic-rangers/,high,Glasgow,United Kingdom,Europe,,2025-11-13,6,8.117808,The Old Firm: Rangers vs Celtic,https://homefans.com/product/the-old-firm-rangers-vs-celtic/?utm_source=klaviyo&utm_medium=email&utm_campaign=post_purchase_upsell&utm_content=upsell_suggestion_1,,,high,Glasgow,United Kingdom,Europe,,,,,,,,,,8.117808,low,https://homefans.com/product/the-old-firm-rangers-vs-celtic/
2,The Old Firm: Celtic v Rangers,Celtic – Glasgow Matchday Experience,geo_destination_fill_same_city,approved_geo_fill_same_city,0,same_city,98,4.865754,4,4,2025-09-26,4,The Old Firm: Celtic v Rangers,https://homefans.com/product/the-old-firm-celtic-rangers/,high,Glasgow,United Kingdom,Europe,,2026-01-18,3,4.865754,Celtic – Glasgow Matchday Experience,https://homefans.com/product/celtic-glasgow-matchday-experience/?utm_source=klaviyo&utm_medium=email&utm_campaign=post_purchase_upsell&utm_content=upsell_suggestion_2,,,high,Glasgow,United Kingdom,Europe,,,,,,,,,,4.865754,low,https://homefans.com/product/celtic-glasgow-matchday-experience/
3,The Old Firm: Celtic v Rangers,Celtic Matchday Experience,geo_destination_fill_same_city,approved_geo_fill_same_city,0,same_city,98,1.375342,4,4,2025-09-26,4,The Old Firm: Celtic v Rangers,https://homefans.com/product/the-old-firm-celtic-rangers/,high,Glasgow,United Kingdom,Europe,,2025-08-28,1,1.375342,Celtic Matchday Experience,https://homefans.com/product/experience-celtic-live-at-celtic-park-paradise/?utm_source=klaviyo&utm_medium=email&utm_campaign=post_purchase_upsell&utm_content=upsell_suggestion_3,,,high,Glasgow,United Kingdom,Europe,,,,,,,,,,1.375342,low,https://homefans.com/product/experience-celtic-live-at-celtic-park-paradise/
1,Welcome to Atlanta - Official…,"Club América Match Day Experience, México City",geo_destination_fill_same_continent,approved_geo_fill_same_continent,3,same_continent,101,32.652056,4,4,2026-04-08,4,,,,Atlanta,United States,North America,,2026-03-19,22,32.652056,"Club América Match Day Experience, México City",https://homefans.com/product/club-america-match-day-experience-mexico-city/?utm_source=klaviyo&utm_medium=email&utm_campaign=post_purchase_upsell&utm_content=upsell_suggestion_1,,,high,Mexico City,Mexico,North America,,,,,,,,,,32.652056,low,https://homefans.com/product/club-america-match-day-experience-mexico-city/
2,Welcome to Atlanta - Official…,"Cruz Azul FC Match Day Experience, PUEBLA CITY (Travelling from México City)",geo_destination_fill_same_continent,approved_geo_fill_same_continent,3,same_continent,101,10.684932,4,4,2026-04-08,4,,,,Atlanta,United States,North America,,2025-10-04,8,10.684932,"Cruz Azul FC Match Day Experience, PUEBLA CITY (Travelling from México City)",https://homefans.com/product/matchday-mexico-city/?utm_source=klaviyo&utm_medium=email&utm_campaign=post_purchase_upsell&utm_content=upsell_suggestion_2,,,high,Puebla,Mexico,North America,,,,,,,,,,10.684932,low,https://homefans.com/product/matchday-mexico-city/
3,Welcome to Atlanta - Official…,"Pumas UNAM Match Day Experience, Mexico City",geo_destination_fill_same_continent,approved_geo_fill_same_continent,3,same_continent,101,9.120548,4,4,2026-04-08,4,,,,Atlanta,United States,North America,,2026-03-10,5,9.120548,"Pumas UNAM Match Day Experience, Mexico City",https://homefans.com/product/pumas-unam-match-day-experience-mexico-city/?utm_source=klaviyo&utm_medium=email&utm_campaign=post_purchase_upsell&utm_content=upsell_suggestion_3,,,high,Mexico City,Mexico,North America,,,,,,,,,,9.120548,low,https://homefans.com/product/pumas-unam-match-day-experience-mexico-city/
3,ARGENTINA & BRAZIL: Rio de Jan…,Boca Juniors Matchday Like a Local at La Bombonera – Long Side Seats with Transport,geo_destination_fill_same_city,approved_geo_fill_same_city,0,same_city,98,297.326031,3,3,2026-03-27,3,ARGENTINA & BRAZIL: Rio de Janeiro to Buenos Aires,https://homefans.com/product/brazil-argentina-small-group-adventures/,high,Buenos Aires,Argentina,South America,,2026-04-13,185,297.326031,Boca Juniors Matchday Like a Local at La Bombonera – Long Side Seats with Transport,https://homefans.com/product/boca-juniors-matchday-experience-4/?utm_source=klaviyo&utm_medium=email&utm_campaign=post_purchase_upsell&utm_content=upsell_suggestion_3,,,high,Buenos Aires,Argentina,South America,,,,,,,,,,297.326031,low,https://homefans.com/product/boca-juniors-matchday-experience-4/
2,Belgrade Eternal Derby from In…,The Eternal Derby: Red Star Belgrade v Partizan,geo_destination_fill_same_city,approved_geo_fill_same_city,0,same_city,98,33.663014,3,3,2025-12-31,3,Belgrade Eternal Derby from Inside,https://homefans.com/product/belgrade-eternal-derby-from-inside/,high,Belgrade,Serbia,Europe,,2026-01-16,22,33.663014,The Eternal Derby: Red Star Belgrade v Partizan,https://homefans.com/product/belgrade-derby/?utm_source=klaviyo&utm_medium=email&utm_campaign=post_purchase_upsell&utm_content=upsell_suggestion_2,,,high,Belgrade,Serbia,Europe,,,,,,,,,,33.663014,low,https://homefans.com/product/belgrade-derby/
3,Belgrade Eternal Derby from In…,Partizan Matchday Experience with Local Host,geo_destination_fill_same_city,approved_geo_fill_same_city,0,same_city,98,16.389041,3,3,2025-12-31,3,Belgrade Eternal Derby from Inside,https://homefans.com/product/belgrade-eternal-derby-from-inside/,high,Belgrade,Serbia,Europe,,2025-10-21,12,16.389041,Partizan Matchday Experience with Local Host,https://homefans.com/product/partizan-matchday-experience-with-local-host/?utm_source=klaviyo&utm_medium=email&utm_campaign=post_purchase_upsell&utm_content=upsell_suggestion_3,,,high,Belgrade,Serbia,Europe,,,,,,,,,,16.389041,low,https://homefans.com/product/partizan-matchday-experience-with-local-host/
1,Celtic - Glasgow Matchday Expe…,The Old Firm: Rangers vs Celtic,geo_destination_fill_same_city,approved_geo_fill_same_city,0,same_city,98,8.117808,3,3,2026-01-18,3,Celtic – Glasgow Matchday Experience,https://homefans.com/product/celtic-glasgow-matchday-experience/,high,Glasgow,United Kingdom,Europe,,2025-11-13,6,8.117808,The Old Firm: Rangers vs Celtic,https://homefans.com/product/the-old-firm-rangers-vs-celtic/?utm_source=klaviyo&utm_medium=email&utm_campaign=post_purchase_upsell&utm_content=upsell_suggestion_1,,,high,Glasgow,United Kingdom,Europe,,,,,,,,,,8.117808,low,https://homefans.com/product/the-old-firm-rangers-vs-celtic/
2,Celtic - Glasgow Matchday Expe…,The Old Firm: Celtic v Rangers,geo_destination_fill_same_city,approved_geo_fill_same_city,0,same_city,98,5.457535,3,3,2026-01-18,3,Celtic – Glasgow Matchday Experience,https://homefans.com/product/celtic-glasgow-matchday-experience/,high,Glasgow,United Kingdom,Europe,,2025-09-26,4,5.457535,The Old Firm: Celtic v Rangers,https://homefans.com/product/the-old-firm-celtic-rangers/?utm_source=klaviyo&utm_medium=email&utm_campaign=post_purchase_upsell&utm_content=upsell_suggestion_2,,,high,Glasgow,United Kingdom,Europe,,,,,,,,,,5.457535,low,https://homefans.com/product/the-old-firm-celtic-rangers/
3,Celtic - Glasgow Matchday Expe…,Celtic Matchday Experience,geo_destination_fill_same_city,approved_geo_fill_same_city,0,same_city,98,1.375342,3,3,2026-01-18,3,Celtic – Glasgow Matchday Experience,https://homefans.com/product/celtic-glasgow-matchday-experience/,high,Glasgow,United Kingdom,Europe,,2025-08-28,1,1.375342,Celtic Matchday Experience,https://homefans.com/product/experience-celtic-live-at-celtic-park-paradise/?utm_source=klaviyo&utm_medium=email&utm_campaign=post_purchase_upsell&utm_content=upsell_suggestion_3,,,high,Glasgow,United Kingdom,Europe,,,,,,,,,,1.375342,low,https://homefans.com/product/experience-celtic-live-at-celtic-park-paradise/
2,FC Utrecht matchday experience,Experience San Siro like a true Local: AC Milan matchday experience,geo_destination_fill_same_continent,approved_geo_fill_same_continent,3,same_continent,101,82.632875,3,3,2025-09-28,3,FC Utrecht matchday experience,https://homefans.com/product/fc-utrecht-matchday-and-old-town-utrecht-experience/,high,Utrecht,Netherlands,Europe,,2026-04-07,51,82.632875,Experience San Siro like a true Local: AC Milan matchday experience,https://homefans.com/product/experience-ac-milan-live-at-san-siro/?utm_source=klaviyo&utm_medium=email&utm_campaign=post_purchase_upsell&utm_content=upsell_suggestion_2,,,high,Milan,Italy,Europe,,,,,,,,,,82.632875,low,https://homefans.com/product/experience-ac-milan-live-at-san-siro/
3,FC Utrecht matchday experience,SSC Napoli Matchday Experience with Maradona Tour,geo_destination_fill_same_continent,approved_geo_fill_same_continent,3,same_continent,101,71.131504,3,3,2025-09-28,3,FC Utrecht matchday experience,https://homefans.com/product/fc-utrecht-matchday-and-old-town-utrecht-experience/,high,Utrecht,Netherlands,Europe,,2026-03-25,49,71.131504,SSC Napoli Matchday Experience with Maradona Tour,https://homefans.com/product/ssc-napoli-football-and-maradona-experience/?utm_source=klaviyo&utm_medium=email&utm_campaign=post_purchase_upsell&utm_content=upsell_suggestion_3,,,high,Naples,Italy,Europe,,,,,,,,,,71.131504,low,https://homefans.com/product/ssc-napoli-football-and-maradona-experience/
3,Fenerbahçe Matchday Experience…,Istanbul Football Experience: Eyüpspor Matchday Experience,geo_destination_fill_same_city,approved_geo_fill_same_city,0,same_city,98,50.999998,3,3,2025-12-08,3,Fenerbahçe Matchday Experience,https://homefans.com/product/fenerbahce-matchday-experience/,high,Istanbul,Turkey,Europe,,2026-04-12,33,50.999998,Istanbul Football Experience: Eyüpspor Matchday Experience,https://homefans.com/product/istanbul-football-experience-eyupspor-matchday-experience/?utm_source=klaviyo&utm_medium=email&utm_campaign=post_purchase_upsell&utm_content=upsell_suggestion_3,,,medium,Istanbul,Turkey,Europe,,,,,,,,,,50.999998,low,https://homefans.com/product/istanbul-football-experience-eyupspor-matchday-experience/
1,Flamengo Matchday: Premium Sea…,Watch Flamengo at Maracanã: Ticket + Matchday Experience with a Local!,geo_destination_fill_same_city,approved_geo_fill_same_city,0,same_city,98,689.797273,3,3,2025-09-08,3,Flamengo Matchday: Premium Seats by the Pitch with Food & Drinks Included,https://homefans.com/product/flamengo-matchday-premium-seats-by-the-pitch-with-food-drinks-included/,high,Rio de Janeiro,Brazil,South America,,2026-04-12,437,689.797273,Watch Flamengo at Maracanã: Ticket + Matchday Experience with a Local!,https://homefans.com/product/flamengo-live-at-maracana-stadium/?utm_source=klaviyo&utm_medium=email&utm_campaign=post_purchase_upsell&utm_content=upsell_suggestion_1,,,high,Rio de Janeiro,Brazil,South America,,,,,,,,,,689.797273,low,https://homefans.com/product/flamengo-live-at-maracana-stadium/
2,Flamengo Matchday: Premium Sea…,See Fluminense like a local at Maracanã Stadium,geo_destination_fill_same_city,approved_geo_fill_same_city,0,same_city,98,695.83289,3,3,2025-09-08,3,Flamengo Matchday: Premium Seats by the Pitch with Food & Drinks Included,https://homefans.com/product/flamengo-matchday-premium-seats-by-the-pitch-with-food-drinks-included/,high,Rio de Janeiro,Brazil,South America,,2026-04-13,427,695.83289,See Fluminense like a local at Maracanã Stadium,https://homefans.com/product/watch-fluminense-live-at-maracana-stadium/?utm_source=klaviyo&utm_medium=email&utm_campaign=post_purchase_upsell&utm_content=upsell_suggestion_2,,,high,Rio de Janeiro,Brazil,South America,,,,,,,,,,695.83289,low,https://homefans.com/product/watch-fluminense-live-at-maracana-stadium/
3,Flamengo Matchday: Premium Sea…,"⭐ Best Rated | Flamengo Matchday at Maracanã – Tickets, Pre Match Experience & Local Host",geo_destination_fill_same_city,approved_geo_fill_same_city,0,same_city,98,308.391772,3,3,2025-09-08,3,Flamengo Matchday: Premium Seats by the Pitch with Food & Drinks Included,https://homefans.com/product/flamengo-matchday-premium-seats-by-the-pitch-with-food-drinks-included/,high,Rio de Janeiro,Brazil,South America,,2026-04-13,187,308.391772,"⭐ Best Rated | Flamengo Matchday at Maracanã – Tickets, Pre Match Experience & Local Host",https://homefans.com/product/flamengo-match-day-experience-tour/?utm_source=klaviyo&utm_medium=email&utm_campaign=post_purchase_upsell&utm_content=upsell_suggestion_3,,,high,Rio de Janeiro,Brazil,South America,,,,,,,,,,308.391772,low,https://homefans.com/product/flamengo-match-day-experience-tour/
1,From Streets to Stands: AEK At…,Aris FC “God Of War” Matchday Experience,geo_destination_fill_same_country,approved_geo_fill_same_country,1,same_country,99,1.619178,3,3,2026-03-25,3,From Streets to Stands: AEK Athens Matchday Experience with a Local,https://homefans.com/product/from-streets-to-stands-aek-athens-matchday-experience-with-a-local/,high,Athens,Greece,Europe,,2025-11-25,1,1.619178,Aris FC “God Of War” Matchday Experience,https://homefans.com/product/aris-fc-god-of-war-matchday-experience/?utm_source=klaviyo&utm_medium=email&utm_campaign=post_purchase_upsell&utm_content=upsell_suggestion_1,,,high,Thessaloniki,Greece,Europe,,,,,,,,,,1.619178,low,https://homefans.com/product/aris-fc-god-of-war-matchday-experience/
2,From Streets to Stands: AEK At…,Experience San Siro like a true Local: AC Milan matchday experience,geo_destination_fill_same_continent,approved_geo_fill_same_continent,3,same_continent,101,82.632875,3,3,2026-03-25,3,From Streets to Stands: AEK Athens Matchday Experience with a Local,https://homefans.com/product/from-streets-to-stands-aek-athens-matchday-experience-with-a-local/,high,Athens,Greece,Europe,,2026-04-07,51,82.632875,Experience San Siro like a true Local: AC Milan matchday experience,https://homefans.com/product/experience-ac-milan-live-at-san-siro/?utm_source=klaviyo&utm_medium=email&utm_campaign=post_purchase_upsell&utm_content=upsell_suggestion_2,,,high,Milan,Italy,Europe,,,,,,,,,,82.632875,low,https://homefans.com/product/experience-ac-milan-live-at-san-siro/
3,From Streets to Stands: AEK At…,SSC Napoli Matchday Experience with Maradona Tour,geo_destination_fill_same_continent,approved_geo_fill_same_continent,3,same_continent,101,71.131504,3,3,2026-03-25,3,From Streets to Stands: AEK Athens Matchday Experience with a Local,https://homefans.com/product/from-streets-to-stands-aek-athens-matchday-experience-with-a-local/,high,Athens,Greece,Europe,,2026-03-25,49,71.131504,SSC Napoli Matchday Experience with Maradona Tour,https://homefans.com/product/ssc-napoli-football-and-maradona-experience/?utm_source=klaviyo&utm_medium=email&utm_campaign=post_purchase_upsell&utm_content=upsell_suggestion_3,,,high,Naples,Italy,Europe,,,,,,,,,,71.131504,low,https://homefans.com/product/ssc-napoli-football-and-maradona-experience/
2,Fulham Matchday Experience,Queens Park Rangers (QPR) Matchday Experience,geo_destination_fill_same_city,approved_geo_fill_same_city,0,same_city,98,10.975343,3,3,2026-04-07,3,Fulham Matchday Experience,https://homefans.com/product/watch-live-fulham-at-craven-cottage/,high,London,United Kingdom,Europe,,2026-03-29,7,10.975343,Queens Park Rangers (QPR) Matchday Experience,https://homefans.com/product/queens-park-rangers-qpr-matchday-experience/?utm_source=klaviyo&utm_medium=email&utm_campaign=post_purchase_upsell&utm_content=upsell_suggestion_2,,,high,London,United Kingdom,Europe,,,,,,,,,,10.975343,low,https://homefans.com/product/queens-park-rangers-qpr-matchday-experience/
3,Fulham Matchday Experience,London: The West Ham United Experience,geo_destination_fill_same_city,approved_geo_fill_same_city,0,same_city,98,5.339727,3,3,2026-04-07,3,Fulham Matchday Experience,https://homefans.com/product/watch-live-fulham-at-craven-cottage/,high,London,United Kingdom,Europe,,2026-02-15,3,5.339727,London: The West Ham United Experience,https://homefans.com/product/the-west-ham-experience/?utm_source=klaviyo&utm_medium=email&utm_campaign=post_purchase_upsell&utm_content=upsell_suggestion_3,,,high,London,United Kingdom,Europe,,,,,,,,,,5.339727,low,https://homefans.com/product/the-west-ham-experience/
1,Inside Maracanã: Explore Rio’s…,Watch Flamengo at Maracanã: Ticket + Matchday Experience with a Local!,geo_destination_fill_same_city,approved_geo_fill_same_city,0,same_city,98,689.797273,3,3,2025-09-19,3,Inside Maracanã: Explore Rio’s Football Temple with a Local,https://homefans.com/product/maracana-stadium-tour-easy-access/,high,Rio de Janeiro,Brazil,South America,,2026-04-12,437,689.797273,Watch Flamengo at Maracanã: Ticket + Matchday Experience with a Local!,https://homefans.com/product/flamengo-live-at-maracana-stadium/?utm_source=klaviyo&utm_medium=email&utm_campaign=post_purchase_upsell&utm_content=upsell_suggestion_1,,,high,Rio de Janeiro,Brazil,South America,,,,,,,,,,689.797273,low,https://homefans.com/product/flamengo-live-at-maracana-stadium/
2,Inside Maracanã: Explore Rio’s…,See Fluminense like a local at Maracanã Stadium,geo_destination_fill_same_city,approved_geo_fill_same_city,0,same_city,98,695.83289,3,3,2025-09-19,3,Inside Maracanã: Explore Rio’s Football Temple with a Local,https://homefans.com/product/maracana-stadium-tour-easy-access/,high,Rio de Janeiro,Brazil,South America,,2026-04-13,427,695.83289,See Fluminense like a local at Maracanã Stadium,https://homefans.com/product/watch-fluminense-live-at-maracana-stadium/?utm_source=klaviyo&utm_medium=email&utm_campaign=post_purchase_upsell&utm_content=upsell_suggestion_2,,,high,Rio de Janeiro,Brazil,South America,,,,,,,,,,695.83289,low,https://homefans.com/product/watch-fluminense-live-at-maracana-stadium/
3,Inside Maracanã: Explore Rio’s…,"⭐ Best Rated | Flamengo Matchday at Maracanã – Tickets, Pre Match Experience & Local Host",geo_destination_fill_same_city,approved_geo_fill_same_city,0,same_city,98,308.391772,3,3,2025-09-19,3,Inside Maracanã: Explore Rio’s Football Temple with a Local,https://homefans.com/product/maracana-stadium-tour-easy-access/,high,Rio de Janeiro,Brazil,South America,,2026-04-13,187,308.391772,"⭐ Best Rated | Flamengo Matchday at Maracanã – Tickets, Pre Match Experience & Local Host",https://homefans.com/product/flamengo-match-day-experience-tour/?utm_source=klaviyo&utm_medium=email&utm_campaign=post_purchase_upsell&utm_content=upsell_suggestion_3,,,high,Rio de Janeiro,Brazil,South America,,,,,,,,,,308.391772,low,https://homefans.com/product/flamengo-match-day-experience-tour/
1,Legia Warszawa Matchday Experi…,Wisla Krakow Matchday Experience,geo_destination_fill_same_country,approved_geo_fill_same_country,1,same_country,99,67.205479,3,3,2026-04-05,3,Legia Warszawa Matchday Experience,https://homefans.com/product/legia-warszawa-matchday-expierience/,high,Warsaw,Poland,Europe,,2026-04-09,41,67.205479,Wisla Krakow Matchday Experience,https://homefans.com/product/wisla-krakow-matchday-experience/?utm_source=klaviyo&utm_medium=email&utm_campaign=post_purchase_upsell&utm_content=upsell_suggestion_1,,,high,Kraków,Poland,Europe,,,,,,,,,,67.205479,low,https://homefans.com/product/wisla-krakow-matchday-experience/
2,Legia Warszawa Matchday Experi…,KS Cracovia Matchday Experience,geo_destination_fill_same_country,approved_geo_fill_same_country,1,same_country,99,27.528766,3,3,2026-04-05,3,Legia Warszawa Matchday Experience,https://homefans.com/product/legia-warszawa-matchday-expierience/,high,Warsaw,Poland,Europe,,2026-03-11,17,27.528766,KS Cracovia Matchday Experience,https://homefans.com/product/cracovia-matchday/?utm_source=klaviyo&utm_medium=email&utm_campaign=post_purchase_upsell&utm_content=upsell_suggestion_2,,,high,Kraków,Poland,Europe,,,,,,,,,,27.528766,low,https://homefans.com/product/cracovia-matchday/
3,Legia Warszawa Matchday Experi…,Experience San Siro like a true Local: AC Milan matchday experience,geo_destination_fill_same_continent,approved_geo_fill_same_continent,3,same_continent,101,82.632875,3,3,2026-04-05,3,Legia Warszawa Matchday Experience,https://homefans.com/product/legia-warszawa-matchday-expierience/,high,Warsaw,Poland,Europe,,2026-04-07,51,82.632875,Experience San Siro like a true Local: AC Milan matchday experience,https://homefans.com/product/experience-ac-milan-live-at-san-siro/?utm_source=klaviyo&utm_medium=email&utm_campaign=post_purchase_upsell&utm_content=upsell_suggestion_3,,,high,Milan,Italy,Europe,,,,,,,,,,82.632875,low,https://homefans.com/product/experience-ac-milan-live-at-san-siro/
1,Lima 42K Marathon and Half Mar…,Sport Boys Matchday Experience at Estadio Miguel Grau,geo_destination_fill_same_city,approved_geo_fill_same_city,0,same_city,98,3.915069,3,3,2026-03-31,3,Lima 42K Marathon and Half Marathon 21K – Run the Pacific Coast of Peru,https://homefans.com/product/lima-42k-marathon-run-the-pacific-coast-of-peru/,high,Lima,Peru,South America,,2026-03-30,2,3.915069,Sport Boys Matchday Experience at Estadio Miguel Grau,https://homefans.com/product/sport-boys-matchday-experience-at-estadio-miguel-grau/?utm_source=klaviyo&utm_medium=email&utm_campaign=post_purchase_upsell&utm_content=upsell_suggestion_1,,,high,Lima,Peru,South America,,,,,,,,,,3.915069,low,https://homefans.com/product/sport-boys-matchday-experience-at-estadio-miguel-grau/
2,Lima 42K Marathon and Half Mar…,Alianza Lima Matchday Experience at Estadio Matute,geo_destination_fill_same_city,approved_geo_fill_same_city,0,same_city,98,3.613699,3,3,2026-03-31,3,Lima 42K Marathon and Half Marathon 21K – Run the Pacific Coast of Peru,https://homefans.com/product/lima-42k-marathon-run-the-pacific-coast-of-peru/,high,Lima,Peru,South America,,2026-03-31,2,3.613699,Alianza Lima Matchday Experience at Estadio Matute,https://homefans.com/product/alianza-lima-immersive-tour-experience-at-estadio-matute/?utm_source=klaviyo&utm_medium=email&utm_campaign=post_purchase_upsell&utm_content=upsell_suggestion_2,,,high,Lima,Peru,South America,,,,,,,,,,3.613699,low,https://homefans.com/product/alianza-lima-immersive-tour-experience-at-estadio-matute/
3,Lima 42K Marathon and Half Mar…,Enjoy an Alianza Lima game all included with a local guide,geo_destination_fill_same_city,approved_geo_fill_same_city,0,same_city,98,1.408219,3,3,2026-03-31,3,Lima 42K Marathon and Half Marathon 21K – Run the Pacific Coast of Peru,https://homefans.com/product/lima-42k-marathon-run-the-pacific-coast-of-peru/,high,Lima,Peru,South America,,2025-09-09,1,1.408219,Enjoy an Alianza Lima game all included with a local guide,https://homefans.com/product/enjoy-an-alianza-lima-game-all-included-with-a-local-guide/?utm_source=klaviyo&utm_medium=email&utm_campaign=post_purchase_upsell&utm_content=upsell_suggestion_3,,,high,Lima,Peru,South America,,,,,,,,,,1.408219,low,https://homefans.com/product/enjoy-an-alianza-lima-game-all-included-with-a-local-guide/
1,London: The West Ham United Ex…,Queens Park Rangers (QPR) Matchday Experience,geo_destination_fill_same_city,approved_geo_fill_same_city,0,same_city,98,10.975343,3,3,2026-02-15,3,London: The West Ham United Experience,https://homefans.com/product/the-west-ham-experience/,high,London,United Kingdom,Europe,,2026-03-29,7,10.975343,Queens Park Rangers (QPR) Matchday Experience,https://homefans.com/product/queens-park-rangers-qpr-matchday-experience/?utm_source=klaviyo&utm_medium=email&utm_campaign=post_purchase_upsell&utm_content=upsell_suggestion_1,,,high,London,United Kingdom,Europe,,,,,,,,,,10.975343,low,https://homefans.com/product/queens-park-rangers-qpr-matchday-experience/
2,London: The West Ham United Ex…,Fulham Matchday Experience,geo_destination_fill_same_city,approved_geo_fill_same_city,0,same_city,98,5.882192,3,3,2026-02-15,3,London: The West Ham United Experience,https://homefans.com/product/the-west-ham-experience/,high,London,United Kingdom,Europe,,2026-04-07,3,5.882192,Fulham Matchday Experience,https://homefans.com/product/watch-live-fulham-at-craven-cottage/?utm_source=klaviyo&utm_medium=email&utm_campaign=post_purchase_upsell&utm_content=upsell_suggestion_2,,,high,London,United Kingdom,Europe,,,,,,,,,,5.882192,low,https://homefans.com/product/watch-live-fulham-at-craven-cottage/
3,London: The West Ham United Ex…,"Charlton Athletic Matchday Experience – The Valley, London",geo_destination_fill_same_city,approved_geo_fill_same_city,0,same_city,98,3.219178,3,3,2026-02-15,3,London: The West Ham United Experience,https://homefans.com/product/the-west-ham-experience/,high,London,United Kingdom,Europe,,2025-11-25,2,3.219178,"Charlton Athletic Matchday Experience – The Valley, London",https://homefans.com/product/charlton-athletic-matchday-experience-the-valley-london/?utm_source=klaviyo&utm_medium=email&utm_campaign=post_purchase_upsell&utm_content=upsell_suggestion_3,,,high,London,United Kingdom,Europe,,,,,,,,,,3.219178,low,https://homefans.com/product/charlton-athletic-matchday-experience-the-valley-london/
1,Match Day Experience - Excursi…,Boca Juniors Matchday Like a Local at La Bombonera – Long Side Seats with Transport,geo_destination_fill_same_country,approved_geo_fill_same_country,1,same_country,99,297.326031,3,3,2025-11-18,3,,,,,Argentina,South America,,2026-04-13,185,297.326031,Boca Juniors Matchday Like a Local at La Bombonera – Long Side Seats with Transport,https://homefans.com/product/boca-juniors-matchday-experience-4/?utm_source=klaviyo&utm_medium=email&utm_campaign=post_purchase_upsell&utm_content=upsell_suggestion_1,,,high,Buenos Aires,Argentina,South America,,,,,,,,,,297.326031,low,https://homefans.com/product/boca-juniors-matchday-experience-4/
2,Match Day Experience - Excursi…,Experience River Plate Matchday like a local at El Monumental – Shortside Seats,geo_destination_fill_same_country,approved_geo_fill_same_country,1,same_country,99,200.791785,3,3,2025-11-18,3,,,,,Argentina,South America,,2026-04-13,128,200.791785,Experience River Plate Matchday like a local at El Monumental – Shortside Seats,https://homefans.com/product/river-plate-matchday-experience/?utm_source=klaviyo&utm_medium=email&utm_campaign=post_purchase_upsell&utm_content=upsell_suggestion_2,,,high,Buenos Aires,Argentina,South America,,,,,,,,,,200.791785,low,https://homefans.com/product/river-plate-matchday-experience/
3,Match Day Experience - Excursi…,Boca Juniors Popular Matchday Experience (Standing Section),geo_destination_fill_same_country,approved_geo_fill_same_country,1,same_country,99,137.657534,3,3,2025-11-18,3,,,,,Argentina,South America,,2026-04-05,86,137.657534,Boca Juniors Popular Matchday Experience (Standing Section),https://homefans.com/product/boca-juniors-matchday-experience/?utm_source=klaviyo&utm_medium=email&utm_campaign=post_purchase_upsell&utm_content=upsell_suggestion_3,,,high,Buenos Aires,Argentina,South America,,,,,,,,,,137.657534,low,https://homefans.com/product/boca-juniors-matchday-experience/
1,Non-Sporting Experiences,Watch Flamengo at Maracanã: Ticket + Matchday Experience with a Local!,geo_destination_fill_same_continent,approved_geo_fill_same_continent,3,same_continent,101,689.797273,3,3,2025-11-06,3,,,,,,South America,,2026-04-12,437,689.797273,Watch Flamengo at Maracanã: Ticket + Matchday Experience with a Local!,https://homefans.com/product/flamengo-live-at-maracana-stadium/?utm_source=klaviyo&utm_medium=email&utm_campaign=post_purchase_upsell&utm_content=upsell_suggestion_1,,,high,Rio de Janeiro,Brazil,South America,,,,,,,,,,689.797273,low,https://homefans.com/product/flamengo-live-at-maracana-stadium/
2,Non-Sporting Experiences,See Fluminense like a local at Maracanã Stadium,geo_destination_fill_same_continent,approved_geo_fill_same_continent,3,same_continent,101,695.83289,3,3,2025-11-06,3,,,,,,South America,,2026-04-13,427,695.83289,See Fluminense like a local at Maracanã Stadium,https://homefans.com/product/watch-fluminense-live-at-maracana-stadium/?utm_source=klaviyo&utm_medium=email&utm_campaign=post_purchase_upsell&utm_content=upsell_suggestion_2,,,high,Rio de Janeiro,Brazil,South America,,,,,,,,,,695.83289,low,https://homefans.com/product/watch-fluminense-live-at-maracana-stadium/
3,Non-Sporting Experiences,"⭐ Best Rated | Flamengo Matchday at Maracanã – Tickets, Pre Match Experience & Local Host",geo_destination_fill_same_continent,approved_geo_fill_same_continent,3,same_continent,101,308.391772,3,3,2025-11-06,3,,,,,,South America,,2026-04-13,187,308.391772,"⭐ Best Rated | Flamengo Matchday at Maracanã – Tickets, Pre Match Experience & Local Host",https://homefans.com/product/flamengo-match-day-experience-tour/?utm_source=klaviyo&utm_medium=email&utm_campaign=post_purchase_upsell&utm_content=upsell_suggestion_3,,,high,Rio de Janeiro,Brazil,South America,,,,,,,,,,308.391772,low,https://homefans.com/product/flamengo-match-day-experience-tour/
1,Prague Derby: Slavia Prague v…,Slavia Prague Matchday Experience,geo_destination_fill_same_city,approved_geo_fill_same_city,0,same_city,98,8.857535,3,3,2025-09-25,3,Prague Derby: Slavia Prague v Sparta Prague,https://homefans.com/product/prague-derby-slavia-prague-vs-sparta-prague/,high,Prague,Czech Republic,Europe,,2026-03-31,5,8.857535,Slavia Prague Matchday Experience,https://homefans.com/product/slavia-prague-matchday-experience/?utm_source=klaviyo&utm_medium=email&utm_campaign=post_purchase_upsell&utm_content=upsell_suggestion_1,,,high,Prague,Czech Republic,Europe,,,,,,,,,,8.857535,low,https://homefans.com/product/slavia-prague-matchday-experience/
2,Prague Derby: Slavia Prague v…,Sparta Prague Matchday Experience,geo_destination_fill_same_city,approved_geo_fill_same_city,0,same_city,98,7.99726,3,3,2025-09-25,3,Prague Derby: Slavia Prague v Sparta Prague,https://homefans.com/product/prague-derby-slavia-prague-vs-sparta-prague/,high,Prague,Czech Republic,Europe,,2026-03-29,5,7.99726,Sparta Prague Matchday Experience,https://homefans.com/product/local-sparta-praha-slavia-prague-match-day-experience/?utm_source=klaviyo&utm_medium=email&utm_campaign=post_purchase_upsell&utm_content=upsell_suggestion_2,,,high,Prague,Czech Republic,Europe,,,,,,,,,,7.99726,low,https://homefans.com/product/local-sparta-praha-slavia-prague-match-day-experience/
3,Prague Derby: Slavia Prague v…,Prague Derby Matchday Experience,geo_destination_fill_same_city,approved_geo_fill_same_city,0,same_city,98,6.936988,3,3,2025-09-25,3,Prague Derby: Slavia Prague v Sparta Prague,https://homefans.com/product/prague-derby-slavia-prague-vs-sparta-prague/,high,Prague,Czech Republic,Europe,,2025-10-03,5,6.936988,Prague Derby Matchday Experience,https://homefans.com/product/slavia-prague-match-day-experience-with-a-local/?utm_source=klaviyo&utm_medium=email&utm_campaign=post_purchase_upsell&utm_content=upsell_suggestion_3,,,high,Prague,Czech Republic,Europe,,,,,,,,,,6.936988,low,https://homefans.com/product/slavia-prague-match-day-experience-with-a-local/
1,Red Star Belgrade Match Day Ex…,The Eternal Derby: Red Star Belgrade v Partizan,geo_destination_fill_same_city,approved_geo_fill_same_city,0,same_city,98,33.663014,3,4,2025-12-22,4,Red Star Belgrade Match Day Experience: Feel the Roar!,https://homefans.com/product/red-star-belgrade-match-day-experience-feel-the-roar/,high,Belgrade,Serbia,Europe,,2026-01-16,22,33.663014,The Eternal Derby: Red Star Belgrade v Partizan,https://homefans.com/product/belgrade-derby/?utm_source=klaviyo&utm_medium=email&utm_campaign=post_purchase_upsell&utm_content=upsell_suggestion_1,,,high,Belgrade,Serbia,Europe,,,,,,,,,,33.663014,low,https://homefans.com/product/belgrade-derby/
2,Red Star Belgrade Match Day Ex…,Partizan Matchday Experience with Local Host,geo_destination_fill_same_city,approved_geo_fill_same_city,0,same_city,98,16.389041,3,4,2025-12-22,4,Red Star Belgrade Match Day Experience: Feel the Roar!,https://homefans.com/product/red-star-belgrade-match-day-experience-feel-the-roar/,high,Belgrade,Serbia,Europe,,2025-10-21,12,16.389041,Partizan Matchday Experience with Local Host,https://homefans.com/product/partizan-matchday-experience-with-local-host/?utm_source=klaviyo&utm_medium=email&utm_campaign=post_purchase_upsell&utm_content=upsell_suggestion_2,,,high,Belgrade,Serbia,Europe,,,,,,,,,,16.389041,low,https://homefans.com/product/partizan-matchday-experience-with-local-host/
3,Red Star Belgrade Match Day Ex…,Red Star Matchday Experience with a local,geo_destination_fill_same_city,approved_geo_fill_same_city,0,same_city,98,15.715069,3,4,2025-12-22,4,Red Star Belgrade Match Day Experience: Feel the Roar!,https://homefans.com/product/red-star-belgrade-match-day-experience-feel-the-roar/,high,Belgrade,Serbia,Europe,,2026-04-10,10,15.715069,Red Star Matchday Experience with a local,https://homefans.com/product/red-star-matchday-experience/?utm_source=klaviyo&utm_medium=email&utm_campaign=post_purchase_upsell&utm_content=upsell_suggestion_3,,,high,Belgrade,Serbia,Europe,,,,,,,,,,15.715069,low,https://homefans.com/product/red-star-matchday-experience/
1,AC Milan Matchday Experience,Experience San Siro like a true Local: AC Milan matchday experience,geo_destination_fill_same_city,approved_geo_fill_same_city,0,same_city,98,82.632875,2,2,2025-07-30,2,AC Milan – Premium Matchday Experience (Long Side Tribuna),https://homefans.com/product/ac-milan-premium-matchday-experience-long-side-tribuna/,high,Milan,Italy,Europe,,2026-04-07,51,82.632875,Experience San Siro like a true Local: AC Milan matchday experience,https://homefans.com/product/experience-ac-milan-live-at-san-siro/?utm_source=klaviyo&utm_medium=email&utm_campaign=post_purchase_upsell&utm_content=upsell_suggestion_1,,,high,Milan,Italy,Europe,,,,,,,,,,82.632875,low,https://homefans.com/product/experience-ac-milan-live-at-san-siro/
2,AC Milan Matchday Experience,Internazionale matchday experience: Live a game of Inter with locals,geo_destination_fill_same_city,approved_geo_fill_same_city,0,same_city,98,36.358904,2,2,2025-07-30,2,AC Milan – Premium Matchday Experience (Long Side Tribuna),https://homefans.com/product/ac-milan-premium-matchday-experience-long-side-tribuna/,high,Milan,Italy,Europe,,2026-03-25,22,36.358904,Internazionale matchday experience: Live a game of Inter with locals,https://homefans.com/product/inter-milan-matchday-experience/?utm_source=klaviyo&utm_medium=email&utm_campaign=post_purchase_upsell&utm_content=upsell_suggestion_2,,,high,Milan,Italy,Europe,,,,,,,,,,36.358904,low,https://homefans.com/product/inter-milan-matchday-experience/
3,AC Milan Matchday Experience,Derby Della Madonnina: AC Milan v Internazionale,geo_destination_fill_same_city,approved_geo_fill_same_city,0,same_city,98,5.90411,2,2,2025-07-30,2,AC Milan – Premium Matchday Experience (Long Side Tribuna),https://homefans.com/product/ac-milan-premium-matchday-experience-long-side-tribuna/,high,Milan,Italy,Europe,,2025-12-04,4,5.90411,Derby Della Madonnina: AC Milan v Internazionale,https://homefans.com/product/derby-della-madonnina-ac-milan-v-internazionale/?utm_source=klaviyo&utm_medium=email&utm_campaign=post_purchase_upsell&utm_content=upsell_suggestion_3,,,high,Milan,Italy,Europe,,,,,,,,,,5.90411,low,https://homefans.com/product/derby-della-madonnina-ac-milan-v-internazionale/
1,Alianza Lima Matchday Experien…,Lima 42K Marathon and Half Marathon 21K – Run the Pacific Coast of Peru,geo_destination_fill_same_city,approved_geo_fill_same_city,0,same_city,98,5.830137,2,2,2026-03-31,2,Alianza Lima Matchday Experience at Estadio Matute,https://homefans.com/product/alianza-lima-immersive-tour-experience-at-estadio-matute/,high,Lima,Peru,South America,,2026-03-31,3,5.830137,Lima 42K Marathon and Half Marathon 21K – Run the Pacific Coast of Peru,https://homefans.com/product/lima-42k-marathon-run-the-pacific-coast-of-peru/?utm_source=klaviyo&utm_medium=email&utm_campaign=post_purchase_upsell&utm_content=upsell_suggestion_1,,,high,Lima,Peru,South America,,,,,,,,,,5.830137,low,https://homefans.com/product/lima-42k-marathon-run-the-pacific-coast-of-peru/
2,Alianza Lima Matchday Experien…,Sport Boys Matchday Experience at Estadio Miguel Grau,geo_destination_fill_same_city,approved_geo_fill_same_city,0,same_city,98,3.915069,2,2,2026-03-31,2,Alianza Lima Matchday Experience at Estadio Matute,https://homefans.com/product/alianza-lima-immersive-tour-experience-at-estadio-matute/,high,Lima,Peru,South America,,2026-03-30,2,3.915069,Sport Boys Matchday Experience at Estadio Miguel Grau,https://homefans.com/product/sport-boys-matchday-experience-at-estadio-miguel-grau/?utm_source=klaviyo&utm_medium=email&utm_campaign=post_purchase_upsell&utm_content=upsell_suggestion_2,,,high,Lima,Peru,South America,,,,,,,,,,3.915069,low,https://homefans.com/product/sport-boys-matchday-experience-at-estadio-miguel-grau/
3,Alianza Lima Matchday Experien…,Enjoy an Alianza Lima game all included with a local guide,geo_destination_fill_same_city,approved_geo_fill_same_city,0,same_city,98,1.408219,2,2,2026-03-31,2,Alianza Lima Matchday Experience at Estadio Matute,https://homefans.com/product/alianza-lima-immersive-tour-experience-at-estadio-matute/,high,Lima,Peru,South America,,2025-09-09,1,1.408219,Enjoy an Alianza Lima game all included with a local guide,https://homefans.com/product/enjoy-an-alianza-lima-game-all-included-with-a-local-guide/?utm_source=klaviyo&utm_medium=email&utm_campaign=post_purchase_upsell&utm_content=upsell_suggestion_3,,,high,Lima,Peru,South America,,,,,,,,,,1.408219,low,https://homefans.com/product/enjoy-an-alianza-lima-game-all-included-with-a-local-guide/
1,Argentina National Team Experi…,Boca Juniors Matchday Like a Local at La Bombonera – Long Side Seats with Transport,geo_destination_fill_same_country,approved_geo_fill_same_country,1,same_country,99,297.326031,2,2,2026-03-30,2,,,,,Argentina,South America,,2026-04-13,185,297.326031,Boca Juniors Matchday Like a Local at La Bombonera – Long Side Seats with Transport,https://homefans.com/product/boca-juniors-matchday-experience-4/?utm_source=klaviyo&utm_medium=email&utm_campaign=post_purchase_upsell&utm_content=upsell_suggestion_1,,,high,Buenos Aires,Argentina,South America,,,,,,,,,,297.326031,low,https://homefans.com/product/boca-juniors-matchday-experience-4/
2,Argentina National Team Experi…,Experience River Plate Matchday like a local at El Monumental – Shortside Seats,geo_destination_fill_same_country,approved_geo_fill_same_country,1,same_country,99,200.791785,2,2,2026-03-30,2,,,,,Argentina,South America,,2026-04-13,128,200.791785,Experience River Plate Matchday like a local at El Monumental – Shortside Seats,https://homefans.com/product/river-plate-matchday-experience/?utm_source=klaviyo&utm_medium=email&utm_campaign=post_purchase_upsell&utm_content=upsell_suggestion_2,,,high,Buenos Aires,Argentina,South America,,,,,,,,,,200.791785,low,https://homefans.com/product/river-plate-matchday-experience/
3,Argentina National Team Experi…,Boca Juniors Popular Matchday Experience (Standing Section),geo_destination_fill_same_country,approved_geo_fill_same_country,1,same_country,99,137.657534,2,2,2026-03-30,2,,,,,Argentina,South America,,2026-04-05,86,137.657534,Boca Juniors Popular Matchday Experience (Standing Section),https://homefans.com/product/boca-juniors-matchday-experience/?utm_source=klaviyo&utm_medium=email&utm_campaign=post_purchase_upsell&utm_content=upsell_suggestion_3,,,high,Buenos Aires,Argentina,South America,,,,,,,,,,137.657534,low,https://homefans.com/product/boca-juniors-matchday-experience/
3,Argentinos Jrs Matchday Experi…,Boca Juniors Matchday Like a Local at La Bombonera – Long Side Seats with Transport,geo_destination_fill_same_city,approved_geo_fill_same_city,0,same_city,98,297.326031,2,2,2025-11-04,2,Argentinos Juniors Matchday Experience & Museum tour,https://homefans.com/product/diego-armando-maradona-stadium-behind-the-scenes-matchday-experience/,medium,Buenos Aires,Argentina,South America,,2026-04-13,185,297.326031,Boca Juniors Matchday Like a Local at La Bombonera – Long Side Seats with Transport,https://homefans.com/product/boca-juniors-matchday-experience-4/?utm_source=klaviyo&utm_medium=email&utm_campaign=post_purchase_upsell&utm_content=upsell_suggestion_3,,,high,Buenos Aires,Argentina,South America,,,,,,,,,,297.326031,low,https://homefans.com/product/boca-juniors-matchday-experience-4/
1,Athletic Bilbao Matchday Exper…,The Basque Derby: Athletic Bilbao vs Real Sociedad,geo_destination_fill_same_city,approved_geo_fill_same_city,0,same_city,98,3.372603,2,3,2026-03-17,3,Athletic Bilbao Matchday Experience,https://homefans.com/product/athletic-bilbao-matchday-experience/,high,Bilbao,Spain,Europe,,2026-01-12,2,3.372603,The Basque Derby: Athletic Bilbao vs Real Sociedad,https://homefans.com/product/the-basque-derby-athletic-bilbao-vs-real-sociedad/?utm_source=klaviyo&utm_medium=email&utm_campaign=post_purchase_upsell&utm_content=upsell_suggestion_1,,,high,Bilbao,Spain,Europe,,,,,,,,,,3.372603,low,https://homefans.com/product/the-basque-derby-athletic-bilbao-vs-real-sociedad/
2,Athletic Bilbao Matchday Exper…,The Ultimate Bilbao Groundhopping Experience: 5 Stadiums + 1 Hidden Gem,geo_destination_fill_same_city,approved_geo_fill_same_city,0,same_city,98,1.778082,2,3,2026-03-17,3,Athletic Bilbao Matchday Experience,https://homefans.com/product/athletic-bilbao-matchday-experience/,high,Bilbao,Spain,Europe,,2026-01-22,1,1.778082,The Ultimate Bilbao Groundhopping Experience: 5 Stadiums + 1 Hidden Gem,https://homefans.com/product/where-football-was-forged-a-journey-through-bilbaos-historic-grounds/?utm_source=klaviyo&utm_medium=email&utm_campaign=post_purchase_upsell&utm_content=upsell_suggestion_2,,,high,Bilbao,Spain,Europe,,,,,,,,,,1.778082,low,https://homefans.com/product/where-football-was-forged-a-journey-through-bilbaos-historic-grounds/
3,Athletic Bilbao Matchday Exper…,Madrid: Real Madrid Bernabeu Stadium Tour with Tapas,geo_destination_fill_same_country,approved_geo_fill_same_country,1,same_country,99,27.079452,2,3,2026-03-17,3,Athletic Bilbao Matchday Experience,https://homefans.com/product/athletic-bilbao-matchday-experience/,high,Bilbao,Spain,Europe,,2026-04-13,18,27.079452,Madrid: Real Madrid Bernabeu Stadium Tour with Tapas,https://homefans.com/product/madrid-real-madrid-bernabeu-stadium-tour-with-tapas/?utm_source=klaviyo&utm_medium=email&utm_campaign=post_purchase_upsell&utm_content=upsell_suggestion_3,,,high,Madrid,Spain,Europe,,,,,,,,,,27.079452,low,https://homefans.com/product/madrid-real-madrid-bernabeu-stadium-tour-with-tapas/
1,Belgrade Red Star Basketball M…,The Eternal Derby: Red Star Belgrade v Partizan,geo_destination_fill_same_city,approved_geo_fill_same_city,0,same_city,98,33.663014,2,2,2026-02-15,2,Belgrade Red Star Basketball Match Experience,https://homefans.com/product/belgrade-red-star-basketball-match-experience/,high,Belgrade,Serbia,Europe,,2026-01-16,22,33.663014,The Eternal Derby: Red Star Belgrade v Partizan,https://homefans.com/product/belgrade-derby/?utm_source=klaviyo&utm_medium=email&utm_campaign=post_purchase_upsell&utm_content=upsell_suggestion_1,,,high,Belgrade,Serbia,Europe,,,,,,,,,,33.663014,low,https://homefans.com/product/belgrade-derby/
2,Belgrade Red Star Basketball M…,Partizan Matchday Experience with Local Host,geo_destination_fill_same_city,approved_geo_fill_same_city,0,same_city,98,16.389041,2,2,2026-02-15,2,Belgrade Red Star Basketball Match Experience,https://homefans.com/product/belgrade-red-star-basketball-match-experience/,high,Belgrade,Serbia,Europe,,2025-10-21,12,16.389041,Partizan Matchday Experience with Local Host,https://homefans.com/product/partizan-matchday-experience-with-local-host/?utm_source=klaviyo&utm_medium=email&utm_campaign=post_purchase_upsell&utm_content=upsell_suggestion_2,,,high,Belgrade,Serbia,Europe,,,,,,,,,,16.389041,low,https://homefans.com/product/partizan-matchday-experience-with-local-host/
3,Belgrade Red Star Basketball M…,Red Star Matchday Experience with a local,geo_destination_fill_same_city,approved_geo_fill_same_city,0,same_city,98,15.715069,2,2,2026-02-15,2,Belgrade Red Star Basketball Match Experience,https://homefans.com/product/belgrade-red-star-basketball-match-experience/,high,Belgrade,Serbia,Europe,,2026-04-10,10,15.715069,Red Star Matchday Experience with a local,https://homefans.com/product/red-star-matchday-experience/?utm_source=klaviyo&utm_medium=email&utm_campaign=post_purchase_upsell&utm_content=upsell_suggestion_3,,,high,Belgrade,Serbia,Europe,,,,,,,,,,15.715069,low,https://homefans.com/product/red-star-matchday-experience/
1,Budapest Derby: Ferencvárosi v…,Experience San Siro like a true Local: AC Milan matchday experience,geo_destination_fill_same_continent,approved_geo_fill_same_continent,3,same_continent,101,82.632875,2,2,2025-12-26,2,Budapest Derby: Ferencvárosi v Újpest,https://homefans.com/product/budapest-derby-ferencvarosi-v-ujpest-2/,high,Budapest,Hungary,Europe,,2026-04-07,51,82.632875,Experience San Siro like a true Local: AC Milan matchday experience,https://homefans.com/product/experience-ac-milan-live-at-san-siro/?utm_source=klaviyo&utm_medium=email&utm_campaign=post_purchase_upsell&utm_content=upsell_suggestion_1,,,high,Milan,Italy,Europe,,,,,,,,,,82.632875,low,https://homefans.com/product/experience-ac-milan-live-at-san-siro/
2,Budapest Derby: Ferencvárosi v…,SSC Napoli Matchday Experience with Maradona Tour,geo_destination_fill_same_continent,approved_geo_fill_same_continent,3,same_continent,101,71.131504,2,2,2025-12-26,2,Budapest Derby: Ferencvárosi v Újpest,https://homefans.com/product/budapest-derby-ferencvarosi-v-ujpest-2/,high,Budapest,Hungary,Europe,,2026-03-25,49,71.131504,SSC Napoli Matchday Experience with Maradona Tour,https://homefans.com/product/ssc-napoli-football-and-maradona-experience/?utm_source=klaviyo&utm_medium=email&utm_campaign=post_purchase_upsell&utm_content=upsell_suggestion_2,,,high,Naples,Italy,Europe,,,,,,,,,,71.131504,low,https://homefans.com/product/ssc-napoli-football-and-maradona-experience/
3,Budapest Derby: Ferencvárosi v…,Fenerbahçe Matchday Experience,geo_destination_fill_same_continent,approved_geo_fill_same_continent,3,same_continent,101,69.854798,2,2,2025-12-26,2,Budapest Derby: Ferencvárosi v Újpest,https://homefans.com/product/budapest-derby-ferencvarosi-v-ujpest-2/,high,Budapest,Hungary,Europe,,2026-04-07,45,69.854798,Fenerbahçe Matchday Experience,https://homefans.com/product/fenerbahce-matchday-experience/?utm_source=klaviyo&utm_medium=email&utm_campaign=post_purchase_upsell&utm_content=upsell_suggestion_3,,,high,Istanbul,Turkey,Europe,,,,,,,,,,69.854798,low,https://homefans.com/product/fenerbahce-matchday-experience/
3,Buenos Aires: Discover Buenos…,Boca Juniors Matchday Like a Local at La Bombonera – Long Side Seats with Transport,geo_destination_fill_same_city,approved_geo_fill_same_city,0,same_city,98,297.326031,2,2,2025-11-13,2,Buenos Aires: Discover Buenos Aires’ Football Legacy by bike,https://homefans.com/product/murals-of-buenos-aires-the-spirit-of-football-on-the-streets/,high,Buenos Aires,Argentina,South America,,2026-04-13,185,297.326031,Boca Juniors Matchday Like a Local at La Bombonera – Long Side Seats with Transport,https://homefans.com/product/boca-juniors-matchday-experience-4/?utm_source=klaviyo&utm_medium=email&utm_campaign=post_purchase_upsell&utm_content=upsell_suggestion_3,,,high,Buenos Aires,Argentina,South America,,,,,,,,,,297.326031,low,https://homefans.com/product/boca-juniors-matchday-experience-4/
1,Cartagena Match Day Experience,Atletico Nacional Matchday Experience (Medellin),geo_destination_fill_same_country,approved_geo_fill_same_country,1,same_country,99,50.336985,2,2,2026-03-20,2,Cartagena Match Day Experience,https://homefans.com/product/cartagena-match-day-experience/,high,Cartagena,Colombia,South America,,2026-03-29,33,50.336985,Atletico Nacional Matchday Experience (Medellin),https://homefans.com/product/atleticonacional-football-tour/?utm_source=klaviyo&utm_medium=email&utm_campaign=post_purchase_upsell&utm_content=upsell_suggestion_1,,,high,Medellín,Colombia,South America,,,,,,,,,,50.336985,low,https://homefans.com/product/atleticonacional-football-tour/
2,Cartagena Match Day Experience,Independiente Medellin Matchday Experience,geo_destination_fill_same_country,approved_geo_fill_same_country,1,same_country,99,17.312329,2,2,2026-03-20,2,Cartagena Match Day Experience,https://homefans.com/product/cartagena-match-day-experience/,high,Cartagena,Colombia,South America,,2026-04-08,12,17.312329,Independiente Medellin Matchday Experience,https://homefans.com/product/independiente-medellin-matchday-experience-2/?utm_source=klaviyo&utm_medium=email&utm_campaign=post_purchase_upsell&utm_content=upsell_suggestion_2,,,high,Medellín,Colombia,South America,,,,,,,,,,17.312329,low,https://homefans.com/product/independiente-medellin-matchday-experience-2/
3,Cartagena Match Day Experience,Millonarios Football Tour Matchday Experience,geo_destination_fill_same_country,approved_geo_fill_same_country,1,same_country,99,8.38904,2,2,2026-03-20,2,Cartagena Match Day Experience,https://homefans.com/product/cartagena-match-day-experience/,high,Cartagena,Colombia,South America,,2026-02-28,6,8.38904,Millonarios Football Tour Matchday Experience,https://homefans.com/product/millonarios-matchday-experience/?utm_source=klaviyo&utm_medium=email&utm_campaign=post_purchase_upsell&utm_content=upsell_suggestion_3,,,high,Bogotá,Colombia,South America,,,,,,,,,,8.38904,low,https://homefans.com/product/millonarios-matchday-experience/
2,Charlton Athletic Matchday Exp…,Fulham Matchday Experience,geo_destination_fill_same_city,approved_geo_fill_same_city,0,same_city,98,5.882192,2,2,2025-11-25,2,"Charlton Athletic Matchday Experience – The Valley, London",https://homefans.com/product/charlton-athletic-matchday-experience-the-valley-london/,high,London,United Kingdom,Europe,,2026-04-07,3,5.882192,Fulham Matchday Experience,https://homefans.com/product/watch-live-fulham-at-craven-cottage/?utm_source=klaviyo&utm_medium=email&utm_campaign=post_purchase_upsell&utm_content=upsell_suggestion_2,,,high,London,United Kingdom,Europe,,,,,,,,,,5.882192,low,https://homefans.com/product/watch-live-fulham-at-craven-cottage/
3,Charlton Athletic Matchday Exp…,London: The West Ham United Experience,geo_destination_fill_same_city,approved_geo_fill_same_city,0,same_city,98,5.339727,2,2,2025-11-25,2,"Charlton Athletic Matchday Experience – The Valley, London",https://homefans.com/product/charlton-athletic-matchday-experience-the-valley-london/,high,London,United Kingdom,Europe,,2026-02-15,3,5.339727,London: The West Ham United Experience,https://homefans.com/product/the-west-ham-experience/?utm_source=klaviyo&utm_medium=email&utm_campaign=post_purchase_upsell&utm_content=upsell_suggestion_3,,,high,London,United Kingdom,Europe,,,,,,,,,,5.339727,low,https://homefans.com/product/the-west-ham-experience/
1,Eintracht Frankfurt Matchday -…,FC Köln Matchday experience with a local,geo_destination_fill_same_country,approved_geo_fill_same_country,1,same_country,99,13.638358,2,2,2026-03-17,2,Eintracht Frankfurt Matchday – Experience the City’s Culture with a Local Fan,https://homefans.com/product/eintracht-frankfurt-matchday-experience-the-citys-culture-with-a-local-fan/,high,Frankfurt,Germany,Europe,,2026-01-09,9,13.638358,FC Köln Matchday experience with a local,https://homefans.com/product/1-fc-koln-matchday-experience-with-a-local/?utm_source=klaviyo&utm_medium=email&utm_campaign=post_purchase_upsell&utm_content=upsell_suggestion_1,,,high,Cologne,Germany,Europe,,,,,,,,,,13.638358,low,https://homefans.com/product/1-fc-koln-matchday-experience-with-a-local/
2,Eintracht Frankfurt Matchday -…,Fortuna Düsseldorf Match & Beer Tour Experience,geo_destination_fill_same_country,approved_geo_fill_same_country,1,same_country,99,7.928768,2,2,2026-03-17,2,Eintracht Frankfurt Matchday – Experience the City’s Culture with a Local Fan,https://homefans.com/product/eintracht-frankfurt-matchday-experience-the-citys-culture-with-a-local-fan/,high,Frankfurt,Germany,Europe,,2026-02-13,5,7.928768,Fortuna Düsseldorf Match & Beer Tour Experience,https://homefans.com/product/fortuna-dusseldorf-match-beer-tour-experience/?utm_source=klaviyo&utm_medium=email&utm_campaign=post_purchase_upsell&utm_content=upsell_suggestion_2,,,high,Dusseldorf,Germany,Europe,,,,,,,,,,7.928768,low,https://homefans.com/product/fortuna-dusseldorf-match-beer-tour-experience/
3,Eintracht Frankfurt Matchday -…,Union Berlin Pre-Matchday – Feel the Bundesliga Spirit at Alten Försterei,geo_destination_fill_same_country,approved_geo_fill_same_country,1,same_country,99,2.791781,2,2,2026-03-17,2,Eintracht Frankfurt Matchday – Experience the City’s Culture with a Local Fan,https://homefans.com/product/eintracht-frankfurt-matchday-experience-the-citys-culture-with-a-local-fan/,high,Frankfurt,Germany,Europe,,2025-09-07,2,2.791781,Union Berlin Pre-Matchday – Feel the Bundesliga Spirit at Alten Försterei,https://homefans.com/product/union-berlin-pre-matchday-feel-the-bundesliga-spirit-at-alten-forsterei/?utm_source=klaviyo&utm_medium=email&utm_campaign=post_purchase_upsell&utm_content=upsell_suggestion_3,,,high,Berlin,Germany,Europe,,,,,,,,,,2.791781,low,https://homefans.com/product/union-berlin-pre-matchday-feel-the-bundesliga-spirit-at-alten-forsterei/
1,El Gran Derbi: Real Betis v Se…,Real Betis: Enjoy a Matchday Experience in Sevilla with a local,geo_destination_fill_same_city,approved_geo_fill_same_city,0,same_city,98,6.50411,2,3,2025-12-04,3,El Gran Derbi: Real Betis v Sevilla,https://homefans.com/product/betis-sevilla/,high,Sevilla,Spain,Europe,,2025-12-29,4,6.50411,Real Betis: Enjoy a Matchday Experience in Sevilla with a local,https://homefans.com/product/sevilla-join-a-matchday-in-sevilla-with-a-local/?utm_source=klaviyo&utm_medium=email&utm_campaign=post_purchase_upsell&utm_content=upsell_suggestion_1,,,high,Sevilla,Spain,Europe,,,,,,,,,,6.50411,low,https://homefans.com/product/sevilla-join-a-matchday-in-sevilla-with-a-local/
2,El Gran Derbi: Real Betis v Se…,Seville Football Experience –  Sevilla FC or Real Betis,geo_destination_fill_same_city,approved_geo_fill_same_city,0,same_city,98,3.720548,2,3,2025-12-04,3,El Gran Derbi: Real Betis v Sevilla,https://homefans.com/product/betis-sevilla/,high,Sevilla,Spain,Europe,,2026-02-23,2,3.720548,Seville Football Experience –  Sevilla FC or Real Betis,https://homefans.com/product/seville-football-experience-sevilla-fc-or-real-betis/?utm_source=klaviyo&utm_medium=email&utm_campaign=post_purchase_upsell&utm_content=upsell_suggestion_2,,,high,Sevilla,Spain,Europe,,,,,,,,,,3.720548,low,https://homefans.com/product/seville-football-experience-sevilla-fc-or-real-betis/
3,El Gran Derbi: Real Betis v Se…,Madrid: Real Madrid Bernabeu Stadium Tour with Tapas,geo_destination_fill_same_country,approved_geo_fill_same_country,1,same_country,99,27.079452,2,3,2025-12-04,3,El Gran Derbi: Real Betis v Sevilla,https://homefans.com/product/betis-sevilla/,high,Sevilla,Spain,Europe,,2026-04-13,18,27.079452,Madrid: Real Madrid Bernabeu Stadium Tour with Tapas,https://homefans.com/product/madrid-real-madrid-bernabeu-stadium-tour-with-tapas/?utm_source=klaviyo&utm_medium=email&utm_campaign=post_purchase_upsell&utm_content=upsell_suggestion_3,,,high,Madrid,Spain,Europe,,,,,,,,,,27.079452,low,https://homefans.com/product/madrid-real-madrid-bernabeu-stadium-tour-with-tapas/
1,Exclusive Boca Juniors Experie…,Boca Juniors Matchday Like a Local at La Bombonera – Long Side Seats with Transport,geo_destination_fill_same_city,approved_geo_fill_same_city,0,same_city,98,297.326031,2,2,2026-03-15,2,Exclusive Boca Juniors Experience | Premium Seats & Door-to-Door Transfer,https://homefans.com/product/exclusive-boca-juniors-experience-premium-seats-door-to-door-transfer/,high,Buenos Aires,Argentina,South America,,2026-04-13,185,297.326031,Boca Juniors Matchday Like a Local at La Bombonera – Long Side Seats with Transport,https://homefans.com/product/boca-juniors-matchday-experience-4/?utm_source=klaviyo&utm_medium=email&utm_campaign=post_purchase_upsell&utm_content=upsell_suggestion_1,,,high,Buenos Aires,Argentina,South America,,,,,,,,,,297.326031,low,https://homefans.com/product/boca-juniors-matchday-experience-4/
2,Exclusive Boca Juniors Experie…,Experience River Plate Matchday like a local at El Monumental – Shortside Seats,geo_destination_fill_same_city,approved_geo_fill_same_city,0,same_city,98,200.791785,2,2,2026-03-15,2,Exclusive Boca Juniors Experience | Premium Seats & Door-to-Door Transfer,https://homefans.com/product/exclusive-boca-juniors-experience-premium-seats-door-to-door-transfer/,high,Buenos Aires,Argentina,South America,,2026-04-13,128,200.791785,Experience River Plate Matchday like a local at El Monumental – Shortside Seats,https://homefans.com/product/river-plate-matchday-experience/?utm_source=klaviyo&utm_medium=email&utm_campaign=post_purchase_upsell&utm_content=upsell_suggestion_2,,,high,Buenos Aires,Argentina,South America,,,,,,,,,,200.791785,low,https://homefans.com/product/river-plate-matchday-experience/
3,Exclusive Boca Juniors Experie…,Boca Juniors Popular Matchday Experience (Standing Section),geo_destination_fill_same_city,approved_geo_fill_same_city,0,same_city,98,137.657534,2,2,2026-03-15,2,Exclusive Boca Juniors Experience | Premium Seats & Door-to-Door Transfer,https://homefans.com/product/exclusive-boca-juniors-experience-premium-seats-door-to-door-transfer/,high,Buenos Aires,Argentina,South America,,2026-04-05,86,137.657534,Boca Juniors Popular Matchday Experience (Standing Section),https://homefans.com/product/boca-juniors-matchday-experience/?utm_source=klaviyo&utm_medium=email&utm_campaign=post_purchase_upsell&utm_content=upsell_suggestion_3,,,high,Buenos Aires,Argentina,South America,,,,,,,,,,137.657534,low,https://homefans.com/product/boca-juniors-matchday-experience/
1,Extra Night Stay,Paris Saint Germain Matchday Experience (Long Side Upper),geo_destination_fill_same_country,approved_geo_fill_same_country,1,same_country,99,13.632876,2,2,2026-03-30,2,Extra Night Stay,https://homefans.com/product/extra-night-stay/,high,,France,Europe,,2026-04-08,8,13.632876,Paris Saint Germain Matchday Experience (Long Side Upper),https://homefans.com/product/ultimate-paris-matchday-experience-psg/?utm_source=klaviyo&utm_medium=email&utm_campaign=post_purchase_upsell&utm_content=upsell_suggestion_1,,,high,Paris,France,Europe,,,,,,,,,,13.632876,low,https://homefans.com/product/ultimate-paris-matchday-experience-psg/
2,Extra Night Stay,Olympique Marseille Matchday Experience,geo_destination_fill_same_country,approved_geo_fill_same_country,1,same_country,99,3.545206,2,2,2026-03-30,2,Extra Night Stay,https://homefans.com/product/extra-night-stay/,high,,France,Europe,,2026-02-11,2,3.545206,Olympique Marseille Matchday Experience,https://homefans.com/product/olympique-marseille-matchday-experience/?utm_source=klaviyo&utm_medium=email&utm_campaign=post_purchase_upsell&utm_content=upsell_suggestion_2,,,high,Marseille,France,Europe,,,,,,,,,,3.545206,low,https://homefans.com/product/olympique-marseille-matchday-experience/
3,Extra Night Stay,Le Classique: Paris Saint Germain v Olympique Marseille,geo_destination_fill_same_country,approved_geo_fill_same_country,1,same_country,99,1.643836,2,2,2026-03-30,2,Extra Night Stay,https://homefans.com/product/extra-night-stay/,high,,France,Europe,,2025-12-04,1,1.643836,Le Classique: Paris Saint Germain v Olympique Marseille,https://homefans.com/product/le-classique/?utm_source=klaviyo&utm_medium=email&utm_campaign=post_purchase_upsell&utm_content=upsell_suggestion_3,,,high,Paris,France,Europe,,,,,,,,,,1.643836,low,https://homefans.com/product/le-classique/
1,Hotel Upgrade 4*,Boca Juniors Matchday Like a Local at La Bombonera – Long Side Seats with Transport,geo_destination_fill_same_city,approved_geo_fill_same_city,0,same_city,98,297.326031,2,2,2025-09-09,2,Hotel Upgrade,https://homefans.com/product/hotel-upgrade/,high,Buenos Aires,Argentina,South America,,2026-04-13,185,297.326031,Boca Juniors Matchday Like a Local at La Bombonera – Long Side Seats with Transport,https://homefans.com/product/boca-juniors-matchday-experience-4/?utm_source=klaviyo&utm_medium=email&utm_campaign=post_purchase_upsell&utm_content=upsell_suggestion_1,,,high,Buenos Aires,Argentina,South America,,,,,,,,,,297.326031,low,https://homefans.com/product/boca-juniors-matchday-experience-4/
2,Hotel Upgrade 4*,Experience River Plate Matchday like a local at El Monumental – Shortside Seats,geo_destination_fill_same_city,approved_geo_fill_same_city,0,same_city,98,200.791785,2,2,2025-09-09,2,Hotel Upgrade,https://homefans.com/product/hotel-upgrade/,high,Buenos Aires,Argentina,South America,,2026-04-13,128,200.791785,Experience River Plate Matchday like a local at El Monumental – Shortside Seats,https://homefans.com/product/river-plate-matchday-experience/?utm_source=klaviyo&utm_medium=email&utm_campaign=post_purchase_upsell&utm_content=upsell_suggestion_2,,,high,Buenos Aires,Argentina,South America,,,,,,,,,,200.791785,low,https://homefans.com/product/river-plate-matchday-experience/
3,Hotel Upgrade 4*,Boca Juniors Popular Matchday Experience (Standing Section),geo_destination_fill_same_city,approved_geo_fill_same_city,0,same_city,98,137.657534,2,2,2025-09-09,2,Hotel Upgrade,https://homefans.com/product/hotel-upgrade/,high,Buenos Aires,Argentina,South America,,2026-04-05,86,137.657534,Boca Juniors Popular Matchday Experience (Standing Section),https://homefans.com/product/boca-juniors-matchday-experience/?utm_source=klaviyo&utm_medium=email&utm_campaign=post_purchase_upsell&utm_content=upsell_suggestion_3,,,high,Buenos Aires,Argentina,South America,,,,,,,,,,137.657534,low,https://homefans.com/product/boca-juniors-matchday-experience/
1,Junior de Barranquilla Matchda…,Atletico Nacional Matchday Experience (Medellin),geo_destination_fill_same_country,approved_geo_fill_same_country,1,same_country,99,50.336985,2,2,2026-02-18,2,Junior de Barranquilla Matchday Experience,https://homefans.com/product/junior-de-barranquilla-match-day-experience/,high,Barranquilla,Colombia,South America,,2026-03-29,33,50.336985,Atletico Nacional Matchday Experience (Medellin),https://homefans.com/product/atleticonacional-football-tour/?utm_source=klaviyo&utm_medium=email&utm_campaign=post_purchase_upsell&utm_content=upsell_suggestion_1,,,high,Medellín,Colombia,South America,,,,,,,,,,50.336985,low,https://homefans.com/product/atleticonacional-football-tour/
2,Junior de Barranquilla Matchda…,Independiente Medellin Matchday Experience,geo_destination_fill_same_country,approved_geo_fill_same_country,1,same_country,99,17.312329,2,2,2026-02-18,2,Junior de Barranquilla Matchday Experience,https://homefans.com/product/junior-de-barranquilla-match-day-experience/,high,Barranquilla,Colombia,South America,,2026-04-08,12,17.312329,Independiente Medellin Matchday Experience,https://homefans.com/product/independiente-medellin-matchday-experience-2/?utm_source=klaviyo&utm_medium=email&utm_campaign=post_purchase_upsell&utm_content=upsell_suggestion_2,,,high,Medellín,Colombia,South America,,,,,,,,,,17.312329,low,https://homefans.com/product/independiente-medellin-matchday-experience-2/
3,Junior de Barranquilla Matchda…,Millonarios Football Tour Matchday Experience,geo_destination_fill_same_country,approved_geo_fill_same_country,1,same_country,99,8.38904,2,2,2026-02-18,2,Junior de Barranquilla Matchday Experience,https://homefans.com/product/junior-de-barranquilla-match-day-experience/,high,Barranquilla,Colombia,South America,,2026-02-28,6,8.38904,Millonarios Football Tour Matchday Experience,https://homefans.com/product/millonarios-matchday-experience/?utm_source=klaviyo&utm_medium=email&utm_campaign=post_purchase_upsell&utm_content=upsell_suggestion_3,,,high,Bogotá,Colombia,South America,,,,,,,,,,8.38904,low,https://homefans.com/product/millonarios-matchday-experience/
1,Lanús vs Atlético Mineiro – Co…,Boca Juniors Matchday Like a Local at La Bombonera – Long Side Seats with Transport,geo_destination_fill_same_country,approved_geo_fill_same_country,1,same_country,99,297.326031,2,2,2025-11-13,2,,,,Lanús,Argentina,South America,,2026-04-13,185,297.326031,Boca Juniors Matchday Like a Local at La Bombonera – Long Side Seats with Transport,https://homefans.com/product/boca-juniors-matchday-experience-4/?utm_source=klaviyo&utm_medium=email&utm_campaign=post_purchase_upsell&utm_content=upsell_suggestion_1,,,high,Buenos Aires,Argentina,South America,,,,,,,,,,297.326031,low,https://homefans.com/product/boca-juniors-matchday-experience-4/
2,Lanús vs Atlético Mineiro – Co…,Experience River Plate Matchday like a local at El Monumental – Shortside Seats,geo_destination_fill_same_country,approved_geo_fill_same_country,1,same_country,99,200.791785,2,2,2025-11-13,2,,,,Lanús,Argentina,South America,,2026-04-13,128,200.791785,Experience River Plate Matchday like a local at El Monumental – Shortside Seats,https://homefans.com/product/river-plate-matchday-experience/?utm_source=klaviyo&utm_medium=email&utm_campaign=post_purchase_upsell&utm_content=upsell_suggestion_2,,,high,Buenos Aires,Argentina,South America,,,,,,,,,,200.791785,low,https://homefans.com/product/river-plate-matchday-experience/
3,Lanús vs Atlético Mineiro – Co…,Boca Juniors Popular Matchday Experience (Standing Section),geo_destination_fill_same_country,approved_geo_fill_same_country,1,same_country,99,137.657534,2,2,2025-11-13,2,,,,Lanús,Argentina,South America,,2026-04-05,86,137.657534,Boca Juniors Popular Matchday Experience (Standing Section),https://homefans.com/product/boca-juniors-matchday-experience/?utm_source=klaviyo&utm_medium=email&utm_campaign=post_purchase_upsell&utm_content=upsell_suggestion_3,,,high,Buenos Aires,Argentina,South America,,,,,,,,,,137.657534,low,https://homefans.com/product/boca-juniors-matchday-experience/
1,Liga Deportiva Universitaria Q…,Watch Flamengo at Maracanã: Ticket + Matchday Experience with a Local!,geo_destination_fill_same_continent,approved_geo_fill_same_continent,3,same_continent,101,689.797273,2,2,2026-03-24,2,Liga Deportiva Universitaria Quito Matchday Experience,https://homefans.com/product/liga-deportiva-universitaria-matchday-experience/,high,Quito,Ecuador,South America,,2026-04-12,437,689.797273,Watch Flamengo at Maracanã: Ticket + Matchday Experience with a Local!,https://homefans.com/product/flamengo-live-at-maracana-stadium/?utm_source=klaviyo&utm_medium=email&utm_campaign=post_purchase_upsell&utm_content=upsell_suggestion_1,,,high,Rio de Janeiro,Brazil,South America,,,,,,,,,,689.797273,low,https://homefans.com/product/flamengo-live-at-maracana-stadium/
2,Liga Deportiva Universitaria Q…,See Fluminense like a local at Maracanã Stadium,geo_destination_fill_same_continent,approved_geo_fill_same_continent,3,same_continent,101,695.83289,2,2,2026-03-24,2,Liga Deportiva Universitaria Quito Matchday Experience,https://homefans.com/product/liga-deportiva-universitaria-matchday-experience/,high,Quito,Ecuador,South America,,2026-04-13,427,695.83289,See Fluminense like a local at Maracanã Stadium,https://homefans.com/product/watch-fluminense-live-at-maracana-stadium/?utm_source=klaviyo&utm_medium=email&utm_campaign=post_purchase_upsell&utm_content=upsell_suggestion_2,,,high,Rio de Janeiro,Brazil,South America,,,,,,,,,,695.83289,low,https://homefans.com/product/watch-fluminense-live-at-maracana-stadium/
3,Liga Deportiva Universitaria Q…,"⭐ Best Rated | Flamengo Matchday at Maracanã – Tickets, Pre Match Experience & Local Host",geo_destination_fill_same_continent,approved_geo_fill_same_continent,3,same_continent,101,308.391772,2,2,2026-03-24,2,Liga Deportiva Universitaria Quito Matchday Experience,https://homefans.com/product/liga-deportiva-universitaria-matchday-experience/,high,Quito,Ecuador,South America,,2026-04-13,187,308.391772,"⭐ Best Rated | Flamengo Matchday at Maracanã – Tickets, Pre Match Experience & Local Host",https://homefans.com/product/flamengo-match-day-experience-tour/?utm_source=klaviyo&utm_medium=email&utm_campaign=post_purchase_upsell&utm_content=upsell_suggestion_3,,,high,Rio de Janeiro,Brazil,South America,,,,,,,,,,308.391772,low,https://homefans.com/product/flamengo-match-day-experience-tour/
2,Match Day Experience - Veléz S…,Boca Juniors Matchday Like a Local at La Bombonera – Long Side Seats with Transport,geo_destination_fill_same_city,approved_geo_fill_same_city,0,same_city,98,297.326031,2,2,2026-01-08,2,"Match Day Experience – Veléz Sasfield, the Buenos Aires’ modern giant",https://homefans.com/product/velez-sarsfield-match-day-experience/,high,Buenos Aires,Argentina,South America,,2026-04-13,185,297.326031,Boca Juniors Matchday Like a Local at La Bombonera – Long Side Seats with Transport,https://homefans.com/product/boca-juniors-matchday-experience-4/?utm_source=klaviyo&utm_medium=email&utm_campaign=post_purchase_upsell&utm_content=upsell_suggestion_2,,,high,Buenos Aires,Argentina,South America,,,,,,,,,,297.326031,low,https://homefans.com/product/boca-juniors-matchday-experience-4/
3,Match Day Experience - Veléz S…,Experience River Plate Matchday like a local at El Monumental – Shortside Seats,geo_destination_fill_same_city,approved_geo_fill_same_city,0,same_city,98,200.791785,2,2,2026-01-08,2,"Match Day Experience – Veléz Sasfield, the Buenos Aires’ modern giant",https://homefans.com/product/velez-sarsfield-match-day-experience/,high,Buenos Aires,Argentina,South America,,2026-04-13,128,200.791785,Experience River Plate Matchday like a local at El Monumental – Shortside Seats,https://homefans.com/product/river-plate-matchday-experience/?utm_source=klaviyo&utm_medium=email&utm_campaign=post_purchase_upsell&utm_content=upsell_suggestion_3,,,high,Buenos Aires,Argentina,South America,,,,,,,,,,200.791785,low,https://homefans.com/product/river-plate-matchday-experience/
3,Matchday and Street Food Tour…,Istanbul Football Experience: Eyüpspor Matchday Experience,geo_destination_fill_same_city,approved_geo_fill_same_city,0,same_city,98,50.999998,2,2,2025-10-02,2,"Matchday and Street Food Tour with Beşiktaş, Galatasaray and Fenerbahce",https://homefans.com/product/matchday-and-street-food-tour-with-besiktas/,high,Istanbul,Turkey,Europe,,2026-04-12,33,50.999998,Istanbul Football Experience: Eyüpspor Matchday Experience,https://homefans.com/product/istanbul-football-experience-eyupspor-matchday-experience/?utm_source=klaviyo&utm_medium=email&utm_campaign=post_purchase_upsell&utm_content=upsell_suggestion_3,,,medium,Istanbul,Turkey,Europe,,,,,,,,,,50.999998,low,https://homefans.com/product/istanbul-football-experience-eyupspor-matchday-experience/
1,Medellín Matchday Experience w…,Atletico Nacional Matchday Experience (Medellin),geo_destination_fill_same_city,approved_geo_fill_same_city,0,same_city,98,50.336985,2,2,2025-06-30,2,Independiente Medellin Matchday Experience,https://homefans.com/product/independiente-medellin-matchday-experience-2/,high,Medellín,Colombia,South America,,2026-03-29,33,50.336985,Atletico Nacional Matchday Experience (Medellin),https://homefans.com/product/atleticonacional-football-tour/?utm_source=klaviyo&utm_medium=email&utm_campaign=post_purchase_upsell&utm_content=upsell_suggestion_1,,,high,Medellín,Colombia,South America,,,,,,,,,,50.336985,low,https://homefans.com/product/atleticonacional-football-tour/
2,Medellín Matchday Experience w…,"Colombian Football Experience – Passion, Culture & Matchday Energy with Atletico Nacional",geo_destination_fill_same_city,approved_geo_fill_same_city,0,same_city,98,1.827397,2,2,2025-06-30,2,Independiente Medellin Matchday Experience,https://homefans.com/product/independiente-medellin-matchday-experience-2/,high,Medellín,Colombia,South America,,2026-02-09,1,1.827397,"Colombian Football Experience – Passion, Culture & Matchday Energy with Atletico Nacional",https://homefans.com/product/colombian-football-experience-passion-culture-matchday-energy-with-atletico-nacional/?utm_source=klaviyo&utm_medium=email&utm_campaign=post_purchase_upsell&utm_content=upsell_suggestion_2,,,high,Medellín,Colombia,South America,,,,,,,,,,1.827397,low,https://homefans.com/product/colombian-football-experience-passion-culture-matchday-energy-with-atletico-nacional/
3,Medellín Matchday Experience w…,Millonarios Football Tour Matchday Experience,geo_destination_fill_same_country,approved_geo_fill_same_country,1,same_country,99,8.38904,2,2,2025-06-30,2,Independiente Medellin Matchday Experience,https://homefans.com/product/independiente-medellin-matchday-experience-2/,high,Medellín,Colombia,South America,,2026-02-28,6,8.38904,Millonarios Football Tour Matchday Experience,https://homefans.com/product/millonarios-matchday-experience/?utm_source=klaviyo&utm_medium=email&utm_campaign=post_purchase_upsell&utm_content=upsell_suggestion_3,,,high,Bogotá,Colombia,South America,,,,,,,,,,8.38904,low,https://homefans.com/product/millonarios-matchday-experience/
2,Mexico City: Matchday Experien…,"Pumas UNAM Match Day Experience, Mexico City",geo_destination_fill_same_city,approved_geo_fill_same_city,0,same_city,98,9.120548,2,2,2025-10-13,2,"Club América Match Day Experience, México City",https://homefans.com/product/club-america-match-day-experience-mexico-city/,high,Mexico City,Mexico,North America,,2026-03-10,5,9.120548,"Pumas UNAM Match Day Experience, Mexico City",https://homefans.com/product/pumas-unam-match-day-experience-mexico-city/?utm_source=klaviyo&utm_medium=email&utm_campaign=post_purchase_upsell&utm_content=upsell_suggestion_2,,,high,Mexico City,Mexico,North America,,,,,,,,,,9.120548,low,https://homefans.com/product/pumas-unam-match-day-experience-mexico-city/
3,Mexico City: Matchday Experien…,Pumas UNAM Matchday: Local Roar at Olímpico Universitario,geo_destination_fill_same_city,approved_geo_fill_same_city,0,same_city,98,3.569863,2,2,2025-10-13,2,"Club América Match Day Experience, México City",https://homefans.com/product/club-america-match-day-experience-mexico-city/,high,Mexico City,Mexico,North America,,2026-02-04,2,3.569863,Pumas UNAM Matchday: Local Roar at Olímpico Universitario,https://homefans.com/product/pumas-unam-matchday-local-roar-at-olimpico-universitario/?utm_source=klaviyo&utm_medium=email&utm_campaign=post_purchase_upsell&utm_content=upsell_suggestion_3,,,high,Mexico City,Mexico,North America,,,,,,,,,,3.569863,low,https://homefans.com/product/pumas-unam-matchday-local-roar-at-olimpico-universitario/
3,Newell’s Old Boys Matchday in…,Boca Juniors Matchday Like a Local at La Bombonera – Long Side Seats with Transport,geo_destination_fill_same_country,approved_geo_fill_same_country,1,same_country,99,297.326031,2,2,2025-12-18,2,Newell’s Old Boys Matchday in Rosario,https://homefans.com/product/newells-matchday-in-rosario/,high,Rosario,Argentina,South America,,2026-04-13,185,297.326031,Boca Juniors Matchday Like a Local at La Bombonera – Long Side Seats with Transport,https://homefans.com/product/boca-juniors-matchday-experience-4/?utm_source=klaviyo&utm_medium=email&utm_campaign=post_purchase_upsell&utm_content=upsell_suggestion_3,,,high,Buenos Aires,Argentina,South America,,,,,,,,,,297.326031,low,https://homefans.com/product/boca-juniors-matchday-experience-4/
1,O'Classico: FC Porto vs Benfic…,Benfica Matchday Experience with Locals,geo_destination_fill_same_country,approved_geo_fill_same_country,1,same_country,99,6.358905,2,2,2025-09-24,2,,,,Porto,Portugal,Europe,,2025-11-30,4,6.358905,Benfica Matchday Experience with Locals,https://homefans.com/product/benfica-matchday-experience-with-local-fans/?utm_source=klaviyo&utm_medium=email&utm_campaign=post_purchase_upsell&utm_content=upsell_suggestion_1,,,high,Lisbon,Portugal,Europe,,,,,,,,,,6.358905,low,https://homefans.com/product/benfica-matchday-experience-with-local-fans/
2,O'Classico: FC Porto vs Benfic…,A night at Alvalade: Sporting CP Matchday Experience,geo_destination_fill_same_country,approved_geo_fill_same_country,1,same_country,99,1.956164,2,2,2025-09-24,2,,,,Porto,Portugal,Europe,,2026-03-28,1,1.956164,A night at Alvalade: Sporting CP Matchday Experience,https://homefans.com/product/a-night-at-alvalade-sporting-cp-matchday-experience/?utm_source=klaviyo&utm_medium=email&utm_campaign=post_purchase_upsell&utm_content=upsell_suggestion_2,,,high,Lisbon,Portugal,Europe,,,,,,,,,,1.956164,low,https://homefans.com/product/a-night-at-alvalade-sporting-cp-matchday-experience/
3,O'Classico: FC Porto vs Benfic…,Experience San Siro like a true Local: AC Milan matchday experience,geo_destination_fill_same_continent,approved_geo_fill_same_continent,3,same_continent,101,82.632875,2,2,2025-09-24,2,,,,Porto,Portugal,Europe,,2026-04-07,51,82.632875,Experience San Siro like a true Local: AC Milan matchday experience,https://homefans.com/product/experience-ac-milan-live-at-san-siro/?utm_source=klaviyo&utm_medium=email&utm_campaign=post_purchase_upsell&utm_content=upsell_suggestion_3,,,high,Milan,Italy,Europe,,,,,,,,,,82.632875,low,https://homefans.com/product/experience-ac-milan-live-at-san-siro/
1,Olympique Marseille Matchday E…,Paris Saint Germain Matchday Experience (Long Side Upper),geo_destination_fill_same_country,approved_geo_fill_same_country,1,same_country,99,13.632876,2,2,2026-02-11,2,Olympique Marseille Matchday Experience,https://homefans.com/product/olympique-marseille-matchday-experience/,high,Marseille,France,Europe,,2026-04-08,8,13.632876,Paris Saint Germain Matchday Experience (Long Side Upper),https://homefans.com/product/ultimate-paris-matchday-experience-psg/?utm_source=klaviyo&utm_medium=email&utm_campaign=post_purchase_upsell&utm_content=upsell_suggestion_1,,,high,Paris,France,Europe,,,,,,,,,,13.632876,low,https://homefans.com/product/ultimate-paris-matchday-experience-psg/
2,Olympique Marseille Matchday E…,Le Classique: Paris Saint Germain v Olympique Marseille,geo_destination_fill_same_country,approved_geo_fill_same_country,1,same_country,99,1.643836,2,2,2026-02-11,2,Olympique Marseille Matchday Experience,https://homefans.com/product/olympique-marseille-matchday-experience/,high,Marseille,France,Europe,,2025-12-04,1,1.643836,Le Classique: Paris Saint Germain v Olympique Marseille,https://homefans.com/product/le-classique/?utm_source=klaviyo&utm_medium=email&utm_campaign=post_purchase_upsell&utm_content=upsell_suggestion_2,,,high,Paris,France,Europe,,,,,,,,,,1.643836,low,https://homefans.com/product/le-classique/
3,Olympique Marseille Matchday E…,Experience San Siro like a true Local: AC Milan matchday experience,geo_destination_fill_same_continent,approved_geo_fill_same_continent,3,same_continent,101,82.632875,2,2,2026-02-11,2,Olympique Marseille Matchday Experience,https://homefans.com/product/olympique-marseille-matchday-experience/,high,Marseille,France,Europe,,2026-04-07,51,82.632875,Experience San Siro like a true Local: AC Milan matchday experience,https://homefans.com/product/experience-ac-milan-live-at-san-siro/?utm_source=klaviyo&utm_medium=email&utm_campaign=post_purchase_upsell&utm_content=upsell_suggestion_3,,,high,Milan,Italy,Europe,,,,,,,,,,82.632875,low,https://homefans.com/product/experience-ac-milan-live-at-san-siro/
2,Partizan Belgrade Matchday Exp…,The Eternal Derby: Red Star Belgrade v Partizan,geo_destination_fill_same_city,approved_geo_fill_same_city,0,same_city,98,33.663014,2,2,2025-12-05,2,Partizan Belgrade Matchday Experience,https://homefans.com/product/experience-a-partizan-home-game-in-belgrade/,high,Belgrade,Serbia,Europe,,2026-01-16,22,33.663014,The Eternal Derby: Red Star Belgrade v Partizan,https://homefans.com/product/belgrade-derby/?utm_source=klaviyo&utm_medium=email&utm_campaign=post_purchase_upsell&utm_content=upsell_suggestion_2,,,high,Belgrade,Serbia,Europe,,,,,,,,,,33.663014,low,https://homefans.com/product/belgrade-derby/
3,Partizan Belgrade Matchday Exp…,Partizan Matchday Experience with Local Host,geo_destination_fill_same_city,approved_geo_fill_same_city,0,same_city,98,16.389041,2,2,2025-12-05,2,Partizan Belgrade Matchday Experience,https://homefans.com/product/experience-a-partizan-home-game-in-belgrade/,high,Belgrade,Serbia,Europe,,2025-10-21,12,16.389041,Partizan Matchday Experience with Local Host,https://homefans.com/product/partizan-matchday-experience-with-local-host/?utm_source=klaviyo&utm_medium=email&utm_campaign=post_purchase_upsell&utm_content=upsell_suggestion_3,,,high,Belgrade,Serbia,Europe,,,,,,,,,,16.389041,low,https://homefans.com/product/partizan-matchday-experience-with-local-host/
1,Peñarol Matchday Experience –…,Club Nacional de Football – Official Matchday Experience,geo_destination_fill_same_city,approved_geo_fill_same_city,0,same_city,98,8.884932,2,2,2025-11-18,2,Club Atlético Peñarol: Matchday Experience,https://homefans.com/product/club-atletico-penarol-matchday-experience/,high,Montevideo,Uruguay,South America,,2025-11-23,6,8.884932,Club Nacional de Football – Official Matchday Experience,https://homefans.com/product/club-nacional-de-football-official-matchday-experience/?utm_source=klaviyo&utm_medium=email&utm_campaign=post_purchase_upsell&utm_content=upsell_suggestion_1,,,high,Montevideo,Uruguay,South America,,,,,,,,,,8.884932,low,https://homefans.com/product/club-nacional-de-football-official-matchday-experience/
2,Peñarol Matchday Experience –…,Watch Flamengo at Maracanã: Ticket + Matchday Experience with a Local!,geo_destination_fill_same_continent,approved_geo_fill_same_continent,3,same_continent,101,689.797273,2,2,2025-11-18,2,Club Atlético Peñarol: Matchday Experience,https://homefans.com/product/club-atletico-penarol-matchday-experience/,high,Montevideo,Uruguay,South America,,2026-04-12,437,689.797273,Watch Flamengo at Maracanã: Ticket + Matchday Experience with a Local!,https://homefans.com/product/flamengo-live-at-maracana-stadium/?utm_source=klaviyo&utm_medium=email&utm_campaign=post_purchase_upsell&utm_content=upsell_suggestion_2,,,high,Rio de Janeiro,Brazil,South America,,,,,,,,,,689.797273,low,https://homefans.com/product/flamengo-live-at-maracana-stadium/
3,Peñarol Matchday Experience –…,See Fluminense like a local at Maracanã Stadium,geo_destination_fill_same_continent,approved_geo_fill_same_continent,3,same_continent,101,695.83289,2,2,2025-11-18,2,Club Atlético Peñarol: Matchday Experience,https://homefans.com/product/club-atletico-penarol-matchday-experience/,high,Montevideo,Uruguay,South America,,2026-04-13,427,695.83289,See Fluminense like a local at Maracanã Stadium,https://homefans.com/product/watch-fluminense-live-at-maracana-stadium/?utm_source=klaviyo&utm_medium=email&utm_campaign=post_purchase_upsell&utm_content=upsell_suggestion_3,,,high,Rio de Janeiro,Brazil,South America,,,,,,,,,,695.83289,low,https://homefans.com/product/watch-fluminense-live-at-maracana-stadium/
1,Play Football in Rio de Janeir…,Watch Flamengo at Maracanã: Ticket + Matchday Experience with a Local!,geo_destination_fill_same_city,approved_geo_fill_same_city,0,same_city,98,689.797273,2,2,2026-04-11,2,Play Football in Rio de Janeiro with Locals,https://homefans.com/product/play-football-in-rio-de-janeiro-with-locals/,high,Rio de Janeiro,Brazil,South America,,2026-04-12,437,689.797273,Watch Flamengo at Maracanã: Ticket + Matchday Experience with a Local!,https://homefans.com/product/flamengo-live-at-maracana-stadium/?utm_source=klaviyo&utm_medium=email&utm_campaign=post_purchase_upsell&utm_content=upsell_suggestion_1,,,high,Rio de Janeiro,Brazil,South America,,,,,,,,,,689.797273,low,https://homefans.com/product/flamengo-live-at-maracana-stadium/
2,Play Football in Rio de Janeir…,See Fluminense like a local at Maracanã Stadium,geo_destination_fill_same_city,approved_geo_fill_same_city,0,same_city,98,695.83289,2,2,2026-04-11,2,Play Football in Rio de Janeiro with Locals,https://homefans.com/product/play-football-in-rio-de-janeiro-with-locals/,high,Rio de Janeiro,Brazil,South America,,2026-04-13,427,695.83289,See Fluminense like a local at Maracanã Stadium,https://homefans.com/product/watch-fluminense-live-at-maracana-stadium/?utm_source=klaviyo&utm_medium=email&utm_campaign=post_purchase_upsell&utm_content=upsell_suggestion_2,,,high,Rio de Janeiro,Brazil,South America,,,,,,,,,,695.83289,low,https://homefans.com/product/watch-fluminense-live-at-maracana-stadium/
3,Play Football in Rio de Janeir…,"⭐ Best Rated | Flamengo Matchday at Maracanã – Tickets, Pre Match Experience & Local Host",geo_destination_fill_same_city,approved_geo_fill_same_city,0,same_city,98,308.391772,2,2,2026-04-11,2,Play Football in Rio de Janeiro with Locals,https://homefans.com/product/play-football-in-rio-de-janeiro-with-locals/,high,Rio de Janeiro,Brazil,South America,,2026-04-13,187,308.391772,"⭐ Best Rated | Flamengo Matchday at Maracanã – Tickets, Pre Match Experience & Local Host",https://homefans.com/product/flamengo-match-day-experience-tour/?utm_source=klaviyo&utm_medium=email&utm_campaign=post_purchase_upsell&utm_content=upsell_suggestion_3,,,high,Rio de Janeiro,Brazil,South America,,,,,,,,,,308.391772,low,https://homefans.com/product/flamengo-match-day-experience-tour/
1,Private Car Round Transport,Boca Juniors Matchday Like a Local at La Bombonera – Long Side Seats with Transport,geo_destination_fill_same_city,approved_geo_fill_same_city,0,same_city,98,297.326031,2,2,2026-04-07,2,Private Car Round Transport,https://homefans.com/product/private-car-round-transport/,high,Buenos Aires,Argentina,South America,,2026-04-13,185,297.326031,Boca Juniors Matchday Like a Local at La Bombonera – Long Side Seats with Transport,https://homefans.com/product/boca-juniors-matchday-experience-4/?utm_source=klaviyo&utm_medium=email&utm_campaign=post_purchase_upsell&utm_content=upsell_suggestion_1,,,high,Buenos Aires,Argentina,South America,,,,,,,,,,297.326031,low,https://homefans.com/product/boca-juniors-matchday-experience-4/
2,Private Car Round Transport,Experience River Plate Matchday like a local at El Monumental – Shortside Seats,geo_destination_fill_same_city,approved_geo_fill_same_city,0,same_city,98,200.791785,2,2,2026-04-07,2,Private Car Round Transport,https://homefans.com/product/private-car-round-transport/,high,Buenos Aires,Argentina,South America,,2026-04-13,128,200.791785,Experience River Plate Matchday like a local at El Monumental – Shortside Seats,https://homefans.com/product/river-plate-matchday-experience/?utm_source=klaviyo&utm_medium=email&utm_campaign=post_purchase_upsell&utm_content=upsell_suggestion_2,,,high,Buenos Aires,Argentina,South America,,,,,,,,,,200.791785,low,https://homefans.com/product/river-plate-matchday-experience/
3,Private Car Round Transport,Boca Juniors Popular Matchday Experience (Standing Section),geo_destination_fill_same_city,approved_geo_fill_same_city,0,same_city,98,137.657534,2,2,2026-04-07,2,Private Car Round Transport,https://homefans.com/product/private-car-round-transport/,high,Buenos Aires,Argentina,South America,,2026-04-05,86,137.657534,Boca Juniors Popular Matchday Experience (Standing Section),https://homefans.com/product/boca-juniors-matchday-experience/?utm_source=klaviyo&utm_medium=email&utm_campaign=post_purchase_upsell&utm_content=upsell_suggestion_3,,,high,Buenos Aires,Argentina,South America,,,,,,,,,,137.657534,low,https://homefans.com/product/boca-juniors-matchday-experience/
1,Private transportation (Per Pe…,Watch Flamengo at Maracanã: Ticket + Matchday Experience with a Local!,geo_destination_fill_same_city,approved_geo_fill_same_city,0,same_city,98,689.797273,2,2,2026-02-21,2,Private transportation (Per Person),https://homefans.com/product/private-transportation-per-person/,high,Rio de Janeiro,Brazil,South America,,2026-04-12,437,689.797273,Watch Flamengo at Maracanã: Ticket + Matchday Experience with a Local!,https://homefans.com/product/flamengo-live-at-maracana-stadium/?utm_source=klaviyo&utm_medium=email&utm_campaign=post_purchase_upsell&utm_content=upsell_suggestion_1,,,high,Rio de Janeiro,Brazil,South America,,,,,,,,,,689.797273,low,https://homefans.com/product/flamengo-live-at-maracana-stadium/
2,Private transportation (Per Pe…,See Fluminense like a local at Maracanã Stadium,geo_destination_fill_same_city,approved_geo_fill_same_city,0,same_city,98,695.83289,2,2,2026-02-21,2,Private transportation (Per Person),https://homefans.com/product/private-transportation-per-person/,high,Rio de Janeiro,Brazil,South America,,2026-04-13,427,695.83289,See Fluminense like a local at Maracanã Stadium,https://homefans.com/product/watch-fluminense-live-at-maracana-stadium/?utm_source=klaviyo&utm_medium=email&utm_campaign=post_purchase_upsell&utm_content=upsell_suggestion_2,,,high,Rio de Janeiro,Brazil,South America,,,,,,,,,,695.83289,low,https://homefans.com/product/watch-fluminense-live-at-maracana-stadium/
3,Private transportation (Per Pe…,"⭐ Best Rated | Flamengo Matchday at Maracanã – Tickets, Pre Match Experience & Local Host",geo_destination_fill_same_city,approved_geo_fill_same_city,0,same_city,98,308.391772,2,2,2026-02-21,2,Private transportation (Per Person),https://homefans.com/product/private-transportation-per-person/,high,Rio de Janeiro,Brazil,South America,,2026-04-13,187,308.391772,"⭐ Best Rated | Flamengo Matchday at Maracanã – Tickets, Pre Match Experience & Local Host",https://homefans.com/product/flamengo-match-day-experience-tour/?utm_source=klaviyo&utm_medium=email&utm_campaign=post_purchase_upsell&utm_content=upsell_suggestion_3,,,high,Rio de Janeiro,Brazil,South America,,,,,,,,,,308.391772,low,https://homefans.com/product/flamengo-match-day-experience-tour/
2,Pumas UNAM Football Matchday E…,Pumas UNAM Matchday: Local Roar at Olímpico Universitario,geo_destination_fill_same_city,approved_geo_fill_same_city,0,same_city,98,3.569863,2,2,2025-10-17,2,"Pumas UNAM Match Day Experience, Mexico City",https://homefans.com/product/pumas-unam-match-day-experience-mexico-city/,manual,Mexico City,Mexico,North America,,2026-02-04,2,3.569863,Pumas UNAM Matchday: Local Roar at Olímpico Universitario,https://homefans.com/product/pumas-unam-matchday-local-roar-at-olimpico-universitario/?utm_source=klaviyo&utm_medium=email&utm_campaign=post_purchase_upsell&utm_content=upsell_suggestion_2,,,high,Mexico City,Mexico,North America,,,,,,,,,,3.569863,low,https://homefans.com/product/pumas-unam-matchday-local-roar-at-olimpico-universitario/
3,Pumas UNAM Football Matchday E…,Experience Teotihuacán from the Skies & Lunch at a Unique Football Spot,geo_destination_fill_same_city,approved_geo_fill_same_city,0,same_city,98,1.871233,2,2,2025-10-17,2,"Pumas UNAM Match Day Experience, Mexico City",https://homefans.com/product/pumas-unam-match-day-experience-mexico-city/,manual,Mexico City,Mexico,North America,,2026-02-25,1,1.871233,Experience Teotihuacán from the Skies & Lunch at a Unique Football Spot,https://homefans.com/product/experience-teotihuacan-from-the-skies-lunch-at-a-unique-football-spot/?utm_source=klaviyo&utm_medium=email&utm_campaign=post_purchase_upsell&utm_content=upsell_suggestion_3,,,high,Mexico City,Mexico,North America,,,,,,,,,,1.871233,low,https://homefans.com/product/experience-teotihuacan-from-the-skies-lunch-at-a-unique-football-spot/
1,Seville Football Experience -…,Real Betis: Enjoy a Matchday Experience in Sevilla with a local,geo_destination_fill_same_city,approved_geo_fill_same_city,0,same_city,98,6.50411,2,2,2026-02-23,2,Seville Football Experience –  Sevilla FC or Real Betis,https://homefans.com/product/seville-football-experience-sevilla-fc-or-real-betis/,high,Sevilla,Spain,Europe,,2025-12-29,4,6.50411,Real Betis: Enjoy a Matchday Experience in Sevilla with a local,https://homefans.com/product/sevilla-join-a-matchday-in-sevilla-with-a-local/?utm_source=klaviyo&utm_medium=email&utm_campaign=post_purchase_upsell&utm_content=upsell_suggestion_1,,,high,Sevilla,Spain,Europe,,,,,,,,,,6.50411,low,https://homefans.com/product/sevilla-join-a-matchday-in-sevilla-with-a-local/
2,Seville Football Experience -…,El Gran Derbi: Real Betis v Sevilla,geo_destination_fill_same_city,approved_geo_fill_same_city,0,same_city,98,4.742466,2,2,2026-02-23,2,Seville Football Experience –  Sevilla FC or Real Betis,https://homefans.com/product/seville-football-experience-sevilla-fc-or-real-betis/,high,Sevilla,Spain,Europe,,2025-12-04,3,4.742466,El Gran Derbi: Real Betis v Sevilla,https://homefans.com/product/betis-sevilla/?utm_source=klaviyo&utm_medium=email&utm_campaign=post_purchase_upsell&utm_content=upsell_suggestion_2,,,high,Sevilla,Spain,Europe,,,,,,,,,,4.742466,low,https://homefans.com/product/betis-sevilla/
3,Seville Football Experience -…,Madrid: Real Madrid Bernabeu Stadium Tour with Tapas,geo_destination_fill_same_country,approved_geo_fill_same_country,1,same_country,99,27.079452,2,2,2026-02-23,2,Seville Football Experience –  Sevilla FC or Real Betis,https://homefans.com/product/seville-football-experience-sevilla-fc-or-real-betis/,high,Sevilla,Spain,Europe,,2026-04-13,18,27.079452,Madrid: Real Madrid Bernabeu Stadium Tour with Tapas,https://homefans.com/product/madrid-real-madrid-bernabeu-stadium-tour-with-tapas/?utm_source=klaviyo&utm_medium=email&utm_campaign=post_purchase_upsell&utm_content=upsell_suggestion_3,,,high,Madrid,Spain,Europe,,,,,,,,,,27.079452,low,https://homefans.com/product/madrid-real-madrid-bernabeu-stadium-tour-with-tapas/
1,Sport Boys Matchday Experience…,Lima 42K Marathon and Half Marathon 21K – Run the Pacific Coast of Peru,geo_destination_fill_same_city,approved_geo_fill_same_city,0,same_city,98,5.830137,2,2,2026-03-30,2,Sport Boys Matchday Experience at Estadio Miguel Grau,https://homefans.com/product/sport-boys-matchday-experience-at-estadio-miguel-grau/,high,Lima,Peru,South America,,2026-03-31,3,5.830137,Lima 42K Marathon and Half Marathon 21K – Run the Pacific Coast of Peru,https://homefans.com/product/lima-42k-marathon-run-the-pacific-coast-of-peru/?utm_source=klaviyo&utm_medium=email&utm_campaign=post_purchase_upsell&utm_content=upsell_suggestion_1,,,high,Lima,Peru,South America,,,,,,,,,,5.830137,low,https://homefans.com/product/lima-42k-marathon-run-the-pacific-coast-of-peru/
2,Sport Boys Matchday Experience…,Alianza Lima Matchday Experience at Estadio Matute,geo_destination_fill_same_city,approved_geo_fill_same_city,0,same_city,98,3.613699,2,2,2026-03-30,2,Sport Boys Matchday Experience at Estadio Miguel Grau,https://homefans.com/product/sport-boys-matchday-experience-at-estadio-miguel-grau/,high,Lima,Peru,South America,,2026-03-31,2,3.613699,Alianza Lima Matchday Experience at Estadio Matute,https://homefans.com/product/alianza-lima-immersive-tour-experience-at-estadio-matute/?utm_source=klaviyo&utm_medium=email&utm_campaign=post_purchase_upsell&utm_content=upsell_suggestion_2,,,high,Lima,Peru,South America,,,,,,,,,,3.613699,low,https://homefans.com/product/alianza-lima-immersive-tour-experience-at-estadio-matute/
3,Sport Boys Matchday Experience…,Enjoy an Alianza Lima game all included with a local guide,geo_destination_fill_same_city,approved_geo_fill_same_city,0,same_city,98,1.408219,2,2,2026-03-30,2,Sport Boys Matchday Experience at Estadio Miguel Grau,https://homefans.com/product/sport-boys-matchday-experience-at-estadio-miguel-grau/,high,Lima,Peru,South America,,2025-09-09,1,1.408219,Enjoy an Alianza Lima game all included with a local guide,https://homefans.com/product/enjoy-an-alianza-lima-game-all-included-with-a-local-guide/?utm_source=klaviyo&utm_medium=email&utm_campaign=post_purchase_upsell&utm_content=upsell_suggestion_3,,,high,Lima,Peru,South America,,,,,,,,,,1.408219,low,https://homefans.com/product/enjoy-an-alianza-lima-game-all-included-with-a-local-guide/
1,Stadium Tour,Boca Juniors Matchday Like a Local at La Bombonera – Long Side Seats with Transport,geo_destination_fill_same_country,approved_geo_fill_same_country,1,same_country,99,297.326031,2,2,2025-10-13,2,Stadium Tour,https://homefans.com/product/stadium-tour-2/,high,,Argentina,South America,,2026-04-13,185,297.326031,Boca Juniors Matchday Like a Local at La Bombonera – Long Side Seats with Transport,https://homefans.com/product/boca-juniors-matchday-experience-4/?utm_source=klaviyo&utm_medium=email&utm_campaign=post_purchase_upsell&utm_content=upsell_suggestion_1,,,high,Buenos Aires,Argentina,South America,,,,,,,,,,297.326031,low,https://homefans.com/product/boca-juniors-matchday-experience-4/
2,Stadium Tour,Experience River Plate Matchday like a local at El Monumental – Shortside Seats,geo_destination_fill_same_country,approved_geo_fill_same_country,1,same_country,99,200.791785,2,2,2025-10-13,2,Stadium Tour,https://homefans.com/product/stadium-tour-2/,high,,Argentina,South America,,2026-04-13,128,200.791785,Experience River Plate Matchday like a local at El Monumental – Shortside Seats,https://homefans.com/product/river-plate-matchday-experience/?utm_source=klaviyo&utm_medium=email&utm_campaign=post_purchase_upsell&utm_content=upsell_suggestion_2,,,high,Buenos Aires,Argentina,South America,,,,,,,,,,200.791785,low,https://homefans.com/product/river-plate-matchday-experience/
3,Stadium Tour,Boca Juniors Popular Matchday Experience (Standing Section),geo_destination_fill_same_country,approved_geo_fill_same_country,1,same_country,99,137.657534,2,2,2025-10-13,2,Stadium Tour,https://homefans.com/product/stadium-tour-2/,high,,Argentina,South America,,2026-04-05,86,137.657534,Boca Juniors Popular Matchday Experience (Standing Section),https://homefans.com/product/boca-juniors-matchday-experience/?utm_source=klaviyo&utm_medium=email&utm_campaign=post_purchase_upsell&utm_content=upsell_suggestion_3,,,high,Buenos Aires,Argentina,South America,,,,,,,,,,137.657534,low,https://homefans.com/product/boca-juniors-matchday-experience/
2,The Basque Derby: Athletic Bil…,Athletic Bilbao Matchday Experience,geo_destination_fill_same_city,approved_geo_fill_same_city,0,same_city,98,5.408219,2,2,2026-01-12,2,The Basque Derby: Athletic Bilbao vs Real Sociedad,https://homefans.com/product/the-basque-derby-athletic-bilbao-vs-real-sociedad/,high,Bilbao,Spain,Europe,,2026-03-17,3,5.408219,Athletic Bilbao Matchday Experience,https://homefans.com/product/athletic-bilbao-matchday-experience/?utm_source=klaviyo&utm_medium=email&utm_campaign=post_purchase_upsell&utm_content=upsell_suggestion_2,,,high,Bilbao,Spain,Europe,,,,,,,,,,5.408219,low,https://homefans.com/product/athletic-bilbao-matchday-experience/
3,The Basque Derby: Athletic Bil…,Madrid: Real Madrid Bernabeu Stadium Tour with Tapas,geo_destination_fill_same_country,approved_geo_fill_same_country,1,same_country,99,27.079452,2,2,2026-01-12,2,The Basque Derby: Athletic Bilbao vs Real Sociedad,https://homefans.com/product/the-basque-derby-athletic-bilbao-vs-real-sociedad/,high,Bilbao,Spain,Europe,,2026-04-13,18,27.079452,Madrid: Real Madrid Bernabeu Stadium Tour with Tapas,https://homefans.com/product/madrid-real-madrid-bernabeu-stadium-tour-with-tapas/?utm_source=klaviyo&utm_medium=email&utm_campaign=post_purchase_upsell&utm_content=upsell_suggestion_3,,,high,Madrid,Spain,Europe,,,,,,,,,,27.079452,low,https://homefans.com/product/madrid-real-madrid-bernabeu-stadium-tour-with-tapas/
1,The Battle of Stockholm: Hamma…,Experience San Siro like a true Local: AC Milan matchday experience,geo_destination_fill_same_continent,approved_geo_fill_same_continent,3,same_continent,101,82.632875,2,2,2025-09-24,2,The Battle of Stockholm: Hammarby v Djurgården & AIK,https://homefans.com/product/the-battle-of-stockholm-hammarby-if-v-djurgarden/,high,Stockholm,Sweden,Europe,,2026-04-07,51,82.632875,Experience San Siro like a true Local: AC Milan matchday experience,https://homefans.com/product/experience-ac-milan-live-at-san-siro/?utm_source=klaviyo&utm_medium=email&utm_campaign=post_purchase_upsell&utm_content=upsell_suggestion_1,,,high,Milan,Italy,Europe,,,,,,,,,,82.632875,low,https://homefans.com/product/experience-ac-milan-live-at-san-siro/
2,The Battle of Stockholm: Hamma…,SSC Napoli Matchday Experience with Maradona Tour,geo_destination_fill_same_continent,approved_geo_fill_same_continent,3,same_continent,101,71.131504,2,2,2025-09-24,2,The Battle of Stockholm: Hammarby v Djurgården & AIK,https://homefans.com/product/the-battle-of-stockholm-hammarby-if-v-djurgarden/,high,Stockholm,Sweden,Europe,,2026-03-25,49,71.131504,SSC Napoli Matchday Experience with Maradona Tour,https://homefans.com/product/ssc-napoli-football-and-maradona-experience/?utm_source=klaviyo&utm_medium=email&utm_campaign=post_purchase_upsell&utm_content=upsell_suggestion_2,,,high,Naples,Italy,Europe,,,,,,,,,,71.131504,low,https://homefans.com/product/ssc-napoli-football-and-maradona-experience/
3,The Battle of Stockholm: Hamma…,Fenerbahçe Matchday Experience,geo_destination_fill_same_continent,approved_geo_fill_same_continent,3,same_continent,101,69.854798,2,2,2025-09-24,2,The Battle of Stockholm: Hammarby v Djurgården & AIK,https://homefans.com/product/the-battle-of-stockholm-hammarby-if-v-djurgarden/,high,Stockholm,Sweden,Europe,,2026-04-07,45,69.854798,Fenerbahçe Matchday Experience,https://homefans.com/product/fenerbahce-matchday-experience/?utm_source=klaviyo&utm_medium=email&utm_campaign=post_purchase_upsell&utm_content=upsell_suggestion_3,,,high,Istanbul,Turkey,Europe,,,,,,,,,,69.854798,low,https://homefans.com/product/fenerbahce-matchday-experience/
1,Ticket Upgrade,Boca Juniors Matchday Like a Local at La Bombonera – Long Side Seats with Transport,geo_destination_fill_same_city,approved_geo_fill_same_city,0,same_city,98,297.326031,2,2,2025-11-19,2,Ticket upgrade,https://homefans.com/product/ticket-upgrade-2/,high,Buenos Aires,Argentina,South America,,2026-04-13,185,297.326031,Boca Juniors Matchday Like a Local at La Bombonera – Long Side Seats with Transport,https://homefans.com/product/boca-juniors-matchday-experience-4/?utm_source=klaviyo&utm_medium=email&utm_campaign=post_purchase_upsell&utm_content=upsell_suggestion_1,,,high,Buenos Aires,Argentina,South America,,,,,,,,,,297.326031,low,https://homefans.com/product/boca-juniors-matchday-experience-4/
2,Ticket Upgrade,Experience River Plate Matchday like a local at El Monumental – Shortside Seats,geo_destination_fill_same_city,approved_geo_fill_same_city,0,same_city,98,200.791785,2,2,2025-11-19,2,Ticket upgrade,https://homefans.com/product/ticket-upgrade-2/,high,Buenos Aires,Argentina,South America,,2026-04-13,128,200.791785,Experience River Plate Matchday like a local at El Monumental – Shortside Seats,https://homefans.com/product/river-plate-matchday-experience/?utm_source=klaviyo&utm_medium=email&utm_campaign=post_purchase_upsell&utm_content=upsell_suggestion_2,,,high,Buenos Aires,Argentina,South America,,,,,,,,,,200.791785,low,https://homefans.com/product/river-plate-matchday-experience/
3,Ticket Upgrade,Boca Juniors Popular Matchday Experience (Standing Section),geo_destination_fill_same_city,approved_geo_fill_same_city,0,same_city,98,137.657534,2,2,2025-11-19,2,Ticket upgrade,https://homefans.com/product/ticket-upgrade-2/,high,Buenos Aires,Argentina,South America,,2026-04-05,86,137.657534,Boca Juniors Popular Matchday Experience (Standing Section),https://homefans.com/product/boca-juniors-matchday-experience/?utm_source=klaviyo&utm_medium=email&utm_campaign=post_purchase_upsell&utm_content=upsell_suggestion_3,,,high,Buenos Aires,Argentina,South America,,,,,,,,,,137.657534,low,https://homefans.com/product/boca-juniors-matchday-experience/
1,Union Berlin Pre-Matchday – Fe…,FC Köln Matchday experience with a local,geo_destination_fill_same_country,approved_geo_fill_same_country,1,same_country,99,13.638358,2,2,2025-09-07,2,Union Berlin Pre-Matchday – Feel the Bundesliga Spirit at Alten Försterei,https://homefans.com/product/union-berlin-pre-matchday-feel-the-bundesliga-spirit-at-alten-forsterei/,high,Berlin,Germany,Europe,,2026-01-09,9,13.638358,FC Köln Matchday experience with a local,https://homefans.com/product/1-fc-koln-matchday-experience-with-a-local/?utm_source=klaviyo&utm_medium=email&utm_campaign=post_purchase_upsell&utm_content=upsell_suggestion_1,,,high,Cologne,Germany,Europe,,,,,,,,,,13.638358,low,https://homefans.com/product/1-fc-koln-matchday-experience-with-a-local/
2,Union Berlin Pre-Matchday – Fe…,Fortuna Düsseldorf Match & Beer Tour Experience,geo_destination_fill_same_country,approved_geo_fill_same_country,1,same_country,99,7.928768,2,2,2025-09-07,2,Union Berlin Pre-Matchday – Feel the Bundesliga Spirit at Alten Försterei,https://homefans.com/product/union-berlin-pre-matchday-feel-the-bundesliga-spirit-at-alten-forsterei/,high,Berlin,Germany,Europe,,2026-02-13,5,7.928768,Fortuna Düsseldorf Match & Beer Tour Experience,https://homefans.com/product/fortuna-dusseldorf-match-beer-tour-experience/?utm_source=klaviyo&utm_medium=email&utm_campaign=post_purchase_upsell&utm_content=upsell_suggestion_2,,,high,Dusseldorf,Germany,Europe,,,,,,,,,,7.928768,low,https://homefans.com/product/fortuna-dusseldorf-match-beer-tour-experience/
3,Union Berlin Pre-Matchday – Fe…,Eintracht Frankfurt Matchday – Experience the City’s Culture with a Local Fan,geo_destination_fill_same_country,approved_geo_fill_same_country,1,same_country,99,3.79178,2,2,2025-09-07,2,Union Berlin Pre-Matchday – Feel the Bundesliga Spirit at Alten Försterei,https://homefans.com/product/union-berlin-pre-matchday-feel-the-bundesliga-spirit-at-alten-forsterei/,high,Berlin,Germany,Europe,,2026-03-17,2,3.79178,Eintracht Frankfurt Matchday – Experience the City’s Culture with a Local Fan,https://homefans.com/product/eintracht-frankfurt-matchday-experience-the-citys-culture-with-a-local-fan/?utm_source=klaviyo&utm_medium=email&utm_campaign=post_purchase_upsell&utm_content=upsell_suggestion_3,,,high,Frankfurt,Germany,Europe,,,,,,,,,,3.79178,low,https://homefans.com/product/eintracht-frankfurt-matchday-experience-the-citys-culture-with-a-local-fan/
1,2 Capitals: Buenos Aires & Mon…,Boca Juniors Matchday Like a Local at La Bombonera – Long Side Seats with Transport,geo_destination_fill_same_city,approved_geo_fill_same_city,0,same_city,98,297.326031,1,1,2025-07-31,1,2 Capitals: Buenos Aires & Montevideo,https://homefans.com/product/ultimate-south-america-buenos-aires-and-montevideo/,high,Buenos Aires,Argentina,South America,,2026-04-13,185,297.326031,Boca Juniors Matchday Like a Local at La Bombonera – Long Side Seats with Transport,https://homefans.com/product/boca-juniors-matchday-experience-4/?utm_source=klaviyo&utm_medium=email&utm_campaign=post_purchase_upsell&utm_content=upsell_suggestion_1,,,high,Buenos Aires,Argentina,South America,,,,,,,,,,297.326031,low,https://homefans.com/product/boca-juniors-matchday-experience-4/
2,2 Capitals: Buenos Aires & Mon…,Experience River Plate Matchday like a local at El Monumental – Shortside Seats,geo_destination_fill_same_city,approved_geo_fill_same_city,0,same_city,98,200.791785,1,1,2025-07-31,1,2 Capitals: Buenos Aires & Montevideo,https://homefans.com/product/ultimate-south-america-buenos-aires-and-montevideo/,high,Buenos Aires,Argentina,South America,,2026-04-13,128,200.791785,Experience River Plate Matchday like a local at El Monumental – Shortside Seats,https://homefans.com/product/river-plate-matchday-experience/?utm_source=klaviyo&utm_medium=email&utm_campaign=post_purchase_upsell&utm_content=upsell_suggestion_2,,,high,Buenos Aires,Argentina,South America,,,,,,,,,,200.791785,low,https://homefans.com/product/river-plate-matchday-experience/
3,2 Capitals: Buenos Aires & Mon…,Boca Juniors Popular Matchday Experience (Standing Section),geo_destination_fill_same_city,approved_geo_fill_same_city,0,same_city,98,137.657534,1,1,2025-07-31,1,2 Capitals: Buenos Aires & Montevideo,https://homefans.com/product/ultimate-south-america-buenos-aires-and-montevideo/,high,Buenos Aires,Argentina,South America,,2026-04-05,86,137.657534,Boca Juniors Popular Matchday Experience (Standing Section),https://homefans.com/product/boca-juniors-matchday-experience/?utm_source=klaviyo&utm_medium=email&utm_campaign=post_purchase_upsell&utm_content=upsell_suggestion_3,,,high,Buenos Aires,Argentina,South America,,,,,,,,,,137.657534,low,https://homefans.com/product/boca-juniors-matchday-experience/
1,A night at Alvalade: Sporting…,Benfica Matchday Experience with Locals,geo_destination_fill_same_city,approved_geo_fill_same_city,0,same_city,98,6.358905,1,1,2026-03-28,1,A night at Alvalade: Sporting CP Matchday Experience,https://homefans.com/product/a-night-at-alvalade-sporting-cp-matchday-experience/,high,Lisbon,Portugal,Europe,,2025-11-30,4,6.358905,Benfica Matchday Experience with Locals,https://homefans.com/product/benfica-matchday-experience-with-local-fans/?utm_source=klaviyo&utm_medium=email&utm_campaign=post_purchase_upsell&utm_content=upsell_suggestion_1,,,high,Lisbon,Portugal,Europe,,,,,,,,,,6.358905,low,https://homefans.com/product/benfica-matchday-experience-with-local-fans/
2,A night at Alvalade: Sporting…,Experience San Siro like a true Local: AC Milan matchday experience,geo_destination_fill_same_continent,approved_geo_fill_same_continent,3,same_continent,101,82.632875,1,1,2026-03-28,1,A night at Alvalade: Sporting CP Matchday Experience,https://homefans.com/product/a-night-at-alvalade-sporting-cp-matchday-experience/,high,Lisbon,Portugal,Europe,,2026-04-07,51,82.632875,Experience San Siro like a true Local: AC Milan matchday experience,https://homefans.com/product/experience-ac-milan-live-at-san-siro/?utm_source=klaviyo&utm_medium=email&utm_campaign=post_purchase_upsell&utm_content=upsell_suggestion_2,,,high,Milan,Italy,Europe,,,,,,,,,,82.632875,low,https://homefans.com/product/experience-ac-milan-live-at-san-siro/
3,A night at Alvalade: Sporting…,SSC Napoli Matchday Experience with Maradona Tour,geo_destination_fill_same_continent,approved_geo_fill_same_continent,3,same_continent,101,71.131504,1,1,2026-03-28,1,A night at Alvalade: Sporting CP Matchday Experience,https://homefans.com/product/a-night-at-alvalade-sporting-cp-matchday-experience/,high,Lisbon,Portugal,Europe,,2026-03-25,49,71.131504,SSC Napoli Matchday Experience with Maradona Tour,https://homefans.com/product/ssc-napoli-football-and-maradona-experience/?utm_source=klaviyo&utm_medium=email&utm_campaign=post_purchase_upsell&utm_content=upsell_suggestion_3,,,high,Naples,Italy,Europe,,,,,,,,,,71.131504,low,https://homefans.com/product/ssc-napoli-football-and-maradona-experience/
1,AC Milan Matchday & City C…,Experience San Siro like a true Local: AC Milan matchday experience,geo_destination_fill_same_city,approved_geo_fill_same_city,0,same_city,98,82.632875,1,1,2025-08-25,1,Milan Weekend Break: Matchday & More,https://homefans.com/product/inter-milan-weekend-trip/,medium,Milan,Italy,Europe,,2026-04-07,51,82.632875,Experience San Siro like a true Local: AC Milan matchday experience,https://homefans.com/product/experience-ac-milan-live-at-san-siro/?utm_source=klaviyo&utm_medium=email&utm_campaign=post_purchase_upsell&utm_content=upsell_suggestion_1,,,high,Milan,Italy,Europe,,,,,,,,,,82.632875,low,https://homefans.com/product/experience-ac-milan-live-at-san-siro/
2,AC Milan Matchday & City C…,Internazionale matchday experience: Live a game of Inter with locals,geo_destination_fill_same_city,approved_geo_fill_same_city,0,same_city,98,36.358904,1,1,2025-08-25,1,Milan Weekend Break: Matchday & More,https://homefans.com/product/inter-milan-weekend-trip/,medium,Milan,Italy,Europe,,2026-03-25,22,36.358904,Internazionale matchday experience: Live a game of Inter with locals,https://homefans.com/product/inter-milan-matchday-experience/?utm_source=klaviyo&utm_medium=email&utm_campaign=post_purchase_upsell&utm_content=upsell_suggestion_2,,,high,Milan,Italy,Europe,,,,,,,,,,36.358904,low,https://homefans.com/product/inter-milan-matchday-experience/
3,AC Milan Matchday & City C…,Derby Della Madonnina: AC Milan v Internazionale,geo_destination_fill_same_city,approved_geo_fill_same_city,0,same_city,98,5.90411,1,1,2025-08-25,1,Milan Weekend Break: Matchday & More,https://homefans.com/product/inter-milan-weekend-trip/,medium,Milan,Italy,Europe,,2025-12-04,4,5.90411,Derby Della Madonnina: AC Milan v Internazionale,https://homefans.com/product/derby-della-madonnina-ac-milan-v-internazionale/?utm_source=klaviyo&utm_medium=email&utm_campaign=post_purchase_upsell&utm_content=upsell_suggestion_3,,,high,Milan,Italy,Europe,,,,,,,,,,5.90411,low,https://homefans.com/product/derby-della-madonnina-ac-milan-v-internazionale/
1,AC Milan – Premium Matchday Ex…,Experience San Siro like a true Local: AC Milan matchday experience,geo_destination_fill_same_city,approved_geo_fill_same_city,0,same_city,98,82.632875,1,1,2025-11-21,1,AC Milan – Premium Matchday Experience (Long Side Tribuna),https://homefans.com/product/ac-milan-premium-matchday-experience-long-side-tribuna/,high,Milan,Italy,Europe,,2026-04-07,51,82.632875,Experience San Siro like a true Local: AC Milan matchday experience,https://homefans.com/product/experience-ac-milan-live-at-san-siro/?utm_source=klaviyo&utm_medium=email&utm_campaign=post_purchase_upsell&utm_content=upsell_suggestion_1,,,high,Milan,Italy,Europe,,,,,,,,,,82.632875,low,https://homefans.com/product/experience-ac-milan-live-at-san-siro/
2,AC Milan – Premium Matchday Ex…,Internazionale matchday experience: Live a game of Inter with locals,geo_destination_fill_same_city,approved_geo_fill_same_city,0,same_city,98,36.358904,1,1,2025-11-21,1,AC Milan – Premium Matchday Experience (Long Side Tribuna),https://homefans.com/product/ac-milan-premium-matchday-experience-long-side-tribuna/,high,Milan,Italy,Europe,,2026-03-25,22,36.358904,Internazionale matchday experience: Live a game of Inter with locals,https://homefans.com/product/inter-milan-matchday-experience/?utm_source=klaviyo&utm_medium=email&utm_campaign=post_purchase_upsell&utm_content=upsell_suggestion_2,,,high,Milan,Italy,Europe,,,,,,,,,,36.358904,low,https://homefans.com/product/inter-milan-matchday-experience/
3,AC Milan – Premium Matchday Ex…,Derby Della Madonnina: AC Milan v Internazionale,geo_destination_fill_same_city,approved_geo_fill_same_city,0,same_city,98,5.90411,1,1,2025-11-21,1,AC Milan – Premium Matchday Experience (Long Side Tribuna),https://homefans.com/product/ac-milan-premium-matchday-experience-long-side-tribuna/,high,Milan,Italy,Europe,,2025-12-04,4,5.90411,Derby Della Madonnina: AC Milan v Internazionale,https://homefans.com/product/derby-della-madonnina-ac-milan-v-internazionale/?utm_source=klaviyo&utm_medium=email&utm_campaign=post_purchase_upsell&utm_content=upsell_suggestion_3,,,high,Milan,Italy,Europe,,,,,,,,,,5.90411,low,https://homefans.com/product/derby-della-madonnina-ac-milan-v-internazionale/
2,Argentine Stadium Tour – 7 Clu…,Boca Juniors Matchday Like a Local at La Bombonera – Long Side Seats with Transport,geo_destination_fill_same_city,approved_geo_fill_same_city,0,same_city,98,297.326031,1,1,2025-10-15,1,"Argentine Stadium Tour – 7 Clubs, 1 City, Endless Passion",https://homefans.com/product/argentine-stadium-tour-7-clubs-1-city-endless-passion/,high,Buenos Aires,Argentina,South America,,2026-04-13,185,297.326031,Boca Juniors Matchday Like a Local at La Bombonera – Long Side Seats with Transport,https://homefans.com/product/boca-juniors-matchday-experience-4/?utm_source=klaviyo&utm_medium=email&utm_campaign=post_purchase_upsell&utm_content=upsell_suggestion_2,,,high,Buenos Aires,Argentina,South America,,,,,,,,,,297.326031,low,https://homefans.com/product/boca-juniors-matchday-experience-4/
3,Argentine Stadium Tour – 7 Clu…,Experience River Plate Matchday like a local at El Monumental – Shortside Seats,geo_destination_fill_same_city,approved_geo_fill_same_city,0,same_city,98,200.791785,1,1,2025-10-15,1,"Argentine Stadium Tour – 7 Clubs, 1 City, Endless Passion",https://homefans.com/product/argentine-stadium-tour-7-clubs-1-city-endless-passion/,high,Buenos Aires,Argentina,South America,,2026-04-13,128,200.791785,Experience River Plate Matchday like a local at El Monumental – Shortside Seats,https://homefans.com/product/river-plate-matchday-experience/?utm_source=klaviyo&utm_medium=email&utm_campaign=post_purchase_upsell&utm_content=upsell_suggestion_3,,,high,Buenos Aires,Argentina,South America,,,,,,,,,,200.791785,low,https://homefans.com/product/river-plate-matchday-experience/
1,Aris FC “God Of War” Matchday…,From Streets to Stands: AEK Athens Matchday Experience with a Local,geo_destination_fill_same_country,approved_geo_fill_same_country,1,same_country,99,5.717808,1,1,2025-11-25,1,Aris FC “God Of War” Matchday Experience,https://homefans.com/product/aris-fc-god-of-war-matchday-experience/,high,Thessaloniki,Greece,Europe,,2026-03-25,3,5.717808,From Streets to Stands: AEK Athens Matchday Experience with a Local,https://homefans.com/product/from-streets-to-stands-aek-athens-matchday-experience-with-a-local/?utm_source=klaviyo&utm_medium=email&utm_campaign=post_purchase_upsell&utm_content=upsell_suggestion_1,,,high,Athens,Greece,Europe,,,,,,,,,,5.717808,low,https://homefans.com/product/from-streets-to-stands-aek-athens-matchday-experience-with-a-local/
2,Aris FC “God Of War” Matchday…,Experience San Siro like a true Local: AC Milan matchday experience,geo_destination_fill_same_continent,approved_geo_fill_same_continent,3,same_continent,101,82.632875,1,1,2025-11-25,1,Aris FC “God Of War” Matchday Experience,https://homefans.com/product/aris-fc-god-of-war-matchday-experience/,high,Thessaloniki,Greece,Europe,,2026-04-07,51,82.632875,Experience San Siro like a true Local: AC Milan matchday experience,https://homefans.com/product/experience-ac-milan-live-at-san-siro/?utm_source=klaviyo&utm_medium=email&utm_campaign=post_purchase_upsell&utm_content=upsell_suggestion_2,,,high,Milan,Italy,Europe,,,,,,,,,,82.632875,low,https://homefans.com/product/experience-ac-milan-live-at-san-siro/
3,Aris FC “God Of War” Matchday…,SSC Napoli Matchday Experience with Maradona Tour,geo_destination_fill_same_continent,approved_geo_fill_same_continent,3,same_continent,101,71.131504,1,1,2025-11-25,1,Aris FC “God Of War” Matchday Experience,https://homefans.com/product/aris-fc-god-of-war-matchday-experience/,high,Thessaloniki,Greece,Europe,,2026-03-25,49,71.131504,SSC Napoli Matchday Experience with Maradona Tour,https://homefans.com/product/ssc-napoli-football-and-maradona-experience/?utm_source=klaviyo&utm_medium=email&utm_campaign=post_purchase_upsell&utm_content=upsell_suggestion_3,,,high,Naples,Italy,Europe,,,,,,,,,,71.131504,low,https://homefans.com/product/ssc-napoli-football-and-maradona-experience/
3,Belgrade Basketball Experience…,The Eternal Derby: Red Star Belgrade v Partizan,geo_destination_fill_same_city,approved_geo_fill_same_city,0,same_city,98,33.663014,1,1,2025-12-16,1,Belgrade Basketball Experience: See a Partizan or Red star game with local,https://homefans.com/product/belgrade-basketball-experience-see-a-partizan-or-red-star-game-with-local/,high,Belgrade,Serbia,Europe,,2026-01-16,22,33.663014,The Eternal Derby: Red Star Belgrade v Partizan,https://homefans.com/product/belgrade-derby/?utm_source=klaviyo&utm_medium=email&utm_campaign=post_purchase_upsell&utm_content=upsell_suggestion_3,,,high,Belgrade,Serbia,Europe,,,,,,,,,,33.663014,low,https://homefans.com/product/belgrade-derby/
1,Best of Brazil: São Paulo & Ri…,São Paulo FC Matchday Experience,geo_destination_fill_same_city,approved_geo_fill_same_city,0,same_city,98,111.56439,1,1,2026-01-21,1,Best of Brazil: São Paulo & Rio de Janeiro Football Adventure,https://homefans.com/product/ultimate-brazil-sao-paulo-rio/,high,São Paulo,Brazil,South America,,2026-04-10,69,111.56439,São Paulo FC Matchday Experience,https://homefans.com/product/sao-paulo-fc-matchday-experience/?utm_source=klaviyo&utm_medium=email&utm_campaign=post_purchase_upsell&utm_content=upsell_suggestion_1,,,high,São Paulo,Brazil,South America,,,,,,,,,,111.56439,low,https://homefans.com/product/sao-paulo-fc-matchday-experience/
2,Best of Brazil: São Paulo & Ri…,Corinthians Paulista Matchday Experience with local,geo_destination_fill_same_city,approved_geo_fill_same_city,0,same_city,98,101.421921,1,1,2026-01-21,1,Best of Brazil: São Paulo & Rio de Janeiro Football Adventure,https://homefans.com/product/ultimate-brazil-sao-paulo-rio/,high,São Paulo,Brazil,South America,,2026-04-11,63,101.421921,Corinthians Paulista Matchday Experience with local,https://homefans.com/product/sport-club-corinthians-matchday-experience/?utm_source=klaviyo&utm_medium=email&utm_campaign=post_purchase_upsell&utm_content=upsell_suggestion_2,,,high,São Paulo,Brazil,South America,,,,,,,,,,101.421921,low,https://homefans.com/product/sport-club-corinthians-matchday-experience/
3,Best of Brazil: São Paulo & Ri…,SE Palmeiras Matchday Experience with local fan,geo_destination_fill_same_city,approved_geo_fill_same_city,0,same_city,98,87.380826,1,1,2026-01-21,1,Best of Brazil: São Paulo & Rio de Janeiro Football Adventure,https://homefans.com/product/ultimate-brazil-sao-paulo-rio/,high,São Paulo,Brazil,South America,,2026-04-13,57,87.380826,SE Palmeiras Matchday Experience with local fan,https://homefans.com/product/se-palmeiras-matchday-experience/?utm_source=klaviyo&utm_medium=email&utm_campaign=post_purchase_upsell&utm_content=upsell_suggestion_3,,,high,São Paulo,Brazil,South America,,,,,,,,,,87.380826,low,https://homefans.com/product/se-palmeiras-matchday-experience/
1,Bombonera Tour + Museum & Cami…,Boca Juniors Matchday Like a Local at La Bombonera – Long Side Seats with Transport,geo_destination_fill_same_city,approved_geo_fill_same_city,0,same_city,98,297.326031,1,1,2026-04-07,1,Bombonera Tour + Museum & Caminito Walk,https://homefans.com/product/bombonera-tour-museum-caminito-walk/,high,Buenos Aires,Argentina,South America,,2026-04-13,185,297.326031,Boca Juniors Matchday Like a Local at La Bombonera – Long Side Seats with Transport,https://homefans.com/product/boca-juniors-matchday-experience-4/?utm_source=klaviyo&utm_medium=email&utm_campaign=post_purchase_upsell&utm_content=upsell_suggestion_1,,,high,Buenos Aires,Argentina,South America,,,,,,,,,,297.326031,low,https://homefans.com/product/boca-juniors-matchday-experience-4/
2,Bombonera Tour + Museum & Cami…,Experience River Plate Matchday like a local at El Monumental – Shortside Seats,geo_destination_fill_same_city,approved_geo_fill_same_city,0,same_city,98,200.791785,1,1,2026-04-07,1,Bombonera Tour + Museum & Caminito Walk,https://homefans.com/product/bombonera-tour-museum-caminito-walk/,high,Buenos Aires,Argentina,South America,,2026-04-13,128,200.791785,Experience River Plate Matchday like a local at El Monumental – Shortside Seats,https://homefans.com/product/river-plate-matchday-experience/?utm_source=klaviyo&utm_medium=email&utm_campaign=post_purchase_upsell&utm_content=upsell_suggestion_2,,,high,Buenos Aires,Argentina,South America,,,,,,,,,,200.791785,low,https://homefans.com/product/river-plate-matchday-experience/
3,Bombonera Tour + Museum & Cami…,Boca Juniors Popular Matchday Experience (Standing Section),geo_destination_fill_same_city,approved_geo_fill_same_city,0,same_city,98,137.657534,1,1,2026-04-07,1,Bombonera Tour + Museum & Caminito Walk,https://homefans.com/product/bombonera-tour-museum-caminito-walk/,high,Buenos Aires,Argentina,South America,,2026-04-05,86,137.657534,Boca Juniors Popular Matchday Experience (Standing Section),https://homefans.com/product/boca-juniors-matchday-experience/?utm_source=klaviyo&utm_medium=email&utm_campaign=post_purchase_upsell&utm_content=upsell_suggestion_3,,,high,Buenos Aires,Argentina,South America,,,,,,,,,,137.657534,low,https://homefans.com/product/boca-juniors-matchday-experience/
2,Brazil Game Experience at Mara…,Watch Flamengo at Maracanã: Ticket + Matchday Experience with a Local!,geo_destination_fill_same_city,approved_geo_fill_same_city,0,same_city,98,689.797273,1,1,2025-08-17,1,Brazil Game Experience at Maracanã Stadium with a Local Fan,https://homefans.com/product/brazil-game-experience-at-maracana-stadium-with-a-local-fan/,high,Rio de Janeiro,Brazil,South America,,2026-04-12,437,689.797273,Watch Flamengo at Maracanã: Ticket + Matchday Experience with a Local!,https://homefans.com/product/flamengo-live-at-maracana-stadium/?utm_source=klaviyo&utm_medium=email&utm_campaign=post_purchase_upsell&utm_content=upsell_suggestion_2,,,high,Rio de Janeiro,Brazil,South America,,,,,,,,,,689.797273,low,https://homefans.com/product/flamengo-live-at-maracana-stadium/
3,Brazil Game Experience at Mara…,See Fluminense like a local at Maracanã Stadium,geo_destination_fill_same_city,approved_geo_fill_same_city,0,same_city,98,695.83289,1,1,2025-08-17,1,Brazil Game Experience at Maracanã Stadium with a Local Fan,https://homefans.com/product/brazil-game-experience-at-maracana-stadium-with-a-local-fan/,high,Rio de Janeiro,Brazil,South America,,2026-04-13,427,695.83289,See Fluminense like a local at Maracanã Stadium,https://homefans.com/product/watch-fluminense-live-at-maracana-stadium/?utm_source=klaviyo&utm_medium=email&utm_campaign=post_purchase_upsell&utm_content=upsell_suggestion_3,,,high,Rio de Janeiro,Brazil,South America,,,,,,,,,,695.83289,low,https://homefans.com/product/watch-fluminense-live-at-maracana-stadium/
2,Breakfast,Boca Juniors Matchday Like a Local at La Bombonera – Long Side Seats with Transport,geo_destination_fill_same_city,approved_geo_fill_same_city,0,same_city,98,297.326031,1,1,2025-09-09,1,Breakfast,https://homefans.com/product/breakfast-2/,high,Buenos Aires,Argentina,South America,,2026-04-13,185,297.326031,Boca Juniors Matchday Like a Local at La Bombonera – Long Side Seats with Transport,https://homefans.com/product/boca-juniors-matchday-experience-4/?utm_source=klaviyo&utm_medium=email&utm_campaign=post_purchase_upsell&utm_content=upsell_suggestion_2,,,high,Buenos Aires,Argentina,South America,,,,,,,,,,297.326031,low,https://homefans.com/product/boca-juniors-matchday-experience-4/
3,Breakfast,Experience River Plate Matchday like a local at El Monumental – Shortside Seats,geo_destination_fill_same_city,approved_geo_fill_same_city,0,same_city,98,200.791785,1,1,2025-09-09,1,Breakfast,https://homefans.com/product/breakfast-2/,high,Buenos Aires,Argentina,South America,,2026-04-13,128,200.791785,Experience River Plate Matchday like a local at El Monumental – Shortside Seats,https://homefans.com/product/river-plate-matchday-experience/?utm_source=klaviyo&utm_medium=email&utm_campaign=post_purchase_upsell&utm_content=upsell_suggestion_3,,,high,Buenos Aires,Argentina,South America,,,,,,,,,,200.791785,low,https://homefans.com/product/river-plate-matchday-experience/
1,Celtic Matchday Experience,The Old Firm: Rangers vs Celtic,geo_destination_fill_same_city,approved_geo_fill_same_city,0,same_city,98,8.117808,1,1,2025-08-28,1,Celtic Matchday Experience,https://homefans.com/product/experience-celtic-live-at-celtic-park-paradise/,high,Glasgow,United Kingdom,Europe,,2025-11-13,6,8.117808,The Old Firm: Rangers vs Celtic,https://homefans.com/product/the-old-firm-rangers-vs-celtic/?utm_source=klaviyo&utm_medium=email&utm_campaign=post_purchase_upsell&utm_content=upsell_suggestion_1,,,high,Glasgow,United Kingdom,Europe,,,,,,,,,,8.117808,low,https://homefans.com/product/the-old-firm-rangers-vs-celtic/
2,Celtic Matchday Experience,The Old Firm: Celtic v Rangers,geo_destination_fill_same_city,approved_geo_fill_same_city,0,same_city,98,5.457535,1,1,2025-08-28,1,Celtic Matchday Experience,https://homefans.com/product/experience-celtic-live-at-celtic-park-paradise/,high,Glasgow,United Kingdom,Europe,,2025-09-26,4,5.457535,The Old Firm: Celtic v Rangers,https://homefans.com/product/the-old-firm-celtic-rangers/?utm_source=klaviyo&utm_medium=email&utm_campaign=post_purchase_upsell&utm_content=upsell_suggestion_2,,,high,Glasgow,United Kingdom,Europe,,,,,,,,,,5.457535,low,https://homefans.com/product/the-old-firm-celtic-rangers/
3,Celtic Matchday Experience,Celtic – Glasgow Matchday Experience,geo_destination_fill_same_city,approved_geo_fill_same_city,0,same_city,98,4.865754,1,1,2025-08-28,1,Celtic Matchday Experience,https://homefans.com/product/experience-celtic-live-at-celtic-park-paradise/,high,Glasgow,United Kingdom,Europe,,2026-01-18,3,4.865754,Celtic – Glasgow Matchday Experience,https://homefans.com/product/celtic-glasgow-matchday-experience/?utm_source=klaviyo&utm_medium=email&utm_campaign=post_purchase_upsell&utm_content=upsell_suggestion_3,,,high,Glasgow,United Kingdom,Europe,,,,,,,,,,4.865754,low,https://homefans.com/product/celtic-glasgow-matchday-experience/
1,Club Atlético Peñarol: Matchda…,Club Nacional de Football – Official Matchday Experience,geo_destination_fill_same_city,approved_geo_fill_same_city,0,same_city,98,8.884932,1,1,2026-03-26,1,Club Atlético Peñarol: Matchday Experience,https://homefans.com/product/club-atletico-penarol-matchday-experience/,high,Montevideo,Uruguay,South America,,2025-11-23,6,8.884932,Club Nacional de Football – Official Matchday Experience,https://homefans.com/product/club-nacional-de-football-official-matchday-experience/?utm_source=klaviyo&utm_medium=email&utm_campaign=post_purchase_upsell&utm_content=upsell_suggestion_1,,,high,Montevideo,Uruguay,South America,,,,,,,,,,8.884932,low,https://homefans.com/product/club-nacional-de-football-official-matchday-experience/
2,Club Atlético Peñarol: Matchda…,Watch Flamengo at Maracanã: Ticket + Matchday Experience with a Local!,geo_destination_fill_same_continent,approved_geo_fill_same_continent,3,same_continent,101,689.797273,1,1,2026-03-26,1,Club Atlético Peñarol: Matchday Experience,https://homefans.com/product/club-atletico-penarol-matchday-experience/,high,Montevideo,Uruguay,South America,,2026-04-12,437,689.797273,Watch Flamengo at Maracanã: Ticket + Matchday Experience with a Local!,https://homefans.com/product/flamengo-live-at-maracana-stadium/?utm_source=klaviyo&utm_medium=email&utm_campaign=post_purchase_upsell&utm_content=upsell_suggestion_2,,,high,Rio de Janeiro,Brazil,South America,,,,,,,,,,689.797273,low,https://homefans.com/product/flamengo-live-at-maracana-stadium/
3,Club Atlético Peñarol: Matchda…,See Fluminense like a local at Maracanã Stadium,geo_destination_fill_same_continent,approved_geo_fill_same_continent,3,same_continent,101,695.83289,1,1,2026-03-26,1,Club Atlético Peñarol: Matchday Experience,https://homefans.com/product/club-atletico-penarol-matchday-experience/,high,Montevideo,Uruguay,South America,,2026-04-13,427,695.83289,See Fluminense like a local at Maracanã Stadium,https://homefans.com/product/watch-fluminense-live-at-maracana-stadium/?utm_source=klaviyo&utm_medium=email&utm_campaign=post_purchase_upsell&utm_content=upsell_suggestion_3,,,high,Rio de Janeiro,Brazil,South America,,,,,,,,,,695.83289,low,https://homefans.com/product/watch-fluminense-live-at-maracana-stadium/
1,Cologne Football & Carniva…,FC Köln Matchday experience with a local,geo_destination_fill_same_city,approved_geo_fill_same_city,0,same_city,98,13.638358,1,1,2025-08-21,1,Cologne Football & Carnival Walk: A Cultural Tour for Real Fans,https://homefans.com/product/cologne-football-carnival-walk-a-cultural-tour-for-real-fans/,high,Cologne,Germany,Europe,,2026-01-09,9,13.638358,FC Köln Matchday experience with a local,https://homefans.com/product/1-fc-koln-matchday-experience-with-a-local/?utm_source=klaviyo&utm_medium=email&utm_campaign=post_purchase_upsell&utm_content=upsell_suggestion_1,,,high,Cologne,Germany,Europe,,,,,,,,,,13.638358,low,https://homefans.com/product/1-fc-koln-matchday-experience-with-a-local/
2,Cologne Football & Carniva…,Fortuna Düsseldorf Match & Beer Tour Experience,geo_destination_fill_same_country,approved_geo_fill_same_country,1,same_country,99,7.928768,1,1,2025-08-21,1,Cologne Football & Carnival Walk: A Cultural Tour for Real Fans,https://homefans.com/product/cologne-football-carnival-walk-a-cultural-tour-for-real-fans/,high,Cologne,Germany,Europe,,2026-02-13,5,7.928768,Fortuna Düsseldorf Match & Beer Tour Experience,https://homefans.com/product/fortuna-dusseldorf-match-beer-tour-experience/?utm_source=klaviyo&utm_medium=email&utm_campaign=post_purchase_upsell&utm_content=upsell_suggestion_2,,,high,Dusseldorf,Germany,Europe,,,,,,,,,,7.928768,low,https://homefans.com/product/fortuna-dusseldorf-match-beer-tour-experience/
3,Cologne Football & Carniva…,Eintracht Frankfurt Matchday – Experience the City’s Culture with a Local Fan,geo_destination_fill_same_country,approved_geo_fill_same_country,1,same_country,99,3.79178,1,1,2025-08-21,1,Cologne Football & Carnival Walk: A Cultural Tour for Real Fans,https://homefans.com/product/cologne-football-carnival-walk-a-cultural-tour-for-real-fans/,high,Cologne,Germany,Europe,,2026-03-17,2,3.79178,Eintracht Frankfurt Matchday – Experience the City’s Culture with a Local Fan,https://homefans.com/product/eintracht-frankfurt-matchday-experience-the-citys-culture-with-a-local-fan/?utm_source=klaviyo&utm_medium=email&utm_campaign=post_purchase_upsell&utm_content=upsell_suggestion_3,,,high,Frankfurt,Germany,Europe,,,,,,,,,,3.79178,low,https://homefans.com/product/eintracht-frankfurt-matchday-experience-the-citys-culture-with-a-local-fan/
1,Colombia National Team Matchda…,Atletico Nacional Matchday Experience (Medellin),geo_destination_fill_same_country,approved_geo_fill_same_country,1,same_country,99,50.336985,1,1,2025-08-30,1,,,,,Colombia,South America,,2026-03-29,33,50.336985,Atletico Nacional Matchday Experience (Medellin),https://homefans.com/product/atleticonacional-football-tour/?utm_source=klaviyo&utm_medium=email&utm_campaign=post_purchase_upsell&utm_content=upsell_suggestion_1,,,high,Medellín,Colombia,South America,,,,,,,,,,50.336985,low,https://homefans.com/product/atleticonacional-football-tour/
2,Colombia National Team Matchda…,Independiente Medellin Matchday Experience,geo_destination_fill_same_country,approved_geo_fill_same_country,1,same_country,99,17.312329,1,1,2025-08-30,1,,,,,Colombia,South America,,2026-04-08,12,17.312329,Independiente Medellin Matchday Experience,https://homefans.com/product/independiente-medellin-matchday-experience-2/?utm_source=klaviyo&utm_medium=email&utm_campaign=post_purchase_upsell&utm_content=upsell_suggestion_2,,,high,Medellín,Colombia,South America,,,,,,,,,,17.312329,low,https://homefans.com/product/independiente-medellin-matchday-experience-2/
3,Colombia National Team Matchda…,Millonarios Football Tour Matchday Experience,geo_destination_fill_same_country,approved_geo_fill_same_country,1,same_country,99,8.38904,1,1,2025-08-30,1,,,,,Colombia,South America,,2026-02-28,6,8.38904,Millonarios Football Tour Matchday Experience,https://homefans.com/product/millonarios-matchday-experience/?utm_source=klaviyo&utm_medium=email&utm_campaign=post_purchase_upsell&utm_content=upsell_suggestion_3,,,high,Bogotá,Colombia,South America,,,,,,,,,,8.38904,low,https://homefans.com/product/millonarios-matchday-experience/
1,Colombian Football Experience…,Atletico Nacional Matchday Experience (Medellin),geo_destination_fill_same_city,approved_geo_fill_same_city,0,same_city,98,50.336985,1,1,2026-02-09,1,"Colombian Football Experience – Passion, Culture & Matchday Energy with Atletico Nacional",https://homefans.com/product/colombian-football-experience-passion-culture-matchday-energy-with-atletico-nacional/,high,Medellín,Colombia,South America,,2026-03-29,33,50.336985,Atletico Nacional Matchday Experience (Medellin),https://homefans.com/product/atleticonacional-football-tour/?utm_source=klaviyo&utm_medium=email&utm_campaign=post_purchase_upsell&utm_content=upsell_suggestion_1,,,high,Medellín,Colombia,South America,,,,,,,,,,50.336985,low,https://homefans.com/product/atleticonacional-football-tour/
2,Colombian Football Experience…,Independiente Medellin Matchday Experience,geo_destination_fill_same_city,approved_geo_fill_same_city,0,same_city,98,17.312329,1,1,2026-02-09,1,"Colombian Football Experience – Passion, Culture & Matchday Energy with Atletico Nacional",https://homefans.com/product/colombian-football-experience-passion-culture-matchday-energy-with-atletico-nacional/,high,Medellín,Colombia,South America,,2026-04-08,12,17.312329,Independiente Medellin Matchday Experience,https://homefans.com/product/independiente-medellin-matchday-experience-2/?utm_source=klaviyo&utm_medium=email&utm_campaign=post_purchase_upsell&utm_content=upsell_suggestion_2,,,high,Medellín,Colombia,South America,,,,,,,,,,17.312329,low,https://homefans.com/product/independiente-medellin-matchday-experience-2/
3,Colombian Football Experience…,Millonarios Football Tour Matchday Experience,geo_destination_fill_same_country,approved_geo_fill_same_country,1,same_country,99,8.38904,1,1,2026-02-09,1,"Colombian Football Experience – Passion, Culture & Matchday Energy with Atletico Nacional",https://homefans.com/product/colombian-football-experience-passion-culture-matchday-energy-with-atletico-nacional/,high,Medellín,Colombia,South America,,2026-02-28,6,8.38904,Millonarios Football Tour Matchday Experience,https://homefans.com/product/millonarios-matchday-experience/?utm_source=klaviyo&utm_medium=email&utm_campaign=post_purchase_upsell&utm_content=upsell_suggestion_3,,,high,Bogotá,Colombia,South America,,,,,,,,,,8.38904,low,https://homefans.com/product/millonarios-matchday-experience/
1,C…,Madrid: Real Madrid Bernabeu Stadium Tour with Tapas,geo_destination_fill_same_city,approved_geo_fill_same_city,0,same_city,98,27.079452,1,1,2025-06-20,1,,,,Madrid,Spain,Europe,,2026-04-13,18,27.079452,Madrid: Real Madrid Bernabeu Stadium Tour with Tapas,https://homefans.com/product/madrid-real-madrid-bernabeu-stadium-tour-with-tapas/?utm_source=klaviyo&utm_medium=email&utm_campaign=post_purchase_upsell&utm_content=upsell_suggestion_1,,,high,Madrid,Spain,Europe,,,,,,,,,,27.079452,low,https://homefans.com/product/madrid-real-madrid-bernabeu-stadium-tour-with-tapas/
2,C…,Real Madrid Matchday Experience – Football & Tapas,geo_destination_fill_same_city,approved_geo_fill_same_city,0,same_city,98,15.539727,1,1,2025-06-20,1,,,,Madrid,Spain,Europe,,2026-02-16,10,15.539727,Real Madrid Matchday Experience – Football & Tapas,https://homefans.com/product/real-madrid-matchday-experience-football-tapas-city-tour/?utm_source=klaviyo&utm_medium=email&utm_campaign=post_purchase_upsell&utm_content=upsell_suggestion_2,,,high,Madrid,Spain,Europe,,,,,,,,,,15.539727,low,https://homefans.com/product/real-madrid-matchday-experience-football-tapas-city-tour/
3,C…,Atletico Madrid Matchday Experience,geo_destination_fill_same_city,approved_geo_fill_same_city,0,same_city,98,6.983562,1,1,2025-06-20,1,,,,Madrid,Spain,Europe,,2026-03-28,4,6.983562,Atletico Madrid Matchday Experience,https://homefans.com/product/atletico-madrid-matchday-experience-2/?utm_source=klaviyo&utm_medium=email&utm_campaign=post_purchase_upsell&utm_content=upsell_suggestion_3,,,high,Madrid,Spain,Europe,,,,,,,,,,6.983562,low,https://homefans.com/product/atletico-madrid-matchday-experience-2/
1,Deportivo Cali Matchday Experi…,Atletico Nacional Matchday Experience (Medellin),geo_destination_fill_same_country,approved_geo_fill_same_country,1,same_country,99,50.336985,1,1,2026-03-09,1,Deportivo Cali Matchday Experience,https://homefans.com/product/deportivo-cali-matchday-experience/,high,Cali,Colombia,South America,,2026-03-29,33,50.336985,Atletico Nacional Matchday Experience (Medellin),https://homefans.com/product/atleticonacional-football-tour/?utm_source=klaviyo&utm_medium=email&utm_campaign=post_purchase_upsell&utm_content=upsell_suggestion_1,,,high,Medellín,Colombia,South America,,,,,,,,,,50.336985,low,https://homefans.com/product/atleticonacional-football-tour/
2,Deportivo Cali Matchday Experi…,Independiente Medellin Matchday Experience,geo_destination_fill_same_country,approved_geo_fill_same_country,1,same_country,99,17.312329,1,1,2026-03-09,1,Deportivo Cali Matchday Experience,https://homefans.com/product/deportivo-cali-matchday-experience/,high,Cali,Colombia,South America,,2026-04-08,12,17.312329,Independiente Medellin Matchday Experience,https://homefans.com/product/independiente-medellin-matchday-experience-2/?utm_source=klaviyo&utm_medium=email&utm_campaign=post_purchase_upsell&utm_content=upsell_suggestion_2,,,high,Medellín,Colombia,South America,,,,,,,,,,17.312329,low,https://homefans.com/product/independiente-medellin-matchday-experience-2/
3,Deportivo Cali Matchday Experi…,Millonarios Football Tour Matchday Experience,geo_destination_fill_same_country,approved_geo_fill_same_country,1,same_country,99,8.38904,1,1,2026-03-09,1,Deportivo Cali Matchday Experience,https://homefans.com/product/deportivo-cali-matchday-experience/,high,Cali,Colombia,South America,,2026-02-28,6,8.38904,Millonarios Football Tour Matchday Experience,https://homefans.com/product/millonarios-matchday-experience/?utm_source=klaviyo&utm_medium=email&utm_campaign=post_purchase_upsell&utm_content=upsell_suggestion_3,,,high,Bogotá,Colombia,South America,,,,,,,,,,8.38904,low,https://homefans.com/product/millonarios-matchday-experience/
1,Derby Della Capitale: AS Roma…,Experience Rome Like a True Romanista: An Authentic Matchday with AS Roma,geo_destination_fill_same_city,approved_geo_fill_same_city,0,same_city,98,27.021917,1,1,2026-01-03,1,Derby Della Capitale: AS Roma v SS Lazio,https://homefans.com/product/derby-capitale-as-roma-v-ss-lazio/,high,Rome,Italy,Europe,,2026-04-12,17,27.021917,Experience Rome Like a True Romanista: An Authentic Matchday with AS Roma,https://homefans.com/product/a-s-roma-matchday-experience/?utm_source=klaviyo&utm_medium=email&utm_campaign=post_purchase_upsell&utm_content=upsell_suggestion_1,,,high,Rome,Italy,Europe,,,,,,,,,,27.021917,low,https://homefans.com/product/a-s-roma-matchday-experience/
2,Derby Della Capitale: AS Roma…,Rome Matchday: The Romanisti Experience with AS Roma,geo_destination_fill_same_city,approved_geo_fill_same_city,0,same_city,98,19.394521,1,1,2026-01-03,1,Derby Della Capitale: AS Roma v SS Lazio,https://homefans.com/product/derby-capitale-as-roma-v-ss-lazio/,high,Rome,Italy,Europe,,2026-04-13,12,19.394521,Rome Matchday: The Romanisti Experience with AS Roma,https://homefans.com/product/rome-matchday-the-romanisti-experience-with-as-roma/?utm_source=klaviyo&utm_medium=email&utm_campaign=post_purchase_upsell&utm_content=upsell_suggestion_2,,,high,Rome,Italy,Europe,,,,,,,,,,19.394521,low,https://homefans.com/product/rome-matchday-the-romanisti-experience-with-as-roma/
3,Derby Della Capitale: AS Roma…,Live the Lazio Matchday Experience with a Local Host in Rome,geo_destination_fill_same_city,approved_geo_fill_same_city,0,same_city,98,16.342465,1,1,2026-01-03,1,Derby Della Capitale: AS Roma v SS Lazio,https://homefans.com/product/derby-capitale-as-roma-v-ss-lazio/,high,Rome,Italy,Europe,,2026-02-27,11,16.342465,Live the Lazio Matchday Experience with a Local Host in Rome,https://homefans.com/product/ss-lazio-matchday-experience-2/?utm_source=klaviyo&utm_medium=email&utm_campaign=post_purchase_upsell&utm_content=upsell_suggestion_3,,,high,Rome,Italy,Europe,,,,,,,,,,16.342465,low,https://homefans.com/product/ss-lazio-matchday-experience-2/
1,El Clásico: FC Barcelona v Rea…,⚽ Enjoy a Barça game like a local fan: Prematch+Best Fan Seats,geo_destination_fill_same_city,approved_geo_fill_same_city,0,same_city,98,23.742466,1,1,2025-11-23,1,El Clásico: FC Barcelona v Real Madrid,https://homefans.com/product/el-clasico-fc-barcelona-v-real-madrid/,high,Barcelona,Spain,Europe,,2026-02-12,15,23.742466,⚽ Enjoy a Barça game like a local fan: Prematch+Best Fan Seats,https://homefans.com/product/enjoy-barca-football-like-a-real-cule/?utm_source=klaviyo&utm_medium=email&utm_campaign=post_purchase_upsell&utm_content=upsell_suggestion_1,,,high,Barcelona,Spain,Europe,,,,,,,,,,23.742466,low,https://homefans.com/product/enjoy-barca-football-like-a-real-cule/
2,El Clásico: FC Barcelona v Rea…,FC Barcelona Matchday Experience,geo_destination_fill_same_city,approved_geo_fill_same_city,0,same_city,98,23.438354,1,1,2025-11-23,1,El Clásico: FC Barcelona v Real Madrid,https://homefans.com/product/el-clasico-fc-barcelona-v-real-madrid/,high,Barcelona,Spain,Europe,,2026-04-10,14,23.438354,FC Barcelona Matchday Experience,https://homefans.com/product/%f0%9f%94%b4%f0%9f%94%b5fc-barcelona-matchday-experience-%f0%9f%94%b4%f0%9f%94%b5/?utm_source=klaviyo&utm_medium=email&utm_campaign=post_purchase_upsell&utm_content=upsell_suggestion_2,,,high,Barcelona,Spain,Europe,,,,,,,,,,23.438354,low,https://homefans.com/product/%f0%9f%94%b4%f0%9f%94%b5fc-barcelona-matchday-experience-%f0%9f%94%b4%f0%9f%94%b5/
3,El Clásico: FC Barcelona v Rea…,FC Barcelona Museum Tour with Tapas,geo_destination_fill_same_city,approved_geo_fill_same_city,0,same_city,98,1.589041,1,1,2025-11-23,1,El Clásico: FC Barcelona v Real Madrid,https://homefans.com/product/el-clasico-fc-barcelona-v-real-madrid/,high,Barcelona,Spain,Europe,,2025-11-14,1,1.589041,FC Barcelona Museum Tour with Tapas,https://homefans.com/product/fc-barcelona-museum-tour-with-tapas/?utm_source=klaviyo&utm_medium=email&utm_campaign=post_purchase_upsell&utm_content=upsell_suggestion_3,,,high,Barcelona,Spain,Europe,,,,,,,,,,1.589041,low,https://homefans.com/product/fc-barcelona-museum-tour-with-tapas/
1,Enjoy an Alianza Lima game all…,Lima 42K Marathon and Half Marathon 21K – Run the Pacific Coast of Peru,geo_destination_fill_same_city,approved_geo_fill_same_city,0,same_city,98,5.830137,1,1,2025-09-09,1,Enjoy an Alianza Lima game all included with a local guide,https://homefans.com/product/enjoy-an-alianza-lima-game-all-included-with-a-local-guide/,high,Lima,Peru,South America,,2026-03-31,3,5.830137,Lima 42K Marathon and Half Marathon 21K – Run the Pacific Coast of Peru,https://homefans.com/product/lima-42k-marathon-run-the-pacific-coast-of-peru/?utm_source=klaviyo&utm_medium=email&utm_campaign=post_purchase_upsell&utm_content=upsell_suggestion_1,,,high,Lima,Peru,South America,,,,,,,,,,5.830137,low,https://homefans.com/product/lima-42k-marathon-run-the-pacific-coast-of-peru/
2,Enjoy an Alianza Lima game all…,Sport Boys Matchday Experience at Estadio Miguel Grau,geo_destination_fill_same_city,approved_geo_fill_same_city,0,same_city,98,3.915069,1,1,2025-09-09,1,Enjoy an Alianza Lima game all included with a local guide,https://homefans.com/product/enjoy-an-alianza-lima-game-all-included-with-a-local-guide/,high,Lima,Peru,South America,,2026-03-30,2,3.915069,Sport Boys Matchday Experience at Estadio Miguel Grau,https://homefans.com/product/sport-boys-matchday-experience-at-estadio-miguel-grau/?utm_source=klaviyo&utm_medium=email&utm_campaign=post_purchase_upsell&utm_content=upsell_suggestion_2,,,high,Lima,Peru,South America,,,,,,,,,,3.915069,low,https://homefans.com/product/sport-boys-matchday-experience-at-estadio-miguel-grau/
3,Enjoy an Alianza Lima game all…,Alianza Lima Matchday Experience at Estadio Matute,geo_destination_fill_same_city,approved_geo_fill_same_city,0,same_city,98,3.613699,1,1,2025-09-09,1,Enjoy an Alianza Lima game all included with a local guide,https://homefans.com/product/enjoy-an-alianza-lima-game-all-included-with-a-local-guide/,high,Lima,Peru,South America,,2026-03-31,2,3.613699,Alianza Lima Matchday Experience at Estadio Matute,https://homefans.com/product/alianza-lima-immersive-tour-experience-at-estadio-matute/?utm_source=klaviyo&utm_medium=email&utm_campaign=post_purchase_upsell&utm_content=upsell_suggestion_3,,,high,Lima,Peru,South America,,,,,,,,,,3.613699,low,https://homefans.com/product/alianza-lima-immersive-tour-experience-at-estadio-matute/
1,Eternal Derby: Dinamo Zagreb v…,Experience San Siro like a true Local: AC Milan matchday experience,geo_destination_fill_same_continent,approved_geo_fill_same_continent,3,same_continent,101,82.632875,1,1,2025-11-21,1,,,,Zagreb,Croatia,Europe,,2026-04-07,51,82.632875,Experience San Siro like a true Local: AC Milan matchday experience,https://homefans.com/product/experience-ac-milan-live-at-san-siro/?utm_source=klaviyo&utm_medium=email&utm_campaign=post_purchase_upsell&utm_content=upsell_suggestion_1,,,high,Milan,Italy,Europe,,,,,,,,,,82.632875,low,https://homefans.com/product/experience-ac-milan-live-at-san-siro/
2,Eternal Derby: Dinamo Zagreb v…,SSC Napoli Matchday Experience with Maradona Tour,geo_destination_fill_same_continent,approved_geo_fill_same_continent,3,same_continent,101,71.131504,1,1,2025-11-21,1,,,,Zagreb,Croatia,Europe,,2026-03-25,49,71.131504,SSC Napoli Matchday Experience with Maradona Tour,https://homefans.com/product/ssc-napoli-football-and-maradona-experience/?utm_source=klaviyo&utm_medium=email&utm_campaign=post_purchase_upsell&utm_content=upsell_suggestion_2,,,high,Naples,Italy,Europe,,,,,,,,,,71.131504,low,https://homefans.com/product/ssc-napoli-football-and-maradona-experience/
3,Eternal Derby: Dinamo Zagreb v…,Fenerbahçe Matchday Experience,geo_destination_fill_same_continent,approved_geo_fill_same_continent,3,same_continent,101,69.854798,1,1,2025-11-21,1,,,,Zagreb,Croatia,Europe,,2026-04-07,45,69.854798,Fenerbahçe Matchday Experience,https://homefans.com/product/fenerbahce-matchday-experience/?utm_source=klaviyo&utm_medium=email&utm_campaign=post_purchase_upsell&utm_content=upsell_suggestion_3,,,high,Istanbul,Turkey,Europe,,,,,,,,,,69.854798,low,https://homefans.com/product/fenerbahce-matchday-experience/
1,Experience Corinthians Game wi…,São Paulo FC Matchday Experience,geo_destination_fill_same_city,approved_geo_fill_same_city,0,same_city,98,111.56439,1,1,2025-07-02,1,Experience a Corinthians game with a local fan at Arena Corinthians,https://homefans.com/product/experience-a-corinthians-game-with-a-local-fan-at-arena-corinthians/,high,São Paulo,Brazil,South America,,2026-04-10,69,111.56439,São Paulo FC Matchday Experience,https://homefans.com/product/sao-paulo-fc-matchday-experience/?utm_source=klaviyo&utm_medium=email&utm_campaign=post_purchase_upsell&utm_content=upsell_suggestion_1,,,high,São Paulo,Brazil,South America,,,,,,,,,,111.56439,low,https://homefans.com/product/sao-paulo-fc-matchday-experience/
2,Experience Corinthians Game wi…,Corinthians Paulista Matchday Experience with local,geo_destination_fill_same_city,approved_geo_fill_same_city,0,same_city,98,101.421921,1,1,2025-07-02,1,Experience a Corinthians game with a local fan at Arena Corinthians,https://homefans.com/product/experience-a-corinthians-game-with-a-local-fan-at-arena-corinthians/,high,São Paulo,Brazil,South America,,2026-04-11,63,101.421921,Corinthians Paulista Matchday Experience with local,https://homefans.com/product/sport-club-corinthians-matchday-experience/?utm_source=klaviyo&utm_medium=email&utm_campaign=post_purchase_upsell&utm_content=upsell_suggestion_2,,,high,São Paulo,Brazil,South America,,,,,,,,,,101.421921,low,https://homefans.com/product/sport-club-corinthians-matchday-experience/
3,Experience Corinthians Game wi…,SE Palmeiras Matchday Experience with local fan,geo_destination_fill_same_city,approved_geo_fill_same_city,0,same_city,98,87.380826,1,1,2025-07-02,1,Experience a Corinthians game with a local fan at Arena Corinthians,https://homefans.com/product/experience-a-corinthians-game-with-a-local-fan-at-arena-corinthians/,high,São Paulo,Brazil,South America,,2026-04-13,57,87.380826,SE Palmeiras Matchday Experience with local fan,https://homefans.com/product/se-palmeiras-matchday-experience/?utm_source=klaviyo&utm_medium=email&utm_campaign=post_purchase_upsell&utm_content=upsell_suggestion_3,,,high,São Paulo,Brazil,South America,,,,,,,,,,87.380826,low,https://homefans.com/product/se-palmeiras-matchday-experience/
1,Experience Teotihuacán from th…,"Club América Match Day Experience, México City",geo_destination_fill_same_city,approved_geo_fill_same_city,0,same_city,98,32.652056,1,1,2026-02-25,1,Experience Teotihuacán from the Skies & Lunch at a Unique Football Spot,https://homefans.com/product/experience-teotihuacan-from-the-skies-lunch-at-a-unique-football-spot/,high,Mexico City,Mexico,North America,,2026-03-19,22,32.652056,"Club América Match Day Experience, México City",https://homefans.com/product/club-america-match-day-experience-mexico-city/?utm_source=klaviyo&utm_medium=email&utm_campaign=post_purchase_upsell&utm_content=upsell_suggestion_1,,,high,Mexico City,Mexico,North America,,,,,,,,,,32.652056,low,https://homefans.com/product/club-america-match-day-experience-mexico-city/
2,Experience Teotihuacán from th…,"Pumas UNAM Match Day Experience, Mexico City",geo_destination_fill_same_city,approved_geo_fill_same_city,0,same_city,98,9.120548,1,1,2026-02-25,1,Experience Teotihuacán from the Skies & Lunch at a Unique Football Spot,https://homefans.com/product/experience-teotihuacan-from-the-skies-lunch-at-a-unique-football-spot/,high,Mexico City,Mexico,North America,,2026-03-10,5,9.120548,"Pumas UNAM Match Day Experience, Mexico City",https://homefans.com/product/pumas-unam-match-day-experience-mexico-city/?utm_source=klaviyo&utm_medium=email&utm_campaign=post_purchase_upsell&utm_content=upsell_suggestion_2,,,high,Mexico City,Mexico,North America,,,,,,,,,,9.120548,low,https://homefans.com/product/pumas-unam-match-day-experience-mexico-city/
3,Experience Teotihuacán from th…,Pumas UNAM Matchday: Local Roar at Olímpico Universitario,geo_destination_fill_same_city,approved_geo_fill_same_city,0,same_city,98,3.569863,1,1,2026-02-25,1,Experience Teotihuacán from the Skies & Lunch at a Unique Football Spot,https://homefans.com/product/experience-teotihuacan-from-the-skies-lunch-at-a-unique-football-spot/,high,Mexico City,Mexico,North America,,2026-02-04,2,3.569863,Pumas UNAM Matchday: Local Roar at Olímpico Universitario,https://homefans.com/product/pumas-unam-matchday-local-roar-at-olimpico-universitario/?utm_source=klaviyo&utm_medium=email&utm_campaign=post_purchase_upsell&utm_content=upsell_suggestion_3,,,high,Mexico City,Mexico,North America,,,,,,,,,,3.569863,low,https://homefans.com/product/pumas-unam-matchday-local-roar-at-olimpico-universitario/
2,FC Barcelona Museum Tour with…,⚽ Enjoy a Barça game like a local fan: Prematch+Best Fan Seats,geo_destination_fill_same_city,approved_geo_fill_same_city,0,same_city,98,23.742466,1,1,2025-11-14,1,FC Barcelona Museum Tour with Tapas,https://homefans.com/product/fc-barcelona-museum-tour-with-tapas/,high,Barcelona,Spain,Europe,,2026-02-12,15,23.742466,⚽ Enjoy a Barça game like a local fan: Prematch+Best Fan Seats,https://homefans.com/product/enjoy-barca-football-like-a-real-cule/?utm_source=klaviyo&utm_medium=email&utm_campaign=post_purchase_upsell&utm_content=upsell_suggestion_2,,,high,Barcelona,Spain,Europe,,,,,,,,,,23.742466,low,https://homefans.com/product/enjoy-barca-football-like-a-real-cule/
3,FC Barcelona Museum Tour with…,El Clásico: FC Barcelona v Real Madrid,geo_destination_fill_same_city,approved_geo_fill_same_city,0,same_city,98,1.613699,1,1,2025-11-14,1,FC Barcelona Museum Tour with Tapas,https://homefans.com/product/fc-barcelona-museum-tour-with-tapas/,high,Barcelona,Spain,Europe,,2025-11-23,1,1.613699,El Clásico: FC Barcelona v Real Madrid,https://homefans.com/product/el-clasico-fc-barcelona-v-real-madrid/?utm_source=klaviyo&utm_medium=email&utm_campaign=post_purchase_upsell&utm_content=upsell_suggestion_3,,,high,Barcelona,Spain,Europe,,,,,,,,,,1.613699,low,https://homefans.com/product/el-clasico-fc-barcelona-v-real-madrid/
1,FC Tirana Matchday in Tirana a…,Experience San Siro like a true Local: AC Milan matchday experience,geo_destination_fill_same_continent,approved_geo_fill_same_continent,3,same_continent,101,82.632875,1,1,2026-02-27,1,FC Tirana Matchday in Tirana and Explore the City,https://homefans.com/product/fc-tirana-matchday-in-tirana-and-explore-the-city/,high,Tirana,Albania,Europe,,2026-04-07,51,82.632875,Experience San Siro like a true Local: AC Milan matchday experience,https://homefans.com/product/experience-ac-milan-live-at-san-siro/?utm_source=klaviyo&utm_medium=email&utm_campaign=post_purchase_upsell&utm_content=upsell_suggestion_1,,,high,Milan,Italy,Europe,,,,,,,,,,82.632875,low,https://homefans.com/product/experience-ac-milan-live-at-san-siro/
2,FC Tirana Matchday in Tirana a…,SSC Napoli Matchday Experience with Maradona Tour,geo_destination_fill_same_continent,approved_geo_fill_same_continent,3,same_continent,101,71.131504,1,1,2026-02-27,1,FC Tirana Matchday in Tirana and Explore the City,https://homefans.com/product/fc-tirana-matchday-in-tirana-and-explore-the-city/,high,Tirana,Albania,Europe,,2026-03-25,49,71.131504,SSC Napoli Matchday Experience with Maradona Tour,https://homefans.com/product/ssc-napoli-football-and-maradona-experience/?utm_source=klaviyo&utm_medium=email&utm_campaign=post_purchase_upsell&utm_content=upsell_suggestion_2,,,high,Naples,Italy,Europe,,,,,,,,,,71.131504,low,https://homefans.com/product/ssc-napoli-football-and-maradona-experience/
3,FC Tirana Matchday in Tirana a…,Fenerbahçe Matchday Experience,geo_destination_fill_same_continent,approved_geo_fill_same_continent,3,same_continent,101,69.854798,1,1,2026-02-27,1,FC Tirana Matchday in Tirana and Explore the City,https://homefans.com/product/fc-tirana-matchday-in-tirana-and-explore-the-city/,high,Tirana,Albania,Europe,,2026-04-07,45,69.854798,Fenerbahçe Matchday Experience,https://homefans.com/product/fenerbahce-matchday-experience/?utm_source=klaviyo&utm_medium=email&utm_campaign=post_purchase_upsell&utm_content=upsell_suggestion_3,,,high,Istanbul,Turkey,Europe,,,,,,,,,,69.854798,low,https://homefans.com/product/fenerbahce-matchday-experience/
3,FIFA Street football court exp…,See Fluminense like a local at Maracanã Stadium,geo_destination_fill_same_city,approved_geo_fill_same_city,0,same_city,98,695.83289,1,1,2025-11-27,1,FIFA Street football court experience + Favela tour,https://homefans.com/product/fifa-street-football-court-experience-favela-tour/,high,Rio de Janeiro,Brazil,South America,,2026-04-13,427,695.83289,See Fluminense like a local at Maracanã Stadium,https://homefans.com/product/watch-fluminense-live-at-maracana-stadium/?utm_source=klaviyo&utm_medium=email&utm_campaign=post_purchase_upsell&utm_content=upsell_suggestion_3,,,high,Rio de Janeiro,Brazil,South America,,,,,,,,,,695.83289,low,https://homefans.com/product/watch-fluminense-live-at-maracana-stadium/
1,Fan of Platense for a day! Mat…,Boca Juniors Matchday Like a Local at La Bombonera – Long Side Seats with Transport,geo_destination_fill_same_city,approved_geo_fill_same_city,0,same_city,98,297.326031,1,1,2025-11-16,1,Platense – Match Day Experience at the home of the Argentine champions.,https://homefans.com/product/platense-match-day-experience/,manual,Buenos Aires,Argentina,South America,,2026-04-13,185,297.326031,Boca Juniors Matchday Like a Local at La Bombonera – Long Side Seats with Transport,https://homefans.com/product/boca-juniors-matchday-experience-4/?utm_source=klaviyo&utm_medium=email&utm_campaign=post_purchase_upsell&utm_content=upsell_suggestion_1,,,high,Buenos Aires,Argentina,South America,,,,,,,,,,297.326031,low,https://homefans.com/product/boca-juniors-matchday-experience-4/
2,Fan of Platense for a day! Mat…,Experience River Plate Matchday like a local at El Monumental – Shortside Seats,geo_destination_fill_same_city,approved_geo_fill_same_city,0,same_city,98,200.791785,1,1,2025-11-16,1,Platense – Match Day Experience at the home of the Argentine champions.,https://homefans.com/product/platense-match-day-experience/,manual,Buenos Aires,Argentina,South America,,2026-04-13,128,200.791785,Experience River Plate Matchday like a local at El Monumental – Shortside Seats,https://homefans.com/product/river-plate-matchday-experience/?utm_source=klaviyo&utm_medium=email&utm_campaign=post_purchase_upsell&utm_content=upsell_suggestion_2,,,high,Buenos Aires,Argentina,South America,,,,,,,,,,200.791785,low,https://homefans.com/product/river-plate-matchday-experience/
3,Fan of Platense for a day! Mat…,Boca Juniors Popular Matchday Experience (Standing Section),geo_destination_fill_same_city,approved_geo_fill_same_city,0,same_city,98,137.657534,1,1,2025-11-16,1,Platense – Match Day Experience at the home of the Argentine champions.,https://homefans.com/product/platense-match-day-experience/,manual,Buenos Aires,Argentina,South America,,2026-04-05,86,137.657534,Boca Juniors Popular Matchday Experience (Standing Section),https://homefans.com/product/boca-juniors-matchday-experience/?utm_source=klaviyo&utm_medium=email&utm_campaign=post_purchase_upsell&utm_content=upsell_suggestion_3,,,high,Buenos Aires,Argentina,South America,,,,,,,,,,137.657534,low,https://homefans.com/product/boca-juniors-matchday-experience/
1,Fenerbahçe Basketball Matchday…,Fenerbahçe Matchday Experience,geo_destination_fill_same_city,approved_geo_fill_same_city,0,same_city,98,69.854798,1,1,2025-09-12,1,Fenerbahçe Basketball Matchday Experience,https://homefans.com/product/experience-fenerbahce-basketball-in-ulker-arena/,high,Istanbul,Turkey,Europe,,2026-04-07,45,69.854798,Fenerbahçe Matchday Experience,https://homefans.com/product/fenerbahce-matchday-experience/?utm_source=klaviyo&utm_medium=email&utm_campaign=post_purchase_upsell&utm_content=upsell_suggestion_1,,,high,Istanbul,Turkey,Europe,,,,,,,,,,69.854798,low,https://homefans.com/product/fenerbahce-matchday-experience/
2,Fenerbahçe Basketball Matchday…,Istanbul Football Experience: Eyüpspor Matchday Experience,geo_destination_fill_same_city,approved_geo_fill_same_city,0,same_city,98,50.999998,1,1,2025-09-12,1,Fenerbahçe Basketball Matchday Experience,https://homefans.com/product/experience-fenerbahce-basketball-in-ulker-arena/,high,Istanbul,Turkey,Europe,,2026-04-12,33,50.999998,Istanbul Football Experience: Eyüpspor Matchday Experience,https://homefans.com/product/istanbul-football-experience-eyupspor-matchday-experience/?utm_source=klaviyo&utm_medium=email&utm_campaign=post_purchase_upsell&utm_content=upsell_suggestion_2,,,medium,Istanbul,Turkey,Europe,,,,,,,,,,50.999998,low,https://homefans.com/product/istanbul-football-experience-eyupspor-matchday-experience/
3,Fenerbahçe Basketball Matchday…,Beşiktaş Matchday Experience: the Passion of Turkish Football,geo_destination_fill_same_city,approved_geo_fill_same_city,0,same_city,98,31.232878,1,1,2025-09-12,1,Fenerbahçe Basketball Matchday Experience,https://homefans.com/product/experience-fenerbahce-basketball-in-ulker-arena/,high,Istanbul,Turkey,Europe,,2026-04-07,19,31.232878,Beşiktaş Matchday Experience: the Passion of Turkish Football,https://homefans.com/product/besiktas-matchday-experience-2/?utm_source=klaviyo&utm_medium=email&utm_campaign=post_purchase_upsell&utm_content=upsell_suggestion_3,,,high,Istanbul,Turkey,Europe,,,,,,,,,,31.232878,low,https://homefans.com/product/besiktas-matchday-experience-2/
1,Fulham Matchday: Riverside Wal…,Queens Park Rangers (QPR) Matchday Experience,geo_destination_fill_same_city,approved_geo_fill_same_city,0,same_city,98,10.975343,1,1,2026-02-06,1,"Fulham Matchday: Riverside Walk, Local Pubs & Craven Cottage Atmosphere",https://homefans.com/product/fulham-matchday-riverside-walk-local-pubs-craven-cottage-atmosphere/,high,London,United Kingdom,Europe,,2026-03-29,7,10.975343,Queens Park Rangers (QPR) Matchday Experience,https://homefans.com/product/queens-park-rangers-qpr-matchday-experience/?utm_source=klaviyo&utm_medium=email&utm_campaign=post_purchase_upsell&utm_content=upsell_suggestion_1,,,high,London,United Kingdom,Europe,,,,,,,,,,10.975343,low,https://homefans.com/product/queens-park-rangers-qpr-matchday-experience/
2,Fulham Matchday: Riverside Wal…,Fulham Matchday Experience,geo_destination_fill_same_city,approved_geo_fill_same_city,0,same_city,98,5.882192,1,1,2026-02-06,1,"Fulham Matchday: Riverside Walk, Local Pubs & Craven Cottage Atmosphere",https://homefans.com/product/fulham-matchday-riverside-walk-local-pubs-craven-cottage-atmosphere/,high,London,United Kingdom,Europe,,2026-04-07,3,5.882192,Fulham Matchday Experience,https://homefans.com/product/watch-live-fulham-at-craven-cottage/?utm_source=klaviyo&utm_medium=email&utm_campaign=post_purchase_upsell&utm_content=upsell_suggestion_2,,,high,London,United Kingdom,Europe,,,,,,,,,,5.882192,low,https://homefans.com/product/watch-live-fulham-at-craven-cottage/
3,Fulham Matchday: Riverside Wal…,London: The West Ham United Experience,geo_destination_fill_same_city,approved_geo_fill_same_city,0,same_city,98,5.339727,1,1,2026-02-06,1,"Fulham Matchday: Riverside Walk, Local Pubs & Craven Cottage Atmosphere",https://homefans.com/product/fulham-matchday-riverside-walk-local-pubs-craven-cottage-atmosphere/,high,London,United Kingdom,Europe,,2026-02-15,3,5.339727,London: The West Ham United Experience,https://homefans.com/product/the-west-ham-experience/?utm_source=klaviyo&utm_medium=email&utm_campaign=post_purchase_upsell&utm_content=upsell_suggestion_3,,,high,London,United Kingdom,Europe,,,,,,,,,,5.339727,low,https://homefans.com/product/the-west-ham-experience/
1,Hotel Upgrade,Boca Juniors Matchday Like a Local at La Bombonera – Long Side Seats with Transport,geo_destination_fill_same_city,approved_geo_fill_same_city,0,same_city,98,297.326031,1,1,2026-02-27,1,Hotel Upgrade,https://homefans.com/product/hotel-upgrade/,high,Buenos Aires,Argentina,South America,,2026-04-13,185,297.326031,Boca Juniors Matchday Like a Local at La Bombonera – Long Side Seats with Transport,https://homefans.com/product/boca-juniors-matchday-experience-4/?utm_source=klaviyo&utm_medium=email&utm_campaign=post_purchase_upsell&utm_content=upsell_suggestion_1,,,high,Buenos Aires,Argentina,South America,,,,,,,,,,297.326031,low,https://homefans.com/product/boca-juniors-matchday-experience-4/
2,Hotel Upgrade,Experience River Plate Matchday like a local at El Monumental – Shortside Seats,geo_destination_fill_same_city,approved_geo_fill_same_city,0,same_city,98,200.791785,1,1,2026-02-27,1,Hotel Upgrade,https://homefans.com/product/hotel-upgrade/,high,Buenos Aires,Argentina,South America,,2026-04-13,128,200.791785,Experience River Plate Matchday like a local at El Monumental – Shortside Seats,https://homefans.com/product/river-plate-matchday-experience/?utm_source=klaviyo&utm_medium=email&utm_campaign=post_purchase_upsell&utm_content=upsell_suggestion_2,,,high,Buenos Aires,Argentina,South America,,,,,,,,,,200.791785,low,https://homefans.com/product/river-plate-matchday-experience/
3,Hotel Upgrade,Boca Juniors Popular Matchday Experience (Standing Section),geo_destination_fill_same_city,approved_geo_fill_same_city,0,same_city,98,137.657534,1,1,2026-02-27,1,Hotel Upgrade,https://homefans.com/product/hotel-upgrade/,high,Buenos Aires,Argentina,South America,,2026-04-05,86,137.657534,Boca Juniors Popular Matchday Experience (Standing Section),https://homefans.com/product/boca-juniors-matchday-experience/?utm_source=klaviyo&utm_medium=email&utm_campaign=post_purchase_upsell&utm_content=upsell_suggestion_3,,,high,Buenos Aires,Argentina,South America,,,,,,,,,,137.657534,low,https://homefans.com/product/boca-juniors-matchday-experience/
1,Le Classique: Paris Saint Germ…,Paris Saint Germain Matchday Experience (Long Side Upper),geo_destination_fill_same_city,approved_geo_fill_same_city,0,same_city,98,13.632876,1,1,2025-12-04,1,Le Classique: Paris Saint Germain v Olympique Marseille,https://homefans.com/product/le-classique/,high,Paris,France,Europe,,2026-04-08,8,13.632876,Paris Saint Germain Matchday Experience (Long Side Upper),https://homefans.com/product/ultimate-paris-matchday-experience-psg/?utm_source=klaviyo&utm_medium=email&utm_campaign=post_purchase_upsell&utm_content=upsell_suggestion_1,,,high,Paris,France,Europe,,,,,,,,,,13.632876,low,https://homefans.com/product/ultimate-paris-matchday-experience-psg/
2,Le Classique: Paris Saint Germ…,Olympique Marseille Matchday Experience,geo_destination_fill_same_country,approved_geo_fill_same_country,1,same_country,99,3.545206,1,1,2025-12-04,1,Le Classique: Paris Saint Germain v Olympique Marseille,https://homefans.com/product/le-classique/,high,Paris,France,Europe,,2026-02-11,2,3.545206,Olympique Marseille Matchday Experience,https://homefans.com/product/olympique-marseille-matchday-experience/?utm_source=klaviyo&utm_medium=email&utm_campaign=post_purchase_upsell&utm_content=upsell_suggestion_2,,,high,Marseille,France,Europe,,,,,,,,,,3.545206,low,https://homefans.com/product/olympique-marseille-matchday-experience/
3,Le Classique: Paris Saint Germ…,Experience San Siro like a true Local: AC Milan matchday experience,geo_destination_fill_same_continent,approved_geo_fill_same_continent,3,same_continent,101,82.632875,1,1,2025-12-04,1,Le Classique: Paris Saint Germain v Olympique Marseille,https://homefans.com/product/le-classique/,high,Paris,France,Europe,,2026-04-07,51,82.632875,Experience San Siro like a true Local: AC Milan matchday experience,https://homefans.com/product/experience-ac-milan-live-at-san-siro/?utm_source=klaviyo&utm_medium=email&utm_campaign=post_purchase_upsell&utm_content=upsell_suggestion_3,,,high,Milan,Italy,Europe,,,,,,,,,,82.632875,low,https://homefans.com/product/experience-ac-milan-live-at-san-siro/
1,Live Football Match In Seoul W…,Watching Baseball in Seoul & Local Dining Experience,geo_destination_fill_same_city,approved_geo_fill_same_city,0,same_city,98,1.953425,1,1,2026-01-20,1,Live Football Match In Seoul With Pre-Game KBBQ,https://homefans.com/product/live-football-match-in-seoul-with-pre-game-kbbq/,high,Seoul,South Korea,Asia,,2026-03-27,1,1.953425,Watching Baseball in Seoul & Local Dining Experience,https://homefans.com/product/watching-baseball-in-seoul-local-dining-experience/?utm_source=klaviyo&utm_medium=email&utm_campaign=post_purchase_upsell&utm_content=upsell_suggestion_1,,,high,Seoul,South Korea,Asia,,,,,,,,,,1.953425,low,https://homefans.com/product/watching-baseball-in-seoul-local-dining-experience/
2,Live Football Match In Seoul W…,Ultimate Korea: A Sports & Culture Experience Like No Other 🇰🇷,geo_destination_fill_same_city,approved_geo_fill_same_city,0,same_city,98,1.912329,1,1,2026-01-20,1,Live Football Match In Seoul With Pre-Game KBBQ,https://homefans.com/product/live-football-match-in-seoul-with-pre-game-kbbq/,high,Seoul,South Korea,Asia,,2026-03-12,1,1.912329,Ultimate Korea: A Sports & Culture Experience Like No Other 🇰🇷,https://homefans.com/product/ultimate-korea-a-sports-culture-experience-like-no-other-%f0%9f%87%b0%f0%9f%87%b7/?utm_source=klaviyo&utm_medium=email&utm_campaign=post_purchase_upsell&utm_content=upsell_suggestion_2,,,high,Seoul,South Korea,Asia,,,,,,,,,,1.912329,low,https://homefans.com/product/ultimate-korea-a-sports-culture-experience-like-no-other-%f0%9f%87%b0%f0%9f%87%b7/
1,Live Napoli: A 3-Day journey t…,SSC Napoli Matchday Experience with Maradona Tour,geo_destination_fill_same_city,approved_geo_fill_same_city,0,same_city,98,71.131504,1,1,2025-11-15,1,Live Napoli: A 3-Day journey through Football and Culture,https://homefans.com/product/ss-napoli-match-break/,high,Naples,Italy,Europe,,2026-03-25,49,71.131504,SSC Napoli Matchday Experience with Maradona Tour,https://homefans.com/product/ssc-napoli-football-and-maradona-experience/?utm_source=klaviyo&utm_medium=email&utm_campaign=post_purchase_upsell&utm_content=upsell_suggestion_1,,,high,Naples,Italy,Europe,,,,,,,,,,71.131504,low,https://homefans.com/product/ssc-napoli-football-and-maradona-experience/
2,Live Napoli: A 3-Day journey t…,Watch Napoli live at the Stadio Diego Armando Maradona,geo_destination_fill_same_city,approved_geo_fill_same_city,0,same_city,98,37.413698,1,1,2025-11-15,1,Live Napoli: A 3-Day journey through Football and Culture,https://homefans.com/product/ss-napoli-match-break/,high,Naples,Italy,Europe,,2026-03-18,25,37.413698,Watch Napoli live at the Stadio Diego Armando Maradona,https://homefans.com/product/watch-napoli-live-at-the-stadio-diego-armando-maradona/?utm_source=klaviyo&utm_medium=email&utm_campaign=post_purchase_upsell&utm_content=upsell_suggestion_2,,,high,Naples,Italy,Europe,,,,,,,,,,37.413698,low,https://homefans.com/product/watch-napoli-live-at-the-stadio-diego-armando-maradona/
3,Live Napoli: A 3-Day journey t…,"Diego Maradona Legacy Tour: Football, Culture, and Pizza in Naples",geo_destination_fill_same_city,approved_geo_fill_same_city,0,same_city,98,34.728769,1,1,2025-11-15,1,Live Napoli: A 3-Day journey through Football and Culture,https://homefans.com/product/ss-napoli-match-break/,high,Naples,Italy,Europe,,2026-04-07,22,34.728769,"Diego Maradona Legacy Tour: Football, Culture, and Pizza in Naples",https://homefans.com/product/napoli-murals-and-maradona-city-tour/?utm_source=klaviyo&utm_medium=email&utm_campaign=post_purchase_upsell&utm_content=upsell_suggestion_3,,,high,Naples,Italy,Europe,,,,,,,,,,34.728769,low,https://homefans.com/product/napoli-murals-and-maradona-city-tour/
1,Lucha Libre Experience in Méxi…,"C.D. Guadalajara: Las Chivas Matchday experience (@Guadalajara, Mexico)",geo_destination_fill_same_city,approved_geo_fill_same_city,0,same_city,98,6.649315,1,1,2025-06-23,1,"Lucha Libre in Guadalajara, CMLL the best wrestling in the world!",https://homefans.com/product/lucha-libre-in-guadalajara-cmll-the-best-wrestling-in-the-world/,high,Guadalajara,Mexico,North America,,2026-02-14,4,6.649315,"C.D. Guadalajara: Las Chivas Matchday experience (@Guadalajara, Mexico)",https://homefans.com/product/c-d-guadalajara-las-chivas-matchday-experience/?utm_source=klaviyo&utm_medium=email&utm_campaign=post_purchase_upsell&utm_content=upsell_suggestion_1,,,high,Guadalajara,Mexico,North America,,,,,,,,,,6.649315,low,https://homefans.com/product/c-d-guadalajara-las-chivas-matchday-experience/
2,Lucha Libre Experience in Méxi…,"Club América Match Day Experience, México City",geo_destination_fill_same_country,approved_geo_fill_same_country,1,same_country,99,32.652056,1,1,2025-06-23,1,"Lucha Libre in Guadalajara, CMLL the best wrestling in the world!",https://homefans.com/product/lucha-libre-in-guadalajara-cmll-the-best-wrestling-in-the-world/,high,Guadalajara,Mexico,North America,,2026-03-19,22,32.652056,"Club América Match Day Experience, México City",https://homefans.com/product/club-america-match-day-experience-mexico-city/?utm_source=klaviyo&utm_medium=email&utm_campaign=post_purchase_upsell&utm_content=upsell_suggestion_2,,,high,Mexico City,Mexico,North America,,,,,,,,,,32.652056,low,https://homefans.com/product/club-america-match-day-experience-mexico-city/
3,Lucha Libre Experience in Méxi…,"Cruz Azul FC Match Day Experience, PUEBLA CITY (Travelling from México City)",geo_destination_fill_same_country,approved_geo_fill_same_country,1,same_country,99,10.684932,1,1,2025-06-23,1,"Lucha Libre in Guadalajara, CMLL the best wrestling in the world!",https://homefans.com/product/lucha-libre-in-guadalajara-cmll-the-best-wrestling-in-the-world/,high,Guadalajara,Mexico,North America,,2025-10-04,8,10.684932,"Cruz Azul FC Match Day Experience, PUEBLA CITY (Travelling from México City)",https://homefans.com/product/matchday-mexico-city/?utm_source=klaviyo&utm_medium=email&utm_campaign=post_purchase_upsell&utm_content=upsell_suggestion_3,,,high,Puebla,Mexico,North America,,,,,,,,,,10.684932,low,https://homefans.com/product/matchday-mexico-city/
1,Madrid: Real Madrid Stadium,Real Madrid Matchday Experience – Football & Tapas,geo_destination_fill_same_city,approved_geo_fill_same_city,0,same_city,98,15.539727,1,1,2025-06-20,1,Madrid: Real Madrid Bernabeu Stadium Tour with Tapas,https://homefans.com/product/madrid-real-madrid-bernabeu-stadium-tour-with-tapas/,high,Madrid,Spain,Europe,,2026-02-16,10,15.539727,Real Madrid Matchday Experience – Football & Tapas,https://homefans.com/product/real-madrid-matchday-experience-football-tapas-city-tour/?utm_source=klaviyo&utm_medium=email&utm_campaign=post_purchase_upsell&utm_content=upsell_suggestion_1,,,high,Madrid,Spain,Europe,,,,,,,,,,15.539727,low,https://homefans.com/product/real-madrid-matchday-experience-football-tapas-city-tour/
2,Madrid: Real Madrid Stadium,Atletico Madrid Matchday Experience,geo_destination_fill_same_city,approved_geo_fill_same_city,0,same_city,98,6.983562,1,1,2025-06-20,1,Madrid: Real Madrid Bernabeu Stadium Tour with Tapas,https://homefans.com/product/madrid-real-madrid-bernabeu-stadium-tour-with-tapas/,high,Madrid,Spain,Europe,,2026-03-28,4,6.983562,Atletico Madrid Matchday Experience,https://homefans.com/product/atletico-madrid-matchday-experience-2/?utm_source=klaviyo&utm_medium=email&utm_campaign=post_purchase_upsell&utm_content=upsell_suggestion_2,,,high,Madrid,Spain,Europe,,,,,,,,,,6.983562,low,https://homefans.com/product/atletico-madrid-matchday-experience-2/
3,Madrid: Real Madrid Stadium,⚽ Enjoy a Barça game like a local fan: Prematch+Best Fan Seats,geo_destination_fill_same_country,approved_geo_fill_same_country,1,same_country,99,23.742466,1,1,2025-06-20,1,Madrid: Real Madrid Bernabeu Stadium Tour with Tapas,https://homefans.com/product/madrid-real-madrid-bernabeu-stadium-tour-with-tapas/,high,Madrid,Spain,Europe,,2026-02-12,15,23.742466,⚽ Enjoy a Barça game like a local fan: Prematch+Best Fan Seats,https://homefans.com/product/enjoy-barca-football-like-a-real-cule/?utm_source=klaviyo&utm_medium=email&utm_campaign=post_purchase_upsell&utm_content=upsell_suggestion_3,,,high,Barcelona,Spain,Europe,,,,,,,,,,23.742466,low,https://homefans.com/product/enjoy-barca-football-like-a-real-cule/
2,Manchester United Pre-Match Ex…,Manchester United Matchday Experience,geo_destination_fill_same_city,approved_geo_fill_same_city,0,same_city,98,6.39726,1,1,2026-04-09,1,Manchester United Pre-Match Experience – Old Trafford Build-Up with a Local Fan (No Match Ticket Included),https://homefans.com/product/manchester-united-matchday-experience-in-manchester/,high,Manchester,United Kingdom,Europe,,2025-12-13,4,6.39726,Manchester United Matchday Experience,https://homefans.com/product/manchester-united-matchday-experience/?utm_source=klaviyo&utm_medium=email&utm_campaign=post_purchase_upsell&utm_content=upsell_suggestion_2,,,high,Manchester,United Kingdom,Europe,,,,,,,,,,6.39726,low,https://homefans.com/product/manchester-united-matchday-experience/
3,Manchester United Pre-Match Ex…,Queens Park Rangers (QPR) Matchday Experience,geo_destination_fill_same_country,approved_geo_fill_same_country,1,same_country,99,10.975343,1,1,2026-04-09,1,Manchester United Pre-Match Experience – Old Trafford Build-Up with a Local Fan (No Match Ticket Included),https://homefans.com/product/manchester-united-matchday-experience-in-manchester/,high,Manchester,United Kingdom,Europe,,2026-03-29,7,10.975343,Queens Park Rangers (QPR) Matchday Experience,https://homefans.com/product/queens-park-rangers-qpr-matchday-experience/?utm_source=klaviyo&utm_medium=email&utm_campaign=post_purchase_upsell&utm_content=upsell_suggestion_3,,,high,London,United Kingdom,Europe,,,,,,,,,,10.975343,low,https://homefans.com/product/queens-park-rangers-qpr-matchday-experience/
1,Matchday Morumbi Stadium,São Paulo FC Matchday Experience,geo_destination_fill_same_city,approved_geo_fill_same_city,0,same_city,98,111.56439,1,1,2026-03-10,1,Matchday Morumbi Stadium,https://homefans.com/product/matchday-morumbi-stadium/,high,São Paulo,Brazil,South America,,2026-04-10,69,111.56439,São Paulo FC Matchday Experience,https://homefans.com/product/sao-paulo-fc-matchday-experience/?utm_source=klaviyo&utm_medium=email&utm_campaign=post_purchase_upsell&utm_content=upsell_suggestion_1,,,high,São Paulo,Brazil,South America,,,,,,,,,,111.56439,low,https://homefans.com/product/sao-paulo-fc-matchday-experience/
2,Matchday Morumbi Stadium,Corinthians Paulista Matchday Experience with local,geo_destination_fill_same_city,approved_geo_fill_same_city,0,same_city,98,101.421921,1,1,2026-03-10,1,Matchday Morumbi Stadium,https://homefans.com/product/matchday-morumbi-stadium/,high,São Paulo,Brazil,South America,,2026-04-11,63,101.421921,Corinthians Paulista Matchday Experience with local,https://homefans.com/product/sport-club-corinthians-matchday-experience/?utm_source=klaviyo&utm_medium=email&utm_campaign=post_purchase_upsell&utm_content=upsell_suggestion_2,,,high,São Paulo,Brazil,South America,,,,,,,,,,101.421921,low,https://homefans.com/product/sport-club-corinthians-matchday-experience/
3,Matchday Morumbi Stadium,SE Palmeiras Matchday Experience with local fan,geo_destination_fill_same_city,approved_geo_fill_same_city,0,same_city,98,87.380826,1,1,2026-03-10,1,Matchday Morumbi Stadium,https://homefans.com/product/matchday-morumbi-stadium/,high,São Paulo,Brazil,South America,,2026-04-13,57,87.380826,SE Palmeiras Matchday Experience with local fan,https://homefans.com/product/se-palmeiras-matchday-experience/?utm_source=klaviyo&utm_medium=email&utm_campaign=post_purchase_upsell&utm_content=upsell_suggestion_3,,,high,São Paulo,Brazil,South America,,,,,,,,,,87.380826,low,https://homefans.com/product/se-palmeiras-matchday-experience/
1,Milan Weekend Break: Matchday…,Experience San Siro like a true Local: AC Milan matchday experience,geo_destination_fill_same_city,approved_geo_fill_same_city,0,same_city,98,82.632875,1,1,2026-01-23,1,Milan Weekend Break: Matchday & More,https://homefans.com/product/inter-milan-weekend-trip/,high,Milan,Italy,Europe,,2026-04-07,51,82.632875,Experience San Siro like a true Local: AC Milan matchday experience,https://homefans.com/product/experience-ac-milan-live-at-san-siro/?utm_source=klaviyo&utm_medium=email&utm_campaign=post_purchase_upsell&utm_content=upsell_suggestion_1,,,high,Milan,Italy,Europe,,,,,,,,,,82.632875,low,https://homefans.com/product/experience-ac-milan-live-at-san-siro/
2,Milan Weekend Break: Matchday…,Internazionale matchday experience: Live a game of Inter with locals,geo_destination_fill_same_city,approved_geo_fill_same_city,0,same_city,98,36.358904,1,1,2026-01-23,1,Milan Weekend Break: Matchday & More,https://homefans.com/product/inter-milan-weekend-trip/,high,Milan,Italy,Europe,,2026-03-25,22,36.358904,Internazionale matchday experience: Live a game of Inter with locals,https://homefans.com/product/inter-milan-matchday-experience/?utm_source=klaviyo&utm_medium=email&utm_campaign=post_purchase_upsell&utm_content=upsell_suggestion_2,,,high,Milan,Italy,Europe,,,,,,,,,,36.358904,low,https://homefans.com/product/inter-milan-matchday-experience/
3,Milan Weekend Break: Matchday…,Derby Della Madonnina: AC Milan v Internazionale,geo_destination_fill_same_city,approved_geo_fill_same_city,0,same_city,98,5.90411,1,1,2026-01-23,1,Milan Weekend Break: Matchday & More,https://homefans.com/product/inter-milan-weekend-trip/,high,Milan,Italy,Europe,,2025-12-04,4,5.90411,Derby Della Madonnina: AC Milan v Internazionale,https://homefans.com/product/derby-della-madonnina-ac-milan-v-internazionale/?utm_source=klaviyo&utm_medium=email&utm_campaign=post_purchase_upsell&utm_content=upsell_suggestion_3,,,high,Milan,Italy,Europe,,,,,,,,,,5.90411,low,https://homefans.com/product/derby-della-madonnina-ac-milan-v-internazionale/
1,Millwall Matchday Experience a…,Queens Park Rangers (QPR) Matchday Experience,geo_destination_fill_same_city,approved_geo_fill_same_city,0,same_city,98,10.975343,1,1,2025-12-19,1,Millwall Matchday Experience at The New Den – Ticket only,https://homefans.com/product/experience-millwall-live-at-the-den/,high,London,United Kingdom,Europe,,2026-03-29,7,10.975343,Queens Park Rangers (QPR) Matchday Experience,https://homefans.com/product/queens-park-rangers-qpr-matchday-experience/?utm_source=klaviyo&utm_medium=email&utm_campaign=post_purchase_upsell&utm_content=upsell_suggestion_1,,,high,London,United Kingdom,Europe,,,,,,,,,,10.975343,low,https://homefans.com/product/queens-park-rangers-qpr-matchday-experience/
2,Millwall Matchday Experience a…,Fulham Matchday Experience,geo_destination_fill_same_city,approved_geo_fill_same_city,0,same_city,98,5.882192,1,1,2025-12-19,1,Millwall Matchday Experience at The New Den – Ticket only,https://homefans.com/product/experience-millwall-live-at-the-den/,high,London,United Kingdom,Europe,,2026-04-07,3,5.882192,Fulham Matchday Experience,https://homefans.com/product/watch-live-fulham-at-craven-cottage/?utm_source=klaviyo&utm_medium=email&utm_campaign=post_purchase_upsell&utm_content=upsell_suggestion_2,,,high,London,United Kingdom,Europe,,,,,,,,,,5.882192,low,https://homefans.com/product/watch-live-fulham-at-craven-cottage/
3,Millwall Matchday Experience a…,London: The West Ham United Experience,geo_destination_fill_same_city,approved_geo_fill_same_city,0,same_city,98,5.339727,1,1,2025-12-19,1,Millwall Matchday Experience at The New Den – Ticket only,https://homefans.com/product/experience-millwall-live-at-the-den/,high,London,United Kingdom,Europe,,2026-02-15,3,5.339727,London: The West Ham United Experience,https://homefans.com/product/the-west-ham-experience/?utm_source=klaviyo&utm_medium=email&utm_campaign=post_purchase_upsell&utm_content=upsell_suggestion_3,,,high,London,United Kingdom,Europe,,,,,,,,,,5.339727,low,https://homefans.com/product/the-west-ham-experience/
1,No title (600),Watch Flamengo at Maracanã: Ticket + Matchday Experience with a Local!,geo_destination_fill_same_country,approved_geo_fill_same_country,1,same_country,99,689.797273,1,1,2025-05-26,1,,,,,Brazil,South America,,2026-04-12,437,689.797273,Watch Flamengo at Maracanã: Ticket + Matchday Experience with a Local!,https://homefans.com/product/flamengo-live-at-maracana-stadium/?utm_source=klaviyo&utm_medium=email&utm_campaign=post_purchase_upsell&utm_content=upsell_suggestion_1,,,high,Rio de Janeiro,Brazil,South America,,,,,,,,,,689.797273,low,https://homefans.com/product/flamengo-live-at-maracana-stadium/
2,No title (600),See Fluminense like a local at Maracanã Stadium,geo_destination_fill_same_country,approved_geo_fill_same_country,1,same_country,99,695.83289,1,1,2025-05-26,1,,,,,Brazil,South America,,2026-04-13,427,695.83289,See Fluminense like a local at Maracanã Stadium,https://homefans.com/product/watch-fluminense-live-at-maracana-stadium/?utm_source=klaviyo&utm_medium=email&utm_campaign=post_purchase_upsell&utm_content=upsell_suggestion_2,,,high,Rio de Janeiro,Brazil,South America,,,,,,,,,,695.83289,low,https://homefans.com/product/watch-fluminense-live-at-maracana-stadium/
3,No title (600),"⭐ Best Rated | Flamengo Matchday at Maracanã – Tickets, Pre Match Experience & Local Host",geo_destination_fill_same_country,approved_geo_fill_same_country,1,same_country,99,308.391772,1,1,2025-05-26,1,,,,,Brazil,South America,,2026-04-13,187,308.391772,"⭐ Best Rated | Flamengo Matchday at Maracanã – Tickets, Pre Match Experience & Local Host",https://homefans.com/product/flamengo-match-day-experience-tour/?utm_source=klaviyo&utm_medium=email&utm_campaign=post_purchase_upsell&utm_content=upsell_suggestion_3,,,high,Rio de Janeiro,Brazil,South America,,,,,,,,,,308.391772,low,https://homefans.com/product/flamengo-match-day-experience-tour/
1,Pisa SC Matchday Experience,Experience San Siro like a true Local: AC Milan matchday experience,geo_destination_fill_same_country,approved_geo_fill_same_country,1,same_country,99,82.632875,1,1,2025-07-31,1,Pisa SC Matchday Experience,https://homefans.com/product/pisa-sc-matchday-experience/,high,Pisa,Italy,Europe,,2026-04-07,51,82.632875,Experience San Siro like a true Local: AC Milan matchday experience,https://homefans.com/product/experience-ac-milan-live-at-san-siro/?utm_source=klaviyo&utm_medium=email&utm_campaign=post_purchase_upsell&utm_content=upsell_suggestion_1,,,high,Milan,Italy,Europe,,,,,,,,,,82.632875,low,https://homefans.com/product/experience-ac-milan-live-at-san-siro/
2,Pisa SC Matchday Experience,SSC Napoli Matchday Experience with Maradona Tour,geo_destination_fill_same_country,approved_geo_fill_same_country,1,same_country,99,71.131504,1,1,2025-07-31,1,Pisa SC Matchday Experience,https://homefans.com/product/pisa-sc-matchday-experience/,high,Pisa,Italy,Europe,,2026-03-25,49,71.131504,SSC Napoli Matchday Experience with Maradona Tour,https://homefans.com/product/ssc-napoli-football-and-maradona-experience/?utm_source=klaviyo&utm_medium=email&utm_campaign=post_purchase_upsell&utm_content=upsell_suggestion_2,,,high,Naples,Italy,Europe,,,,,,,,,,71.131504,low,https://homefans.com/product/ssc-napoli-football-and-maradona-experience/
3,Pisa SC Matchday Experience,Watch Napoli live at the Stadio Diego Armando Maradona,geo_destination_fill_same_country,approved_geo_fill_same_country,1,same_country,99,37.413698,1,1,2025-07-31,1,Pisa SC Matchday Experience,https://homefans.com/product/pisa-sc-matchday-experience/,high,Pisa,Italy,Europe,,2026-03-18,25,37.413698,Watch Napoli live at the Stadio Diego Armando Maradona,https://homefans.com/product/watch-napoli-live-at-the-stadio-diego-armando-maradona/?utm_source=klaviyo&utm_medium=email&utm_campaign=post_purchase_upsell&utm_content=upsell_suggestion_3,,,high,Naples,Italy,Europe,,,,,,,,,,37.413698,low,https://homefans.com/product/watch-napoli-live-at-the-stadio-diego-armando-maradona/
1,Private Transportation,Boca Juniors Matchday Like a Local at La Bombonera – Long Side Seats with Transport,geo_destination_fill_same_city,approved_geo_fill_same_city,0,same_city,98,297.326031,1,2,2026-04-07,2,Private Transportation,https://homefans.com/product/private-transportation/,high,Buenos Aires,Argentina,South America,,2026-04-13,185,297.326031,Boca Juniors Matchday Like a Local at La Bombonera – Long Side Seats with Transport,https://homefans.com/product/boca-juniors-matchday-experience-4/?utm_source=klaviyo&utm_medium=email&utm_campaign=post_purchase_upsell&utm_content=upsell_suggestion_1,,,high,Buenos Aires,Argentina,South America,,,,,,,,,,297.326031,low,https://homefans.com/product/boca-juniors-matchday-experience-4/
2,Private Transportation,Experience River Plate Matchday like a local at El Monumental – Shortside Seats,geo_destination_fill_same_city,approved_geo_fill_same_city,0,same_city,98,200.791785,1,2,2026-04-07,2,Private Transportation,https://homefans.com/product/private-transportation/,high,Buenos Aires,Argentina,South America,,2026-04-13,128,200.791785,Experience River Plate Matchday like a local at El Monumental – Shortside Seats,https://homefans.com/product/river-plate-matchday-experience/?utm_source=klaviyo&utm_medium=email&utm_campaign=post_purchase_upsell&utm_content=upsell_suggestion_2,,,high,Buenos Aires,Argentina,South America,,,,,,,,,,200.791785,low,https://homefans.com/product/river-plate-matchday-experience/
3,Private Transportation,Boca Juniors Popular Matchday Experience (Standing Section),geo_destination_fill_same_city,approved_geo_fill_same_city,0,same_city,98,137.657534,1,2,2026-04-07,2,Private Transportation,https://homefans.com/product/private-transportation/,high,Buenos Aires,Argentina,South America,,2026-04-05,86,137.657534,Boca Juniors Popular Matchday Experience (Standing Section),https://homefans.com/product/boca-juniors-matchday-experience/?utm_source=klaviyo&utm_medium=email&utm_campaign=post_purchase_upsell&utm_content=upsell_suggestion_3,,,high,Buenos Aires,Argentina,South America,,,,,,,,,,137.657534,low,https://homefans.com/product/boca-juniors-matchday-experience/
2,Pumas UNAM Matchday: Local Roa…,"Pumas UNAM Match Day Experience, Mexico City",geo_destination_fill_same_city,approved_geo_fill_same_city,0,same_city,98,9.120548,1,2,2026-02-04,2,Pumas UNAM Matchday: Local Roar at Olímpico Universitario,https://homefans.com/product/pumas-unam-matchday-local-roar-at-olimpico-universitario/,high,Mexico City,Mexico,North America,,2026-03-10,5,9.120548,"Pumas UNAM Match Day Experience, Mexico City",https://homefans.com/product/pumas-unam-match-day-experience-mexico-city/?utm_source=klaviyo&utm_medium=email&utm_campaign=post_purchase_upsell&utm_content=upsell_suggestion_2,,,high,Mexico City,Mexico,North America,,,,,,,,,,9.120548,low,https://homefans.com/product/pumas-unam-match-day-experience-mexico-city/
3,Pumas UNAM Matchday: Local Roa…,Experience Teotihuacán from the Skies & Lunch at a Unique Football Spot,geo_destination_fill_same_city,approved_geo_fill_same_city,0,same_city,98,1.871233,1,2,2026-02-04,2,Pumas UNAM Matchday: Local Roar at Olímpico Universitario,https://homefans.com/product/pumas-unam-matchday-local-roar-at-olimpico-universitario/,high,Mexico City,Mexico,North America,,2026-02-25,1,1.871233,Experience Teotihuacán from the Skies & Lunch at a Unique Football Spot,https://homefans.com/product/experience-teotihuacan-from-the-skies-lunch-at-a-unique-football-spot/?utm_source=klaviyo&utm_medium=email&utm_campaign=post_purchase_upsell&utm_content=upsell_suggestion_3,,,high,Mexico City,Mexico,North America,,,,,,,,,,1.871233,low,https://homefans.com/product/experience-teotihuacan-from-the-skies-lunch-at-a-unique-football-spot/
1,Queens Park Rangers Pre-match…,Queens Park Rangers (QPR) Matchday Experience,geo_destination_fill_same_city,approved_geo_fill_same_city,0,same_city,98,10.975343,1,1,2025-11-04,1,Queens Park Rangers Pre-match Experience,https://homefans.com/product/queens-park-rangers-pre-match-experience/,high,London,United Kingdom,Europe,,2026-03-29,7,10.975343,Queens Park Rangers (QPR) Matchday Experience,https://homefans.com/product/queens-park-rangers-qpr-matchday-experience/?utm_source=klaviyo&utm_medium=email&utm_campaign=post_purchase_upsell&utm_content=upsell_suggestion_1,,,high,London,United Kingdom,Europe,,,,,,,,,,10.975343,low,https://homefans.com/product/queens-park-rangers-qpr-matchday-experience/
2,Queens Park Rangers Pre-match…,Fulham Matchday Experience,geo_destination_fill_same_city,approved_geo_fill_same_city,0,same_city,98,5.882192,1,1,2025-11-04,1,Queens Park Rangers Pre-match Experience,https://homefans.com/product/queens-park-rangers-pre-match-experience/,high,London,United Kingdom,Europe,,2026-04-07,3,5.882192,Fulham Matchday Experience,https://homefans.com/product/watch-live-fulham-at-craven-cottage/?utm_source=klaviyo&utm_medium=email&utm_campaign=post_purchase_upsell&utm_content=upsell_suggestion_2,,,high,London,United Kingdom,Europe,,,,,,,,,,5.882192,low,https://homefans.com/product/watch-live-fulham-at-craven-cottage/
3,Queens Park Rangers Pre-match…,London: The West Ham United Experience,geo_destination_fill_same_city,approved_geo_fill_same_city,0,same_city,98,5.339727,1,1,2025-11-04,1,Queens Park Rangers Pre-match Experience,https://homefans.com/product/queens-park-rangers-pre-match-experience/,high,London,United Kingdom,Europe,,2026-02-15,3,5.339727,London: The West Ham United Experience,https://homefans.com/product/the-west-ham-experience/?utm_source=klaviyo&utm_medium=email&utm_campaign=post_purchase_upsell&utm_content=upsell_suggestion_3,,,high,London,United Kingdom,Europe,,,,,,,,,,5.339727,low,https://homefans.com/product/the-west-ham-experience/
1,Racing Club Matchday at El Cil…,Boca Juniors Matchday Like a Local at La Bombonera – Long Side Seats with Transport,geo_destination_fill_same_city,approved_geo_fill_same_city,0,same_city,98,297.326031,1,1,2025-09-18,1,Racing Club Matchday at El Cilindro 📘📘📘,https://homefans.com/product/racing-club-match-day-experience-2/,high,Buenos Aires,Argentina,South America,,2026-04-13,185,297.326031,Boca Juniors Matchday Like a Local at La Bombonera – Long Side Seats with Transport,https://homefans.com/product/boca-juniors-matchday-experience-4/?utm_source=klaviyo&utm_medium=email&utm_campaign=post_purchase_upsell&utm_content=upsell_suggestion_1,,,high,Buenos Aires,Argentina,South America,,,,,,,,,,297.326031,low,https://homefans.com/product/boca-juniors-matchday-experience-4/
2,Racing Club Matchday at El Cil…,Experience River Plate Matchday like a local at El Monumental – Shortside Seats,geo_destination_fill_same_city,approved_geo_fill_same_city,0,same_city,98,200.791785,1,1,2025-09-18,1,Racing Club Matchday at El Cilindro 📘📘📘,https://homefans.com/product/racing-club-match-day-experience-2/,high,Buenos Aires,Argentina,South America,,2026-04-13,128,200.791785,Experience River Plate Matchday like a local at El Monumental – Shortside Seats,https://homefans.com/product/river-plate-matchday-experience/?utm_source=klaviyo&utm_medium=email&utm_campaign=post_purchase_upsell&utm_content=upsell_suggestion_2,,,high,Buenos Aires,Argentina,South America,,,,,,,,,,200.791785,low,https://homefans.com/product/river-plate-matchday-experience/
3,Racing Club Matchday at El Cil…,Boca Juniors Popular Matchday Experience (Standing Section),geo_destination_fill_same_city,approved_geo_fill_same_city,0,same_city,98,137.657534,1,1,2025-09-18,1,Racing Club Matchday at El Cilindro 📘📘📘,https://homefans.com/product/racing-club-match-day-experience-2/,high,Buenos Aires,Argentina,South America,,2026-04-05,86,137.657534,Boca Juniors Popular Matchday Experience (Standing Section),https://homefans.com/product/boca-juniors-matchday-experience/?utm_source=klaviyo&utm_medium=email&utm_campaign=post_purchase_upsell&utm_content=upsell_suggestion_3,,,high,Buenos Aires,Argentina,South America,,,,,,,,,,137.657534,low,https://homefans.com/product/boca-juniors-matchday-experience/
1,Rio de Janeiro Women’s Footbal…,Watch Flamengo at Maracanã: Ticket + Matchday Experience with a Local!,geo_destination_fill_same_city,approved_geo_fill_same_city,0,same_city,98,689.797273,1,1,2025-06-16,1,,,,Rio de Janeiro,Brazil,South America,,2026-04-12,437,689.797273,Watch Flamengo at Maracanã: Ticket + Matchday Experience with a Local!,https://homefans.com/product/flamengo-live-at-maracana-stadium/?utm_source=klaviyo&utm_medium=email&utm_campaign=post_purchase_upsell&utm_content=upsell_suggestion_1,,,high,Rio de Janeiro,Brazil,South America,,,,,,,,,,689.797273,low,https://homefans.com/product/flamengo-live-at-maracana-stadium/
2,Rio de Janeiro Women’s Footbal…,See Fluminense like a local at Maracanã Stadium,geo_destination_fill_same_city,approved_geo_fill_same_city,0,same_city,98,695.83289,1,1,2025-06-16,1,,,,Rio de Janeiro,Brazil,South America,,2026-04-13,427,695.83289,See Fluminense like a local at Maracanã Stadium,https://homefans.com/product/watch-fluminense-live-at-maracana-stadium/?utm_source=klaviyo&utm_medium=email&utm_campaign=post_purchase_upsell&utm_content=upsell_suggestion_2,,,high,Rio de Janeiro,Brazil,South America,,,,,,,,,,695.83289,low,https://homefans.com/product/watch-fluminense-live-at-maracana-stadium/
3,Rio de Janeiro Women’s Footbal…,"⭐ Best Rated | Flamengo Matchday at Maracanã – Tickets, Pre Match Experience & Local Host",geo_destination_fill_same_city,approved_geo_fill_same_city,0,same_city,98,308.391772,1,1,2025-06-16,1,,,,Rio de Janeiro,Brazil,South America,,2026-04-13,187,308.391772,"⭐ Best Rated | Flamengo Matchday at Maracanã – Tickets, Pre Match Experience & Local Host",https://homefans.com/product/flamengo-match-day-experience-tour/?utm_source=klaviyo&utm_medium=email&utm_campaign=post_purchase_upsell&utm_content=upsell_suggestion_3,,,high,Rio de Janeiro,Brazil,South America,,,,,,,,,,308.391772,low,https://homefans.com/product/flamengo-match-day-experience-tour/
1,São Paulo FC VIP Matchday Expe…,São Paulo FC Matchday Experience,geo_destination_fill_same_city,approved_geo_fill_same_city,0,same_city,98,111.56439,1,1,2025-10-18,1,São Paulo FC VIP Matchday Experience: Open Bar & Open Food,https://homefans.com/product/sao-paulo-fc-vip-matchday-experience-open-bar-open-food/,high,São Paulo,Brazil,South America,,2026-04-10,69,111.56439,São Paulo FC Matchday Experience,https://homefans.com/product/sao-paulo-fc-matchday-experience/?utm_source=klaviyo&utm_medium=email&utm_campaign=post_purchase_upsell&utm_content=upsell_suggestion_1,,,high,São Paulo,Brazil,South America,,,,,,,,,,111.56439,low,https://homefans.com/product/sao-paulo-fc-matchday-experience/
2,São Paulo FC VIP Matchday Expe…,Corinthians Paulista Matchday Experience with local,geo_destination_fill_same_city,approved_geo_fill_same_city,0,same_city,98,101.421921,1,1,2025-10-18,1,São Paulo FC VIP Matchday Experience: Open Bar & Open Food,https://homefans.com/product/sao-paulo-fc-vip-matchday-experience-open-bar-open-food/,high,São Paulo,Brazil,South America,,2026-04-11,63,101.421921,Corinthians Paulista Matchday Experience with local,https://homefans.com/product/sport-club-corinthians-matchday-experience/?utm_source=klaviyo&utm_medium=email&utm_campaign=post_purchase_upsell&utm_content=upsell_suggestion_2,,,high,São Paulo,Brazil,South America,,,,,,,,,,101.421921,low,https://homefans.com/product/sport-club-corinthians-matchday-experience/
3,São Paulo FC VIP Matchday Expe…,SE Palmeiras Matchday Experience with local fan,geo_destination_fill_same_city,approved_geo_fill_same_city,0,same_city,98,87.380826,1,1,2025-10-18,1,São Paulo FC VIP Matchday Experience: Open Bar & Open Food,https://homefans.com/product/sao-paulo-fc-vip-matchday-experience-open-bar-open-food/,high,São Paulo,Brazil,South America,,2026-04-13,57,87.380826,SE Palmeiras Matchday Experience with local fan,https://homefans.com/product/se-palmeiras-matchday-experience/?utm_source=klaviyo&utm_medium=email&utm_campaign=post_purchase_upsell&utm_content=upsell_suggestion_3,,,high,São Paulo,Brazil,South America,,,,,,,,,,87.380826,low,https://homefans.com/product/se-palmeiras-matchday-experience/
1,The Eternal derby: Dinamo Buch…,Bucharest Derby Matchday Experience,geo_destination_fill_same_city,approved_geo_fill_same_city,0,same_city,98,9.482192,1,1,2025-11-28,1,Dinamo Bucharest Matchday Experience – Step Into One of Romania’s Most Passionate Football Atmospheres!,https://homefans.com/product/dinamo-bucharest-matchday-experience-step-into-one-of-romanias-most-passionate-football-atmospheres/,manual,Bucharest,Romania,Europe,,2025-12-02,6,9.482192,Bucharest Derby Matchday Experience,https://homefans.com/product/bucharest-derby-matchday-experience/?utm_source=klaviyo&utm_medium=email&utm_campaign=post_purchase_upsell&utm_content=upsell_suggestion_1,,,high,Bucharest,Romania,Europe,,,,,,,,,,9.482192,low,https://homefans.com/product/bucharest-derby-matchday-experience/
2,The Eternal derby: Dinamo Buch…,Experience San Siro like a true Local: AC Milan matchday experience,geo_destination_fill_same_continent,approved_geo_fill_same_continent,3,same_continent,101,82.632875,1,1,2025-11-28,1,Dinamo Bucharest Matchday Experience – Step Into One of Romania’s Most Passionate Football Atmospheres!,https://homefans.com/product/dinamo-bucharest-matchday-experience-step-into-one-of-romanias-most-passionate-football-atmospheres/,manual,Bucharest,Romania,Europe,,2026-04-07,51,82.632875,Experience San Siro like a true Local: AC Milan matchday experience,https://homefans.com/product/experience-ac-milan-live-at-san-siro/?utm_source=klaviyo&utm_medium=email&utm_campaign=post_purchase_upsell&utm_content=upsell_suggestion_2,,,high,Milan,Italy,Europe,,,,,,,,,,82.632875,low,https://homefans.com/product/experience-ac-milan-live-at-san-siro/
3,The Eternal derby: Dinamo Buch…,SSC Napoli Matchday Experience with Maradona Tour,geo_destination_fill_same_continent,approved_geo_fill_same_continent,3,same_continent,101,71.131504,1,1,2025-11-28,1,Dinamo Bucharest Matchday Experience – Step Into One of Romania’s Most Passionate Football Atmospheres!,https://homefans.com/product/dinamo-bucharest-matchday-experience-step-into-one-of-romanias-most-passionate-football-atmospheres/,manual,Bucharest,Romania,Europe,,2026-03-25,49,71.131504,SSC Napoli Matchday Experience with Maradona Tour,https://homefans.com/product/ssc-napoli-football-and-maradona-experience/?utm_source=klaviyo&utm_medium=email&utm_campaign=post_purchase_upsell&utm_content=upsell_suggestion_3,,,high,Naples,Italy,Europe,,,,,,,,,,71.131504,low,https://homefans.com/product/ssc-napoli-football-and-maradona-experience/
1,The Fla-Flu derby: Flamengo v…,Watch Flamengo at Maracanã: Ticket + Matchday Experience with a Local!,geo_destination_fill_same_city,approved_geo_fill_same_city,0,same_city,98,689.797273,1,1,2025-06-30,1,The Fla-Flu derby: Flamengo v Fluminense at Maracanã,https://homefans.com/product/fla-x-flu-derby-special-edition/,high,Rio de Janeiro,Brazil,South America,,2026-04-12,437,689.797273,Watch Flamengo at Maracanã: Ticket + Matchday Experience with a Local!,https://homefans.com/product/flamengo-live-at-maracana-stadium/?utm_source=klaviyo&utm_medium=email&utm_campaign=post_purchase_upsell&utm_content=upsell_suggestion_1,,,high,Rio de Janeiro,Brazil,South America,,,,,,,,,,689.797273,low,https://homefans.com/product/flamengo-live-at-maracana-stadium/
2,The Fla-Flu derby: Flamengo v…,See Fluminense like a local at Maracanã Stadium,geo_destination_fill_same_city,approved_geo_fill_same_city,0,same_city,98,695.83289,1,1,2025-06-30,1,The Fla-Flu derby: Flamengo v Fluminense at Maracanã,https://homefans.com/product/fla-x-flu-derby-special-edition/,high,Rio de Janeiro,Brazil,South America,,2026-04-13,427,695.83289,See Fluminense like a local at Maracanã Stadium,https://homefans.com/product/watch-fluminense-live-at-maracana-stadium/?utm_source=klaviyo&utm_medium=email&utm_campaign=post_purchase_upsell&utm_content=upsell_suggestion_2,,,high,Rio de Janeiro,Brazil,South America,,,,,,,,,,695.83289,low,https://homefans.com/product/watch-fluminense-live-at-maracana-stadium/
3,The Fla-Flu derby: Flamengo v…,"⭐ Best Rated | Flamengo Matchday at Maracanã – Tickets, Pre Match Experience & Local Host",geo_destination_fill_same_city,approved_geo_fill_same_city,0,same_city,98,308.391772,1,1,2025-06-30,1,The Fla-Flu derby: Flamengo v Fluminense at Maracanã,https://homefans.com/product/fla-x-flu-derby-special-edition/,high,Rio de Janeiro,Brazil,South America,,2026-04-13,187,308.391772,"⭐ Best Rated | Flamengo Matchday at Maracanã – Tickets, Pre Match Experience & Local Host",https://homefans.com/product/flamengo-match-day-experience-tour/?utm_source=klaviyo&utm_medium=email&utm_campaign=post_purchase_upsell&utm_content=upsell_suggestion_3,,,high,Rio de Janeiro,Brazil,South America,,,,,,,,,,308.391772,low,https://homefans.com/product/flamengo-match-day-experience-tour/
2,The Ultimate Bilbao Groundhopp…,Athletic Bilbao Matchday Experience,geo_destination_fill_same_city,approved_geo_fill_same_city,0,same_city,98,5.408219,1,1,2026-01-22,1,The Ultimate Bilbao Groundhopping Experience: 5 Stadiums + 1 Hidden Gem,https://homefans.com/product/where-football-was-forged-a-journey-through-bilbaos-historic-grounds/,high,Bilbao,Spain,Europe,,2026-03-17,3,5.408219,Athletic Bilbao Matchday Experience,https://homefans.com/product/athletic-bilbao-matchday-experience/?utm_source=klaviyo&utm_medium=email&utm_campaign=post_purchase_upsell&utm_content=upsell_suggestion_2,,,high,Bilbao,Spain,Europe,,,,,,,,,,5.408219,low,https://homefans.com/product/athletic-bilbao-matchday-experience/
3,The Ultimate Bilbao Groundhopp…,Madrid: Real Madrid Bernabeu Stadium Tour with Tapas,geo_destination_fill_same_country,approved_geo_fill_same_country,1,same_country,99,27.079452,1,1,2026-01-22,1,The Ultimate Bilbao Groundhopping Experience: 5 Stadiums + 1 Hidden Gem,https://homefans.com/product/where-football-was-forged-a-journey-through-bilbaos-historic-grounds/,high,Bilbao,Spain,Europe,,2026-04-13,18,27.079452,Madrid: Real Madrid Bernabeu Stadium Tour with Tapas,https://homefans.com/product/madrid-real-madrid-bernabeu-stadium-tour-with-tapas/?utm_source=klaviyo&utm_medium=email&utm_campaign=post_purchase_upsell&utm_content=upsell_suggestion_3,,,high,Madrid,Spain,Europe,,,,,,,,,,27.079452,low,https://homefans.com/product/madrid-real-madrid-bernabeu-stadium-tour-with-tapas/
1,Ticket upgrade,Experience Rome Like a True Romanista: An Authentic Matchday with AS Roma,geo_destination_fill_same_city,approved_geo_fill_same_city,0,same_city,98,27.021917,1,1,2026-03-22,1,Ticket upgrade,https://homefans.com/product/ticket-upgrade-2/,high,Rome,Italy,Europe,,2026-04-12,17,27.021917,Experience Rome Like a True Romanista: An Authentic Matchday with AS Roma,https://homefans.com/product/a-s-roma-matchday-experience/?utm_source=klaviyo&utm_medium=email&utm_campaign=post_purchase_upsell&utm_content=upsell_suggestion_1,,,high,Rome,Italy,Europe,,,,,,,,,,27.021917,low,https://homefans.com/product/a-s-roma-matchday-experience/
2,Ticket upgrade,Rome Matchday: The Romanisti Experience with AS Roma,geo_destination_fill_same_city,approved_geo_fill_same_city,0,same_city,98,19.394521,1,1,2026-03-22,1,Ticket upgrade,https://homefans.com/product/ticket-upgrade-2/,high,Rome,Italy,Europe,,2026-04-13,12,19.394521,Rome Matchday: The Romanisti Experience with AS Roma,https://homefans.com/product/rome-matchday-the-romanisti-experience-with-as-roma/?utm_source=klaviyo&utm_medium=email&utm_campaign=post_purchase_upsell&utm_content=upsell_suggestion_2,,,high,Rome,Italy,Europe,,,,,,,,,,19.394521,low,https://homefans.com/product/rome-matchday-the-romanisti-experience-with-as-roma/
3,Ticket upgrade,Live the Lazio Matchday Experience with a Local Host in Rome,geo_destination_fill_same_city,approved_geo_fill_same_city,0,same_city,98,16.342465,1,1,2026-03-22,1,Ticket upgrade,https://homefans.com/product/ticket-upgrade-2/,high,Rome,Italy,Europe,,2026-02-27,11,16.342465,Live the Lazio Matchday Experience with a Local Host in Rome,https://homefans.com/product/ss-lazio-matchday-experience-2/?utm_source=klaviyo&utm_medium=email&utm_campaign=post_purchase_upsell&utm_content=upsell_suggestion_3,,,high,Rome,Italy,Europe,,,,,,,,,,16.342465,low,https://homefans.com/product/ss-lazio-matchday-experience-2/
1,Ultimate Korea: A Sports &…,Watching Baseball in Seoul & Local Dining Experience,geo_destination_fill_same_city,approved_geo_fill_same_city,0,same_city,98,1.953425,1,1,2026-03-12,1,Ultimate Korea: A Sports & Culture Experience Like No Other 🇰🇷,https://homefans.com/product/ultimate-korea-a-sports-culture-experience-like-no-other-%f0%9f%87%b0%f0%9f%87%b7/,high,Seoul,South Korea,Asia,,2026-03-27,1,1.953425,Watching Baseball in Seoul & Local Dining Experience,https://homefans.com/product/watching-baseball-in-seoul-local-dining-experience/?utm_source=klaviyo&utm_medium=email&utm_campaign=post_purchase_upsell&utm_content=upsell_suggestion_1,,,high,Seoul,South Korea,Asia,,,,,,,,,,1.953425,low,https://homefans.com/product/watching-baseball-in-seoul-local-dining-experience/
2,Ultimate Korea: A Sports &…,Live Football Match In Seoul With Pre-Game KBBQ,geo_destination_fill_same_city,approved_geo_fill_same_city,0,same_city,98,1.772603,1,1,2026-03-12,1,Ultimate Korea: A Sports & Culture Experience Like No Other 🇰🇷,https://homefans.com/product/ultimate-korea-a-sports-culture-experience-like-no-other-%f0%9f%87%b0%f0%9f%87%b7/,high,Seoul,South Korea,Asia,,2026-01-20,1,1.772603,Live Football Match In Seoul With Pre-Game KBBQ,https://homefans.com/product/live-football-match-in-seoul-with-pre-game-kbbq/?utm_source=klaviyo&utm_medium=email&utm_campaign=post_purchase_upsell&utm_content=upsell_suggestion_2,,,high,Seoul,South Korea,Asia,,,,,,,,,,1.772603,low,https://homefans.com/product/live-football-match-in-seoul-with-pre-game-kbbq/
1,Universidad de Chile Matchday…,Colo Colo Matchday Experience,geo_destination_fill_same_city,approved_geo_fill_same_city,0,same_city,98,27.786301,1,1,2026-03-04,1,Universidad de Chile Matchday Experience,https://homefans.com/product/universidad-de-chile-matchday-experience/,high,Santiago,Chile,South America,,2026-04-04,17,27.786301,Colo Colo Matchday Experience,https://homefans.com/product/colo-colo-matchday-experience/?utm_source=klaviyo&utm_medium=email&utm_campaign=post_purchase_upsell&utm_content=upsell_suggestion_1,,,high,Santiago,Chile,South America,,,,,,,,,,27.786301,low,https://homefans.com/product/colo-colo-matchday-experience/
2,Universidad de Chile Matchday…,Watch Flamengo at Maracanã: Ticket + Matchday Experience with a Local!,geo_destination_fill_same_continent,approved_geo_fill_same_continent,3,same_continent,101,689.797273,1,1,2026-03-04,1,Universidad de Chile Matchday Experience,https://homefans.com/product/universidad-de-chile-matchday-experience/,high,Santiago,Chile,South America,,2026-04-12,437,689.797273,Watch Flamengo at Maracanã: Ticket + Matchday Experience with a Local!,https://homefans.com/product/flamengo-live-at-maracana-stadium/?utm_source=klaviyo&utm_medium=email&utm_campaign=post_purchase_upsell&utm_content=upsell_suggestion_2,,,high,Rio de Janeiro,Brazil,South America,,,,,,,,,,689.797273,low,https://homefans.com/product/flamengo-live-at-maracana-stadium/
3,Universidad de Chile Matchday…,See Fluminense like a local at Maracanã Stadium,geo_destination_fill_same_continent,approved_geo_fill_same_continent,3,same_continent,101,695.83289,1,1,2026-03-04,1,Universidad de Chile Matchday Experience,https://homefans.com/product/universidad-de-chile-matchday-experience/,high,Santiago,Chile,South America,,2026-04-13,427,695.83289,See Fluminense like a local at Maracanã Stadium,https://homefans.com/product/watch-fluminense-live-at-maracana-stadium/?utm_source=klaviyo&utm_medium=email&utm_campaign=post_purchase_upsell&utm_content=upsell_suggestion_3,,,high,Rio de Janeiro,Brazil,South America,,,,,,,,,,695.83289,low,https://homefans.com/product/watch-fluminense-live-at-maracana-stadium/
1,VIP Red Star Belgrade Basketba…,The Eternal Derby: Red Star Belgrade v Partizan,geo_destination_fill_same_city,approved_geo_fill_same_city,0,same_city,98,33.663014,1,1,2026-01-11,1,VIP Red Star Belgrade Basketball Matchday Experience – EuroLeague Night,https://homefans.com/product/red-star-belgrade-basketball-matchday-experience-euroleague-night/,high,Belgrade,Serbia,Europe,,2026-01-16,22,33.663014,The Eternal Derby: Red Star Belgrade v Partizan,https://homefans.com/product/belgrade-derby/?utm_source=klaviyo&utm_medium=email&utm_campaign=post_purchase_upsell&utm_content=upsell_suggestion_1,,,high,Belgrade,Serbia,Europe,,,,,,,,,,33.663014,low,https://homefans.com/product/belgrade-derby/
2,VIP Red Star Belgrade Basketba…,Partizan Matchday Experience with Local Host,geo_destination_fill_same_city,approved_geo_fill_same_city,0,same_city,98,16.389041,1,1,2026-01-11,1,VIP Red Star Belgrade Basketball Matchday Experience – EuroLeague Night,https://homefans.com/product/red-star-belgrade-basketball-matchday-experience-euroleague-night/,high,Belgrade,Serbia,Europe,,2025-10-21,12,16.389041,Partizan Matchday Experience with Local Host,https://homefans.com/product/partizan-matchday-experience-with-local-host/?utm_source=klaviyo&utm_medium=email&utm_campaign=post_purchase_upsell&utm_content=upsell_suggestion_2,,,high,Belgrade,Serbia,Europe,,,,,,,,,,16.389041,low,https://homefans.com/product/partizan-matchday-experience-with-local-host/
3,VIP Red Star Belgrade Basketba…,Red Star Matchday Experience with a local,geo_destination_fill_same_city,approved_geo_fill_same_city,0,same_city,98,15.715069,1,1,2026-01-11,1,VIP Red Star Belgrade Basketball Matchday Experience – EuroLeague Night,https://homefans.com/product/red-star-belgrade-basketball-matchday-experience-euroleague-night/,high,Belgrade,Serbia,Europe,,2026-04-10,10,15.715069,Red Star Matchday Experience with a local,https://homefans.com/product/red-star-matchday-experience/?utm_source=klaviyo&utm_medium=email&utm_campaign=post_purchase_upsell&utm_content=upsell_suggestion_3,,,high,Belgrade,Serbia,Europe,,,,,,,,,,15.715069,low,https://homefans.com/product/red-star-matchday-experience/
1,Velez Sarsfield Football Match…,Boca Juniors Matchday Like a Local at La Bombonera – Long Side Seats with Transport,geo_destination_fill_same_city,approved_geo_fill_same_city,0,same_city,98,297.326031,1,1,2025-09-21,1,Velez Sarsfield Football Match Experience,https://homefans.com/product/velez-sarsfield-football-match-experience/,high,Buenos Aires,Argentina,South America,,2026-04-13,185,297.326031,Boca Juniors Matchday Like a Local at La Bombonera – Long Side Seats with Transport,https://homefans.com/product/boca-juniors-matchday-experience-4/?utm_source=klaviyo&utm_medium=email&utm_campaign=post_purchase_upsell&utm_content=upsell_suggestion_1,,,high,Buenos Aires,Argentina,South America,,,,,,,,,,297.326031,low,https://homefans.com/product/boca-juniors-matchday-experience-4/
2,Velez Sarsfield Football Match…,Experience River Plate Matchday like a local at El Monumental – Shortside Seats,geo_destination_fill_same_city,approved_geo_fill_same_city,0,same_city,98,200.791785,1,1,2025-09-21,1,Velez Sarsfield Football Match Experience,https://homefans.com/product/velez-sarsfield-football-match-experience/,high,Buenos Aires,Argentina,South America,,2026-04-13,128,200.791785,Experience River Plate Matchday like a local at El Monumental – Shortside Seats,https://homefans.com/product/river-plate-matchday-experience/?utm_source=klaviyo&utm_medium=email&utm_campaign=post_purchase_upsell&utm_content=upsell_suggestion_2,,,high,Buenos Aires,Argentina,South America,,,,,,,,,,200.791785,low,https://homefans.com/product/river-plate-matchday-experience/
3,Velez Sarsfield Football Match…,Boca Juniors Popular Matchday Experience (Standing Section),geo_destination_fill_same_city,approved_geo_fill_same_city,0,same_city,98,137.657534,1,1,2025-09-21,1,Velez Sarsfield Football Match Experience,https://homefans.com/product/velez-sarsfield-football-match-experience/,high,Buenos Aires,Argentina,South America,,2026-04-05,86,137.657534,Boca Juniors Popular Matchday Experience (Standing Section),https://homefans.com/product/boca-juniors-matchday-experience/?utm_source=klaviyo&utm_medium=email&utm_campaign=post_purchase_upsell&utm_content=upsell_suggestion_3,,,high,Buenos Aires,Argentina,South America,,,,,,,,,,137.657534,low,https://homefans.com/product/boca-juniors-matchday-experience/
1,Watching Baseball in Seoul & L…,Ultimate Korea: A Sports & Culture Experience Like No Other 🇰🇷,geo_destination_fill_same_city,approved_geo_fill_same_city,0,same_city,98,1.912329,1,1,2026-03-27,1,Watching Baseball in Seoul & Local Dining Experience,https://homefans.com/product/watching-baseball-in-seoul-local-dining-experience/,high,Seoul,South Korea,Asia,,2026-03-12,1,1.912329,Ultimate Korea: A Sports & Culture Experience Like No Other 🇰🇷,https://homefans.com/product/ultimate-korea-a-sports-culture-experience-like-no-other-%f0%9f%87%b0%f0%9f%87%b7/?utm_source=klaviyo&utm_medium=email&utm_campaign=post_purchase_upsell&utm_content=upsell_suggestion_1,,,high,Seoul,South Korea,Asia,,,,,,,,,,1.912329,low,https://homefans.com/product/ultimate-korea-a-sports-culture-experience-like-no-other-%f0%9f%87%b0%f0%9f%87%b7/
2,Watching Baseball in Seoul & L…,Live Football Match In Seoul With Pre-Game KBBQ,geo_destination_fill_same_city,approved_geo_fill_same_city,0,same_city,98,1.772603,1,1,2026-03-27,1,Watching Baseball in Seoul & Local Dining Experience,https://homefans.com/product/watching-baseball-in-seoul-local-dining-experience/,high,Seoul,South Korea,Asia,,2026-01-20,1,1.772603,Live Football Match In Seoul With Pre-Game KBBQ,https://homefans.com/product/live-football-match-in-seoul-with-pre-game-kbbq/?utm_source=klaviyo&utm_medium=email&utm_campaign=post_purchase_upsell&utm_content=upsell_suggestion_2,,,high,Seoul,South Korea,Asia,,,,,,,,,,1.772603,low,https://homefans.com/product/live-football-match-in-seoul-with-pre-game-kbbq/
